{
"type": "FeatureCollection",
"name": "costa_chile",
"crs": { "type": "name", "properties": { "name": "urn:ogc:def:crs:OGC:1.3:CRS84" } },
"features": [
{ "type": "Feature", "properties": { "featurecla": "Coastline", "scalerank": 0, "min_zoom": 0.0 }, "geometry": { "type": "LineString", "coordinates": [ [ -56.668324, -36.736423 ], [ -56.664866, -36.851007 ], [ -56.668853, -36.89422 ], [ -56.686431, -36.927667 ], [ -56.790273, -37.038344 ], [ -56.888661, -37.162042 ], [ -57.019276, -37.347589 ], [ -57.055898, -37.412693 ], [ -57.165761, -37.535577 ], [ -57.200836, -37.567315 ], [ -57.309153, -37.64544 ], [ -57.348744, -37.6985 ], [ -57.360666, -37.707615 ], [ -57.376943, -37.714614 ], [ -57.457875, -37.795017 ], [ -57.487416, -37.832208 ], [ -57.511871, -37.872328 ], [ -57.528879, -37.91367 ], [ -57.538197, -37.955336 ], [ -57.54186, -37.998956 ], [ -57.54011, -38.005141 ], [ -57.531484, -38.016697 ], [ -57.528879, -38.023533 ], [ -57.529408, -38.029718 ], [ -57.534413, -38.039321 ], [ -57.535715, -38.043227 ], [ -57.532786, -38.072524 ], [ -57.535715, -38.084242 ], [ -57.55842, -38.120864 ], [ -57.593577, -38.152765 ], [ -57.686391, -38.204767 ], [ -57.790273, -38.252211 ], [ -57.861887, -38.294122 ], [ -58.018707, -38.367934 ], [ -58.052724, -38.372817 ], [ -58.06607, -38.378188 ], [ -58.117909, -38.413263 ], [ -58.15567, -38.430108 ], [ -58.275502, -38.46852 ], [ -58.312611, -38.486423 ], [ -58.330963, -38.492771 ], [ -58.419504, -38.504164 ], [ -58.493642, -38.524347 ], [ -58.567006, -38.558852 ], [ -58.729237, -38.588474 ], [ -58.940297, -38.646091 ], [ -58.997141, -38.676039 ], [ -59.02831, -38.681817 ], [ -59.063222, -38.69378 ], [ -59.347808, -38.738783 ], [ -59.632395, -38.783787 ], [ -59.796864, -38.838474 ], [ -59.819203, -38.840753 ], [ -59.889312, -38.838474 ], [ -60.344879, -38.906671 ], [ -60.50357, -38.927667 ], [ -60.659088, -38.943048 ], [ -60.865712, -38.975681 ], [ -60.978261, -38.974379 ], [ -61.003041, -38.969008 ], [ -61.016469, -38.968194 ], [ -61.028554, -38.969985 ], [ -61.03718, -38.974054 ], [ -61.050649, -38.982517 ], [ -61.143381, -39.001072 ], [ -61.337758, -38.981378 ], [ -61.428049, -38.982517 ], [ -61.493072, -38.9992 ], [ -61.503082, -39.006036 ], [ -61.518056, -39.011489 ], [ -61.67516, -38.99391 ], [ -61.688588, -38.984552 ], [ -61.706532, -38.980401 ], [ -61.716705, -38.970961 ], [ -61.722808, -38.968194 ], [ -61.731109, -38.968357 ], [ -61.738026, -38.97088 ], [ -61.744008, -38.973891 ], [ -61.749501, -38.975681 ], [ -61.790517, -38.982517 ], [ -61.839019, -38.98089 ], [ -62.026723, -38.937595 ], [ -62.064036, -38.922947 ], [ -62.09317, -38.901951 ], [ -62.113271, -38.872654 ], [ -62.130035, -38.836602 ], [ -62.142934, -38.818292 ], [ -62.157338, -38.810479 ], [ -62.318715, -38.800551 ], [ -62.335439, -38.79339 ], [ -62.358469, -38.787286 ], [ -62.37975, -38.798435 ], [ -62.390207, -38.814711 ], [ -62.380198, -38.824151 ], [ -62.386342, -38.845147 ], [ -62.368072, -38.882745 ], [ -62.373931, -38.899998 ], [ -62.360178, -38.890395 ], [ -62.346506, -38.889907 ], [ -62.336008, -38.896905 ], [ -62.331776, -38.910089 ], [ -62.334462, -38.947361 ], [ -62.331776, -38.954522 ], [ -62.320465, -38.960707 ], [ -62.306508, -38.960138 ], [ -62.274037, -38.954522 ], [ -62.274403, -38.959649 ], [ -62.281077, -38.972345 ], [ -62.28661, -38.988051 ], [ -62.283925, -39.002211 ], [ -62.308502, -39.012628 ], [ -62.318512, -39.022068 ], [ -62.331776, -39.05755 ], [ -62.342356, -39.078546 ], [ -62.3485, -39.087579 ], [ -62.355946, -39.095392 ], [ -62.357818, -39.102227 ], [ -62.35204, -39.109796 ], [ -62.343984, -39.117934 ], [ -62.339182, -39.126397 ], [ -62.340199, -39.144627 ], [ -62.345082, -39.160089 ], [ -62.347035, -39.175714 ], [ -62.339182, -39.194106 ], [ -62.321685, -39.210545 ], [ -62.276967, -39.237563 ], [ -62.257232, -39.255548 ], [ -62.272572, -39.255304 ], [ -62.284901, -39.252537 ], [ -62.311269, -39.241876 ], [ -62.325592, -39.254653 ], [ -62.316396, -39.265232 ], [ -62.294342, -39.272719 ], [ -62.270334, -39.276625 ], [ -62.192372, -39.278741 ], [ -62.167877, -39.28338 ], [ -62.089019, -39.314223 ], [ -62.04662, -39.338637 ], [ -62.023915, -39.364841 ], [ -62.023101, -39.377048 ], [ -62.02717, -39.38893 ], [ -62.034657, -39.399347 ], [ -62.044423, -39.406915 ], [ -62.056996, -39.411554 ], [ -62.065053, -39.409438 ], [ -62.07136, -39.404474 ], [ -62.078481, -39.400079 ], [ -62.098541, -39.39186 ], [ -62.155995, -39.352146 ], [ -62.174672, -39.331231 ], [ -62.178375, -39.32586 ], [ -62.183827, -39.315118 ], [ -62.188344, -39.310724 ], [ -62.196156, -39.307387 ], [ -62.200592, -39.308364 ], [ -62.204091, -39.310479 ], [ -62.208852, -39.310724 ], [ -62.227854, -39.307224 ], [ -62.283925, -39.310724 ], [ -62.281728, -39.31992 ], [ -62.278188, -39.329685 ], [ -62.272532, -39.338637 ], [ -62.26415, -39.345473 ], [ -62.253489, -39.346612 ], [ -62.239858, -39.345147 ], [ -62.228139, -39.346368 ], [ -62.223134, -39.355564 ], [ -62.214833, -39.376153 ], [ -62.195424, -39.397149 ], [ -62.154205, -39.427423 ], [ -62.135569, -39.435724 ], [ -62.086415, -39.445896 ], [ -62.061431, -39.447361 ], [ -62.055776, -39.451918 ], [ -62.052602, -39.461684 ], [ -62.050608, -39.474705 ], [ -62.055084, -39.485528 ], [ -62.066884, -39.494399 ], [ -62.072336, -39.503188 ], [ -62.075063, -39.5735 ], [ -62.082183, -39.584568 ], [ -62.086659, -39.595961 ], [ -62.111684, -39.732517 ], [ -62.114369, -39.821466 ], [ -62.119456, -39.838311 ], [ -62.125356, -39.83766 ], [ -62.160471, -39.854425 ], [ -62.164174, -39.858819 ], [ -62.239573, -39.848728 ], [ -62.261627, -39.838556 ], [ -62.305043, -39.81113 ], [ -62.308746, -39.821873 ], [ -62.304555, -39.832208 ], [ -62.283925, -39.852634 ], [ -62.308665, -39.861505 ], [ -62.314565, -39.869399 ], [ -62.312123, -39.88242 ], [ -62.311269, -39.907322 ], [ -62.315419, -39.924493 ], [ -62.328847, -39.960219 ], [ -62.335601, -39.994317 ], [ -62.355051, -40.035903 ], [ -62.363108, -40.044366 ], [ -62.366322, -40.054132 ], [ -62.339182, -40.112726 ], [ -62.340403, -40.133722 ], [ -62.355824, -40.175388 ], [ -62.35969, -40.191827 ], [ -62.368723, -40.211196 ], [ -62.390126, -40.221775 ], [ -62.415028, -40.228448 ], [ -62.434804, -40.236261 ], [ -62.451772, -40.249607 ], [ -62.469797, -40.267348 ], [ -62.484202, -40.28753 ], [ -62.490061, -40.307875 ], [ -62.485463, -40.322198 ], [ -62.455922, -40.365899 ], [ -62.440663, -40.424981 ], [ -62.43163, -40.434259 ], [ -62.431467, -40.438572 ], [ -62.414906, -40.462091 ], [ -62.405263, -40.46795 ], [ -62.373931, -40.475763 ], [ -62.34024, -40.493341 ], [ -62.328684, -40.49627 ], [ -62.325103, -40.501642 ], [ -62.326039, -40.525079 ], [ -62.322133, -40.53045 ], [ -62.308095, -40.539158 ], [ -62.296864, -40.555271 ], [ -62.283681, -40.564386 ], [ -62.26415, -40.551528 ], [ -62.250478, -40.596775 ], [ -62.25064, -40.622247 ], [ -62.267201, -40.633477 ], [ -62.315012, -40.626642 ], [ -62.320139, -40.622735 ], [ -62.335357, -40.604669 ], [ -62.346018, -40.599298 ], [ -62.346913, -40.608575 ], [ -62.345367, -40.616469 ], [ -62.341624, -40.623305 ], [ -62.335439, -40.63006 ], [ -62.328847, -40.640558 ], [ -62.330556, -40.648696 ], [ -62.335683, -40.653497 ], [ -62.339182, -40.653985 ], [ -62.329742, -40.669122 ], [ -62.322377, -40.672947 ], [ -62.244252, -40.636977 ], [ -62.213531, -40.628025 ], [ -62.181549, -40.626642 ], [ -62.193349, -40.637872 ], [ -62.229237, -40.658624 ], [ -62.236806, -40.671319 ], [ -62.238881, -40.686293 ], [ -62.247792, -40.716485 ], [ -62.249827, -40.733087 ], [ -62.254262, -40.746352 ], [ -62.283925, -40.791681 ], [ -62.311269, -40.845798 ], [ -62.337799, -40.872735 ], [ -62.48644, -40.93255 ], [ -62.60676, -40.989841 ], [ -62.674469, -41.011 ], [ -62.691762, -41.02044 ], [ -62.710072, -41.033787 ], [ -62.7294, -41.041111 ], [ -62.751332, -41.044203 ], [ -62.777415, -41.045017 ], [ -62.801625, -41.041681 ], [ -62.810943, -41.044041 ], [ -62.822743, -41.054864 ], [ -62.848866, -41.071873 ], [ -62.86384, -41.085138 ], [ -62.935129, -41.099705 ], [ -63.053578, -41.147149 ], [ -63.099517, -41.15488 ], [ -63.317006, -41.148045 ], [ -63.360463, -41.15838 ], [ -63.384145, -41.161065 ], [ -63.479482, -41.154229 ], [ -63.621816, -41.160903 ], [ -63.779408, -41.158787 ], [ -63.824208, -41.150811 ], [ -63.866689, -41.133722 ], [ -63.966868, -41.060235 ], [ -64.011342, -41.045017 ], [ -64.052887, -41.045994 ], [ -64.062856, -41.041274 ], [ -64.065419, -41.031427 ], [ -64.06135, -41.021417 ], [ -64.052317, -41.007094 ], [ -64.062123, -40.999444 ], [ -64.085317, -41.004083 ], [ -64.112538, -41.012791 ], [ -64.134267, -41.017022 ], [ -64.174306, -41.008966 ], [ -64.417104, -40.91074 ], [ -64.552073, -40.882908 ], [ -64.644765, -40.846449 ], [ -64.734934, -40.830336 ], [ -64.783315, -40.827407 ], [ -64.853261, -40.83294 ], [ -64.885406, -40.830987 ], [ -64.911204, -40.823826 ], [ -64.911977, -40.80877 ], [ -64.893625, -40.798435 ], [ -64.867991, -40.792169 ], [ -64.849924, -40.795099 ], [ -64.854237, -40.812188 ], [ -64.847279, -40.811619 ], [ -64.839467, -40.809259 ], [ -64.833811, -40.806736 ], [ -64.833119, -40.805352 ], [ -64.77302, -40.806085 ], [ -64.755198, -40.804295 ], [ -64.744985, -40.797296 ], [ -64.75357, -40.776544 ], [ -64.783111, -40.767999 ], [ -64.800282, -40.758884 ], [ -64.771637, -40.736505 ], [ -64.796213, -40.723321 ], [ -64.890452, -40.705987 ], [ -64.946523, -40.711358 ], [ -64.981842, -40.723321 ], [ -64.991363, -40.729669 ], [ -64.973297, -40.731541 ], [ -64.940663, -40.724867 ], [ -64.922475, -40.729669 ], [ -64.936391, -40.744724 ], [ -64.932362, -40.753513 ], [ -64.919993, -40.760431 ], [ -64.908844, -40.770115 ], [ -65.010854, -40.767267 ], [ -65.028635, -40.773696 ], [ -65.042063, -40.784845 ], [ -65.121938, -40.833673 ], [ -65.131703, -40.84238 ], [ -65.135325, -40.851658 ], [ -65.134389, -40.873712 ], [ -65.138173, -40.882989 ], [ -65.152455, -40.901625 ], [ -65.163686, -40.923028 ], [ -65.17162, -40.945896 ], [ -65.175689, -40.969171 ], [ -65.17512, -41.010186 ], [ -65.146799, -41.180597 ], [ -65.106842, -41.298761 ], [ -65.104888, -41.329767 ], [ -65.079701, -41.386326 ], [ -65.073354, -41.417657 ], [ -65.061187, -41.448419 ], [ -65.006256, -41.493422 ], [ -64.991363, -41.524102 ], [ -64.993276, -41.552992 ], [ -65.001861, -41.586521 ], [ -65.014556, -41.61712 ], [ -65.028635, -41.637384 ], [ -65.037221, -41.665134 ], [ -65.026763, -41.700942 ], [ -64.998199, -41.757501 ], [ -64.999908, -41.79339 ], [ -65.01769, -41.836358 ], [ -65.059682, -41.90838 ], [ -65.074534, -41.950942 ], [ -65.069569, -41.985772 ], [ -65.054596, -42.010675 ], [ -65.004994, -42.093194 ], [ -64.972401, -42.126886 ], [ -64.935455, -42.153904 ], [ -64.857289, -42.193617 ], [ -64.843984, -42.195733 ], [ -64.822336, -42.194594 ], [ -64.811147, -42.195408 ], [ -64.803049, -42.199151 ], [ -64.78661, -42.209649 ], [ -64.762603, -42.219415 ], [ -64.737294, -42.226658 ], [ -64.71703, -42.229913 ], [ -64.666737, -42.230157 ], [ -64.644154, -42.234633 ], [ -64.624257, -42.247491 ], [ -64.602895, -42.258233 ], [ -64.579457, -42.255955 ], [ -64.555287, -42.248468 ], [ -64.531484, -42.244236 ], [ -64.503977, -42.245538 ], [ -64.490631, -42.24863 ], [ -64.480865, -42.254653 ], [ -64.466664, -42.268487 ], [ -64.464223, -42.275323 ], [ -64.491119, -42.284275 ], [ -64.510894, -42.298761 ], [ -64.587473, -42.38128 ], [ -64.594146, -42.391534 ], [ -64.602284, -42.422052 ], [ -64.59553, -42.430597 ], [ -64.566274, -42.435968 ], [ -64.485748, -42.431248 ], [ -64.445058, -42.44671 ], [ -64.410634, -42.446222 ], [ -64.376088, -42.441583 ], [ -64.353912, -42.435968 ], [ -64.33141, -42.427016 ], [ -64.315541, -42.423028 ], [ -64.127553, -42.432712 ], [ -64.103586, -42.42783 ], [ -64.093251, -42.411716 ], [ -64.088287, -42.409356 ], [ -64.059722, -42.388116 ], [ -64.053212, -42.378595 ], [ -64.051584, -42.372247 ], [ -64.052317, -42.354099 ], [ -64.053212, -42.348728 ], [ -64.058502, -42.343438 ], [ -64.059722, -42.336602 ], [ -64.057525, -42.333754 ], [ -64.052602, -42.331801 ], [ -64.047719, -42.32879 ], [ -64.045481, -42.322686 ], [ -64.047719, -42.310805 ], [ -64.057525, -42.291274 ], [ -64.059722, -42.281671 ], [ -64.06843, -42.269627 ], [ -64.089019, -42.262791 ], [ -64.134267, -42.258396 ], [ -64.242909, -42.262302 ], [ -64.29662, -42.257582 ], [ -64.339711, -42.2374 ], [ -64.306549, -42.224216 ], [ -64.16218, -42.209405 ], [ -64.038987, -42.157542 ], [ -63.95787, -42.113489 ], [ -63.870915, -42.083713 ], [ -63.80996, -42.070174 ], [ -63.768648, -42.077723 ], [ -63.732249, -42.105239 ], [ -63.709625, -42.134373 ], [ -63.678944, -42.194594 ], [ -63.674916, -42.212823 ], [ -63.668324, -42.228611 ], [ -63.65274, -42.241876 ], [ -63.620269, -42.26393 ], [ -63.597971, -42.299981 ], [ -63.590484, -42.341241 ], [ -63.597507, -42.441633 ], [ -63.579335, -42.59295 ], [ -63.592112, -42.633477 ], [ -63.617014, -42.674737 ], [ -63.63329, -42.714614 ], [ -63.620269, -42.751235 ], [ -63.671498, -42.802179 ], [ -63.736643, -42.824802 ], [ -63.941965, -42.859633 ], [ -64.004872, -42.859633 ], [ -64.025624, -42.862237 ], [ -64.069997, -42.878603 ], [ -64.1079, -42.883722 ], [ -64.138539, -42.866957 ], [ -64.16218, -42.846856 ], [ -64.195424, -42.808364 ], [ -64.213979, -42.792169 ], [ -64.233876, -42.785414 ], [ -64.251332, -42.775079 ], [ -64.250966, -42.75213 ], [ -64.242909, -42.728611 ], [ -64.237294, -42.716485 ], [ -64.218617, -42.655938 ], [ -64.206858, -42.648207 ], [ -64.195668, -42.64422 ], [ -64.202382, -42.635431 ], [ -64.224233, -42.620864 ], [ -64.228993, -42.618585 ], [ -64.244049, -42.613458 ], [ -64.249094, -42.609796 ], [ -64.253529, -42.603123 ], [ -64.257721, -42.600356 ], [ -64.294423, -42.585707 ], [ -64.307362, -42.574395 ], [ -64.312367, -42.555759 ], [ -64.322621, -42.542413 ], [ -64.345937, -42.530938 ], [ -64.388051, -42.517267 ], [ -64.437734, -42.506931 ], [ -64.542226, -42.50628 ], [ -64.614858, -42.515313 ], [ -64.639638, -42.521742 ], [ -64.662953, -42.530694 ], [ -64.688344, -42.547133 ], [ -64.723256, -42.552667 ], [ -64.734731, -42.557875 ], [ -64.742299, -42.563084 ], [ -64.786244, -42.608331 ], [ -64.804026, -42.621515 ], [ -64.82315, -42.62713 ], [ -64.873118, -42.630955 ], [ -64.922475, -42.641371 ], [ -64.946034, -42.654229 ], [ -64.958363, -42.669366 ], [ -64.967275, -42.686782 ], [ -64.980824, -42.706231 ], [ -65.012196, -42.731866 ], [ -65.01891, -42.74684 ], [ -65.011871, -42.771091 ], [ -64.997141, -42.784845 ], [ -64.956776, -42.792576 ], [ -64.924469, -42.811293 ], [ -64.860463, -42.826349 ], [ -64.737904, -42.871026 ], [ -64.70401, -42.888442 ], [ -64.665395, -42.915216 ], [ -64.645497, -42.925388 ], [ -64.613759, -42.931329 ], [ -64.590688, -42.940525 ], [ -64.579905, -42.943048 ], [ -64.564809, -42.942804 ], [ -64.538686, -42.937433 ], [ -64.513051, -42.936293 ], [ -64.503163, -42.93727 ], [ -64.494862, -42.940362 ], [ -64.4794, -42.953383 ], [ -64.461578, -42.961196 ], [ -64.453236, -42.967218 ], [ -64.433461, -42.976332 ], [ -64.408111, -42.97617 ], [ -64.328277, -42.951837 ], [ -64.315785, -42.950453 ], [ -64.315053, -42.954848 ], [ -64.302113, -42.98089 ], [ -64.306711, -42.993585 ], [ -64.328196, -43.009861 ], [ -64.447581, -43.068617 ], [ -64.565297, -43.104099 ], [ -64.765248, -43.147393 ], [ -64.943918, -43.239435 ], [ -64.975413, -43.269464 ], [ -64.994985, -43.28338 ], [ -65.015289, -43.294122 ], [ -65.032338, -43.299412 ], [ -65.043365, -43.321547 ], [ -65.042144, -43.339451 ], [ -65.036041, -43.356703 ], [ -65.032338, -43.378106 ], [ -65.039052, -43.395603 ], [ -65.055043, -43.406834 ], [ -65.074127, -43.415704 ], [ -65.155263, -43.478123 ], [ -65.192698, -43.529718 ], [ -65.209828, -43.546319 ], [ -65.263539, -43.581801 ], [ -65.27538, -43.587335 ], [ -65.313547, -43.638279 ], [ -65.316762, -43.64837 ], [ -65.3308, -43.663344 ], [ -65.334055, -43.672621 ], [ -65.332387, -43.730727 ], [ -65.32726, -43.74627 ], [ -65.30606, -43.779067 ], [ -65.311879, -43.79225 ], [ -65.317372, -43.813084 ], [ -65.318227, -43.832208 ], [ -65.309804, -43.84059 ], [ -65.296498, -43.848077 ], [ -65.288401, -43.865167 ], [ -65.282379, -43.884535 ], [ -65.27538, -43.898614 ], [ -65.270985, -43.912774 ], [ -65.275543, -43.951104 ], [ -65.271962, -43.964044 ], [ -65.258127, -43.967543 ], [ -65.239329, -43.963311 ], [ -65.22861, -43.975253 ], [ -65.251859, -43.988134 ], [ -65.242785, -44.010846 ], [ -65.241977, -44.027267 ], [ -65.222374, -44.036896 ], [ -65.186708, -44.035539 ], [ -65.211487, -44.050429 ], [ -65.232083, -44.067435 ], [ -65.237864, -44.084161 ], [ -65.236167, -44.09911 ], [ -65.233868, -44.113498 ], [ -65.22124, -44.118869 ], [ -65.214817, -44.137435 ], [ -65.230747, -44.143263 ], [ -65.262322, -44.147756 ], [ -65.282567, -44.154517 ], [ -65.298766, -44.166479 ], [ -65.308708, -44.200085 ], [ -65.306828, -44.224712 ], [ -65.304724, -44.240089 ], [ -65.29153, -44.254899 ], [ -65.284614, -44.262079 ], [ -65.276519, -44.265558 ], [ -65.267985, -44.27227 ], [ -65.271962, -44.282403 ], [ -65.26871, -44.291016 ], [ -65.265866, -44.30141 ], [ -65.252339, -44.307321 ], [ -65.256563, -44.314744 ], [ -65.258204, -44.323158 ], [ -65.246195, -44.334667 ], [ -65.229116, -44.334072 ], [ -65.221412, -44.338449 ], [ -65.221085, -44.355997 ], [ -65.216885, -44.36641 ], [ -65.228852, -44.370401 ], [ -65.234435, -44.379214 ], [ -65.235383, -44.386704 ], [ -65.2479, -44.387865 ], [ -65.259741, -44.38857 ], [ -65.265914, -44.395012 ], [ -65.270284, -44.405716 ], [ -65.279516, -44.406941 ], [ -65.285657, -44.412416 ], [ -65.279271, -44.416764 ], [ -65.278822, -44.421934 ], [ -65.287437, -44.424112 ], [ -65.289498, -44.426418 ], [ -65.282399, -44.429373 ], [ -65.285809, -44.43259 ], [ -65.296915, -44.431433 ], [ -65.304571, -44.42612 ], [ -65.309908, -44.42836 ], [ -65.311447, -44.433959 ], [ -65.305777, -44.439702 ], [ -65.309268, -44.444793 ], [ -65.315917, -44.447005 ], [ -65.320703, -44.451599 ], [ -65.328664, -44.453785 ], [ -65.33159, -44.46076 ], [ -65.326497, -44.464146 ], [ -65.315414, -44.465777 ], [ -65.311687, -44.471015 ], [ -65.314186, -44.476455 ], [ -65.319032, -44.482457 ], [ -65.321906, -44.488498 ], [ -65.313587, -44.494293 ], [ -65.307597, -44.492538 ], [ -65.300986, -44.491734 ], [ -65.296292, -44.489483 ], [ -65.282601, -44.492576 ], [ -65.282825, -44.498202 ], [ -65.288289, -44.503254 ], [ -65.28718, -44.508438 ], [ -65.28006, -44.511397 ], [ -65.279278, -44.516263 ], [ -65.289902, -44.518396 ], [ -65.302972, -44.515784 ], [ -65.309029, -44.518947 ], [ -65.312511, -44.52357 ], [ -65.314771, -44.530566 ], [ -65.320135, -44.532804 ], [ -65.323838, -44.526626 ], [ -65.320783, -44.51636 ], [ -65.32571, -44.508278 ], [ -65.337474, -44.507094 ], [ -65.348673, -44.509204 ], [ -65.3528, -44.514744 ], [ -65.358693, -44.515087 ], [ -65.365151, -44.513073 ], [ -65.373102, -44.516183 ], [ -65.374597, -44.521306 ], [ -65.369496, -44.529555 ], [ -65.36148, -44.533868 ], [ -65.361225, -44.540394 ], [ -65.369907, -44.543497 ], [ -65.380887, -44.541367 ], [ -65.388318, -44.545436 ], [ -65.393308, -44.551922 ], [ -65.390563, -44.560939 ], [ -65.38027, -44.567258 ], [ -65.371697, -44.567435 ], [ -65.365504, -44.572988 ], [ -65.356328, -44.574118 ], [ -65.358553, -44.580172 ], [ -65.368679, -44.586062 ], [ -65.373926, -44.585483 ], [ -65.375513, -44.576064 ], [ -65.382772, -44.576381 ], [ -65.388214, -44.58049 ], [ -65.39176, -44.586516 ], [ -65.394708, -44.593964 ], [ -65.400437, -44.589149 ], [ -65.4082, -44.585699 ], [ -65.410439, -44.576266 ], [ -65.416901, -44.573311 ], [ -65.420929, -44.575102 ], [ -65.424157, -44.573624 ], [ -65.429256, -44.569757 ], [ -65.43797, -44.573324 ], [ -65.449933, -44.57588 ], [ -65.461812, -44.576558 ], [ -65.465365, -44.582581 ], [ -65.465741, -44.591024 ], [ -65.460915, -44.600993 ], [ -65.475379, -44.600208 ], [ -65.479565, -44.605284 ], [ -65.499954, -44.604364 ], [ -65.542739, -44.619593 ], [ -65.578296, -44.647885 ], [ -65.598515, -44.642744 ], [ -65.643208, -44.668 ], [ -65.660471, -44.683038 ], [ -65.670968, -44.697386 ], [ -65.679252, -44.70517 ], [ -65.685539, -44.71253 ], [ -65.695831, -44.73481 ], [ -65.693174, -44.76256 ], [ -65.695229, -44.777999 ], [ -65.699879, -44.792438 ], [ -65.704264, -44.801252 ], [ -65.717604, -44.804209 ], [ -65.7271, -44.809605 ], [ -65.726779, -44.830265 ], [ -65.718454, -44.835639 ], [ -65.724534, -44.838762 ], [ -65.728255, -44.847582 ], [ -65.715443, -44.869963 ], [ -65.697776, -44.874152 ], [ -65.685825, -44.873498 ], [ -65.682051, -44.877807 ], [ -65.674133, -44.878461 ], [ -65.669723, -44.883262 ], [ -65.664727, -44.889932 ], [ -65.648142, -44.88938 ], [ -65.648164, -44.889847 ], [ -65.634013, -44.884558 ], [ -65.617521, -44.888432 ], [ -65.59813, -44.89922 ], [ -65.572916, -44.895829 ], [ -65.55295, -44.911024 ], [ -65.535262, -44.915635 ], [ -65.5214, -44.931898 ], [ -65.534088, -44.933968 ], [ -65.547856, -44.945395 ], [ -65.560009, -44.950287 ], [ -65.56494, -44.956748 ], [ -65.573783, -44.961713 ], [ -65.586881, -44.958138 ], [ -65.595189, -44.965928 ], [ -65.605436, -44.972741 ], [ -65.600007, -44.984592 ], [ -65.587828, -44.993778 ], [ -65.583809, -45.007472 ], [ -65.600899, -45.004273 ], [ -65.611913, -44.998867 ], [ -65.622232, -45.007071 ], [ -65.617224, -45.013281 ], [ -65.602643, -45.027687 ], [ -65.64338, -45.047392 ], [ -65.664414, -45.042682 ], [ -65.685056, -45.044538 ], [ -65.690619, -45.062721 ], [ -65.734614, -45.035336 ], [ -65.751375, -45.023646 ], [ -65.78595, -45.027132 ], [ -65.803186, -45.027571 ], [ -65.817397, -45.04029 ], [ -65.830687, -45.034744 ], [ -65.828573, -45.016527 ], [ -65.841592, -45.003216 ], [ -65.856419, -45.004583 ], [ -65.872371, -45.003322 ], [ -65.889807, -45.008085 ], [ -65.890691, -45.026315 ], [ -65.887659, -45.039444 ], [ -65.908598, -45.038927 ], [ -65.936238, -45.048684 ], [ -65.96422, -45.041877 ], [ -65.985354, -45.022186 ], [ -66.016357, -45.003107 ], [ -66.044709, -45.004093 ], [ -66.110308, -44.988412 ], [ -66.168574, -44.996397 ], [ -66.200367, -44.992919 ], [ -66.22134, -45.015815 ], [ -66.259585, -45.039096 ], [ -66.281579, -45.057603 ], [ -66.300695, -45.047486 ], [ -66.315293, -45.044454 ], [ -66.336188, -45.043846 ], [ -66.349707, -45.04345 ], [ -66.367171, -45.047286 ], [ -66.372551, -45.054956 ], [ -66.393349, -45.052597 ], [ -66.40407, -45.063627 ], [ -66.46772, -45.077016 ], [ -66.49659, -45.088382 ], [ -66.523873, -45.108972 ], [ -66.525301, -45.13188 ], [ -66.476051, -45.142571 ], [ -66.454758, -45.149341 ], [ -66.473302, -45.168674 ], [ -66.571422, -45.14117 ], [ -66.587799, -45.139337 ], [ -66.588214, -45.166662 ], [ -66.543102, -45.174187 ], [ -66.522573, -45.193185 ], [ -66.523997, -45.216097 ], [ -66.560859, -45.214958 ], [ -66.669515, -45.21459 ], [ -66.785768, -45.229183 ], [ -66.868921, -45.235597 ], [ -66.929266, -45.256534 ], [ -66.961214, -45.276887 ], [ -67.009267, -45.303888 ], [ -67.064795, -45.349949 ], [ -67.09638, -45.391804 ], [ -67.133975, -45.425778 ], [ -67.167351, -45.461436 ], [ -67.201329, -45.50175 ], [ -67.223329, -45.528678 ], [ -67.269805, -45.560826 ], [ -67.293691, -45.589939 ], [ -67.307769, -45.601495 ], [ -67.331925, -45.613491 ], [ -67.344589, -45.633277 ], [ -67.356285, -45.658965 ], [ -67.356231, -45.689884 ], [ -67.354426, -45.705799 ], [ -67.335113, -45.718845 ], [ -67.339833, -45.728692 ], [ -67.346262, -45.733982 ], [ -67.363904, -45.735683 ], [ -67.36443, -45.749871 ], [ -67.369677, -45.762302 ], [ -67.36873, -45.769 ], [ -67.360636, -45.776662 ], [ -67.364597, -45.78661 ], [ -67.377065, -45.794122 ], [ -67.397088, -45.791031 ], [ -67.427672, -45.807998 ], [ -67.442418, -45.817742 ], [ -67.455874, -45.825003 ], [ -67.474024, -45.862213 ], [ -67.50474, -45.878346 ], [ -67.515102, -45.897353 ], [ -67.536243, -45.916143 ], [ -67.547732, -45.933446 ], [ -67.533111, -45.958266 ], [ -67.55757, -45.967516 ], [ -67.578481, -45.992852 ], [ -67.581654, -46.000014 ], [ -67.613515, -46.071873 ], [ -67.621205, -46.099542 ], [ -67.62442, -46.13006 ], [ -67.622467, -46.163751 ], [ -67.574696, -46.322035 ], [ -67.540883, -46.4013 ], [ -67.518137, -46.438165 ], [ -67.42322, -46.567419 ], [ -67.365079, -46.606216 ], [ -67.336498, -46.625192 ], [ -67.287424, -46.636163 ], [ -67.256271, -46.643422 ], [ -67.246061, -46.651619 ], [ -67.232086, -46.670994 ], [ -67.19364, -46.691004 ], [ -67.152432, -46.697137 ], [ -67.129995, -46.706596 ], [ -67.115387, -46.736017 ], [ -67.082107, -46.757094 ], [ -67.047402, -46.79563 ], [ -67.033193, -46.819106 ], [ -67.022572, -46.821222 ], [ -67.009267, -46.82171 ], [ -66.999827, -46.824884 ], [ -66.990224, -46.839044 ], [ -66.982289, -46.842218 ], [ -66.971995, -46.848321 ], [ -66.883046, -46.918715 ], [ -66.824574, -46.981378 ], [ -66.786448, -47.006606 ], [ -66.699245, -47.037744 ], [ -66.661064, -47.035684 ], [ -66.628795, -47.051218 ], [ -66.587799, -47.040785 ], [ -66.567494, -47.048028 ], [ -66.547027, -47.046482 ], [ -66.526275, -47.042087 ], [ -66.505238, -47.040785 ], [ -66.489329, -47.045017 ], [ -66.456776, -47.058364 ], [ -66.440663, -47.061293 ], [ -66.38565, -47.057794 ], [ -66.368723, -47.061293 ], [ -66.358225, -47.06699 ], [ -66.304279, -47.073792 ], [ -66.200493, -47.089587 ], [ -66.085805, -47.082615 ], [ -66.028798, -47.067315 ], [ -66.003285, -47.063572 ], [ -65.979563, -47.066176 ], [ -65.919291, -47.093916 ], [ -65.881156, -47.096555 ], [ -65.858063, -47.113407 ], [ -65.847381, -47.139687 ], [ -65.824083, -47.153302 ], [ -65.805816, -47.168064 ], [ -65.796457, -47.174249 ], [ -65.744902, -47.204164 ], [ -65.755355, -47.223452 ], [ -65.737745, -47.277581 ], [ -65.724314, -47.309563 ], [ -65.713014, -47.341497 ], [ -65.726797, -47.408848 ], [ -65.735665, -47.509535 ], [ -65.761854, -47.568057 ], [ -65.790702, -47.632706 ], [ -65.845626, -47.742206 ], [ -65.865134, -47.749906 ], [ -65.89495, -47.750664 ], [ -65.921897, -47.746529 ], [ -65.972873, -47.740987 ], [ -66.032064, -47.739525 ], [ -66.06193, -47.758159 ], [ -66.095621, -47.787457 ], [ -66.121964, -47.799705 ], [ -66.148011, -47.806566 ], [ -66.210439, -47.828546 ], [ -66.273915, -47.85947 ], [ -66.296376, -47.863865 ], [ -66.373443, -47.861261 ], [ -66.38915, -47.863865 ], [ -66.340647, -47.875177 ], [ -66.301096, -47.872491 ], [ -66.22411, -47.842706 ], [ -66.199778, -47.838067 ], [ -66.144443, -47.828202 ], [ -66.049371, -47.791864 ], [ -66.022572, -47.770993 ], [ -65.974144, -47.76465 ], [ -65.92935, -47.767621 ], [ -65.901824, -47.76995 ], [ -65.884628, -47.78383 ], [ -65.867213, -47.835077 ], [ -65.853409, -47.87959 ], [ -65.827039, -47.898533 ], [ -65.790356, -47.904777 ], [ -65.761739, -47.911908 ], [ -65.788153, -47.925314 ], [ -65.795121, -47.935934 ], [ -65.774588, -47.943957 ], [ -65.761952, -47.948552 ], [ -65.786331, -47.953389 ], [ -65.812447, -47.960328 ], [ -65.836742, -47.962991 ], [ -65.847068, -47.944417 ], [ -65.899559, -47.93238 ], [ -65.927385, -47.941409 ], [ -65.946214, -47.962502 ], [ -65.952009, -47.980692 ], [ -65.929991, -47.990951 ], [ -65.936879, -48.015802 ], [ -65.940419, -48.020929 ], [ -65.946889, -48.0263 ], [ -65.948964, -48.038263 ], [ -65.968445, -48.047168 ], [ -65.964131, -48.056988 ], [ -65.937477, -48.071686 ], [ -65.903188, -48.078546 ], [ -65.897688, -48.094456 ], [ -65.917237, -48.113814 ], [ -65.944971, -48.117797 ], [ -65.95316, -48.104755 ], [ -65.971675, -48.099449 ], [ -65.990079, -48.107209 ], [ -66.015208, -48.106471 ], [ -66.061526, -48.110135 ], [ -66.090059, -48.116262 ], [ -66.108632, -48.123305 ], [ -66.132011, -48.13634 ], [ -66.140071, -48.160238 ], [ -66.152769, -48.174898 ], [ -66.159535, -48.185317 ], [ -66.201298, -48.198859 ], [ -66.238287, -48.208923 ], [ -66.264812, -48.242779 ], [ -66.300852, -48.251886 ], [ -66.316884, -48.264255 ], [ -66.336781, -48.28631 ], [ -66.354988, -48.321216 ], [ -66.341115, -48.352725 ], [ -66.352843, -48.356139 ], [ -66.38626, -48.351175 ], [ -66.42096, -48.350384 ], [ -66.448598, -48.350274 ], [ -66.451568, -48.355076 ], [ -66.469558, -48.364932 ], [ -66.463808, -48.378768 ], [ -66.46849, -48.400275 ], [ -66.501056, -48.413988 ], [ -66.544972, -48.423967 ], [ -66.576229, -48.423902 ], [ -66.65099, -48.431085 ], [ -66.693367, -48.455088 ], [ -66.749835, -48.475292 ], [ -66.773354, -48.494181 ], [ -66.809201, -48.512683 ], [ -66.838278, -48.539571 ], [ -66.857812, -48.548307 ], [ -66.860388, -48.569846 ], [ -66.866435, -48.589834 ], [ -66.889773, -48.595895 ], [ -66.915484, -48.604257 ], [ -66.986923, -48.611698 ], [ -67.044133, -48.644237 ], [ -67.114348, -48.67375 ], [ -67.136752, -48.692801 ], [ -67.145793, -48.742427 ], [ -67.184636, -48.771577 ], [ -67.193231, -48.796106 ], [ -67.198285, -48.818353 ], [ -67.247808, -48.845645 ], [ -67.32184, -48.867347 ], [ -67.405737, -48.904235 ], [ -67.556549, -49.015817 ], [ -67.574942, -49.047866 ], [ -67.589932, -49.084586 ], [ -67.596359, -49.106797 ], [ -67.615431, -49.118114 ], [ -67.632558, -49.129978 ], [ -67.635198, -49.155545 ], [ -67.615367, -49.161143 ], [ -67.60993, -49.178107 ], [ -67.624135, -49.184828 ], [ -67.631703, -49.190606 ], [ -67.650136, -49.195977 ], [ -67.655873, -49.204034 ], [ -67.660308, -49.213962 ], [ -67.668344, -49.224041 ], [ -67.67536, -49.248789 ], [ -67.702501, -49.267509 ], [ -67.73233, -49.274672 ], [ -67.72289, -49.284356 ], [ -67.710683, -49.293715 ], [ -67.704172, -49.303888 ], [ -67.711903, -49.315606 ], [ -67.726308, -49.318129 ], [ -67.739809, -49.327546 ], [ -67.757802, -49.334781 ], [ -67.745366, -49.342422 ], [ -67.745779, -49.355693 ], [ -67.774312, -49.374408 ], [ -67.830881, -49.379571 ], [ -67.832509, -49.385431 ], [ -67.81428, -49.39129 ], [ -67.793121, -49.391778 ], [ -67.725184, -49.390746 ], [ -67.697895, -49.37196 ], [ -67.682888, -49.336479 ], [ -67.684695, -49.309965 ], [ -67.669077, -49.296065 ], [ -67.663207, -49.267153 ], [ -67.645741, -49.252048 ], [ -67.63683, -49.247247 ], [ -67.622182, -49.250746 ], [ -67.607655, -49.265069 ], [ -67.607847, -49.284314 ], [ -67.611405, -49.323193 ], [ -67.65331, -49.37713 ], [ -67.656646, -49.394708 ], [ -67.676387, -49.461939 ], [ -67.700063, -49.534275 ], [ -67.706288, -49.562107 ], [ -67.706249, -49.606033 ], [ -67.713549, -49.629656 ], [ -67.717998, -49.670551 ], [ -67.712538, -49.685549 ], [ -67.732012, -49.781302 ], [ -67.763173, -49.848403 ], [ -67.771718, -49.870864 ], [ -67.786855, -49.892185 ], [ -67.793813, -49.905369 ], [ -67.798899, -49.909845 ], [ -67.833207, -49.95454 ], [ -67.894927, -49.996875 ], [ -67.982175, -50.043199 ], [ -68.07635, -50.087268 ], [ -68.170109, -50.114034 ], [ -68.258367, -50.124647 ], [ -68.328277, -50.120212 ], [ -68.341868, -50.117608 ], [ -68.351918, -50.110528 ], [ -68.376617, -50.083429 ], [ -68.399497, -50.075316 ], [ -68.421953, -50.051189 ], [ -68.436196, -50.031526 ], [ -68.445116, -50.005492 ], [ -68.462453, -49.980391 ], [ -68.486636, -49.959471 ], [ -68.520949, -49.940524 ], [ -68.54186, -49.915623 ], [ -68.548941, -49.893676 ], [ -68.569066, -49.858819 ], [ -68.594667, -49.834627 ], [ -68.641265, -49.774591 ], [ -68.654042, -49.757908 ], [ -68.672231, -49.745782 ], [ -68.69579, -49.73561 ], [ -68.719879, -49.729099 ], [ -68.739735, -49.727716 ], [ -68.677113, -49.755792 ], [ -68.664052, -49.767511 ], [ -68.658111, -49.782647 ], [ -68.630606, -49.81777 ], [ -68.59578, -49.858307 ], [ -68.577798, -49.902826 ], [ -68.577272, -49.927616 ], [ -68.593088, -49.937595 ], [ -68.626454, -49.953058 ], [ -68.650136, -49.958185 ], [ -68.674387, -49.968357 ], [ -68.701446, -49.970391 ], [ -68.742988, -49.964154 ], [ -68.803574, -49.968313 ], [ -68.875379, -49.962495 ], [ -68.913342, -49.981101 ], [ -68.945966, -49.99123 ], [ -68.974924, -49.991876 ], [ -69.013499, -50.007745 ], [ -69.013499, -50.015232 ], [ -69.008372, -50.015558 ], [ -68.998036, -50.014907 ], [ -68.992991, -50.015232 ], [ -68.96996, -50.013767 ], [ -68.915013, -50.011266 ], [ -68.881907, -49.992608 ], [ -68.856028, -49.983494 ], [ -68.842152, -49.981052 ], [ -68.82901, -49.981541 ], [ -68.80107, -49.984534 ], [ -68.769055, -49.98195 ], [ -68.717455, -49.989457 ], [ -68.670842, -49.994726 ], [ -68.638987, -49.984308 ], [ -68.601185, -49.97254 ], [ -68.58347, -49.970337 ], [ -68.567731, -49.974145 ], [ -68.559602, -49.979682 ], [ -68.552113, -49.999688 ], [ -68.532322, -50.008343 ], [ -68.518851, -50.015666 ], [ -68.518967, -50.025113 ], [ -68.518024, -50.039668 ], [ -68.511502, -50.060768 ], [ -68.493754, -50.080114 ], [ -68.466663, -50.100132 ], [ -68.445263, -50.109667 ], [ -68.419245, -50.111951 ], [ -68.402984, -50.116976 ], [ -68.391114, -50.129013 ], [ -68.363129, -50.134241 ], [ -68.349873, -50.14881 ], [ -68.362099, -50.169314 ], [ -68.395904, -50.17783 ], [ -68.418324, -50.191827 ], [ -68.4381, -50.200779 ], [ -68.614358, -50.252022 ], [ -68.736649, -50.291434 ], [ -68.76733, -50.288675 ], [ -68.791679, -50.303877 ], [ -68.794653, -50.317526 ], [ -68.825519, -50.324133 ], [ -68.840255, -50.32573 ], [ -68.856219, -50.322189 ], [ -68.876429, -50.330572 ], [ -68.880938, -50.352756 ], [ -68.899892, -50.361993 ], [ -68.94631, -50.404343 ], [ -68.975079, -50.428908 ], [ -68.989613, -50.451593 ], [ -69.009873, -50.477244 ], [ -69.043866, -50.515472 ], [ -69.060048, -50.541335 ], [ -69.076519, -50.560172 ], [ -69.079908, -50.604537 ], [ -69.12267, -50.679864 ], [ -69.142405, -50.719496 ], [ -69.149973, -50.74212 ], [ -69.147532, -50.758722 ], [ -69.132571, -50.784003 ], [ -69.127267, -50.846726 ], [ -69.128064, -50.878058 ], [ -69.1368, -50.903481 ], [ -69.159068, -50.915642 ], [ -69.205873, -50.935583 ], [ -69.260487, -50.974216 ], [ -69.347808, -51.01865 ], [ -69.390126, -51.048517 ], [ -69.410715, -51.083917 ], [ -69.380727, -51.064874 ], [ -69.323264, -51.032376 ], [ -69.288083, -51.015769 ], [ -69.227731, -50.992143 ], [ -69.196662, -50.980362 ], [ -69.167778, -50.978225 ], [ -69.158668, -50.996462 ], [ -69.15746, -51.01572 ], [ -69.145416, -51.057224 ], [ -69.123697, -51.134538 ], [ -69.108451, -51.184337 ], [ -69.104177, -51.214858 ], [ -69.086903, -51.235284 ], [ -69.079254, -51.277602 ], [ -69.062652, -51.321466 ], [ -68.963735, -51.500746 ], [ -68.956207, -51.522231 ], [ -68.954457, -51.542901 ], [ -68.962554, -51.560154 ], [ -68.981842, -51.571547 ], [ -68.99942, -51.569268 ], [ -69.019765, -51.563165 ], [ -69.047597, -51.563165 ], [ -69.068756, -51.572361 ], [ -69.101308, -51.599216 ], [ -69.119618, -51.60475 ], [ -69.147532, -51.603285 ], [ -69.171864, -51.599379 ], [ -69.284332, -51.559747 ], [ -69.360097, -51.555759 ], [ -69.377187, -51.556899 ], [ -69.388783, -51.559666 ], [ -69.418121, -51.570571 ], [ -69.474273, -51.575291 ], [ -69.499908, -51.580255 ], [ -69.545562, -51.60589 ], [ -69.594146, -51.616632 ], [ -69.616811, -51.625177 ], [ -69.398721, -51.592601 ], [ -69.35299, -51.58837 ], [ -69.304559, -51.59349 ], [ -69.200668, -51.620492 ], [ -69.156982, -51.634883 ], [ -69.16478, -51.651759 ], [ -69.218902, -51.680434 ], [ -69.218902, -51.6867 ], [ -69.198964, -51.686619 ], [ -69.180653, -51.681573 ], [ -69.098084, -51.653131 ], [ -69.055381, -51.629866 ], [ -69.02892, -51.61419 ], [ -69.000663, -51.61135 ], [ -68.973511, -51.619952 ], [ -68.935928, -51.645516 ], [ -68.873158, -51.758966 ], [ -68.826709, -51.803748 ], [ -68.753071, -51.914724 ], [ -68.685059, -52.005006 ], [ -68.521596, -52.163507 ], [ -68.397921, -52.275234 ], [ -68.365611, -52.306204 ], [ -68.354809, -52.324978 ], [ -68.362472, -52.339072 ], [ -68.390138, -52.357871 ], [ -68.407053, -52.371024 ], [ -68.417815, -52.386052 ], [ -68.434748, -52.390749 ], [ -68.442451, -52.379481 ], [ -68.436297, -52.366335 ], [ -68.44861, -52.346617 ], [ -68.471675, -52.337226 ], [ -68.565463, -52.340929 ], [ -68.712765, -52.306908 ], [ -68.781886, -52.313305 ], [ -68.821645, -52.303643 ], [ -68.898461, -52.303537 ], [ -68.947377, -52.287205 ], [ -68.965688, -52.283787 ], [ -69.008127, -52.267267 ], [ -69.086049, -52.225193 ], [ -69.130116, -52.208103 ], [ -69.185374, -52.198907 ], [ -69.234708, -52.203143 ], [ -69.346218, -52.244565 ], [ -69.403104, -52.245991 ], [ -69.442006, -52.25213 ], [ -69.451812, -52.260349 ], [ -69.470937, -52.272719 ], [ -69.479604, -52.283787 ], [ -69.482493, -52.29046 ], [ -69.489491, -52.366143 ], [ -69.496938, -52.385349 ], [ -69.517445, -52.392999 ], [ -69.545318, -52.399347 ], [ -69.555287, -52.414809 ], [ -69.557362, -52.434666 ], [ -69.561513, -52.453871 ], [ -69.574859, -52.46795 ], [ -69.616322, -52.488051 ], [ -69.63386, -52.4992 ], [ -69.65453, -52.515395 ], [ -69.672351, -52.530857 ], [ -69.715579, -52.53544 ], [ -69.77982, -52.522614 ], [ -69.812435, -52.506087 ], [ -69.828539, -52.491788 ], [ -69.84658, -52.486543 ], [ -69.871736, -52.496325 ], [ -69.91161, -52.510349 ], [ -69.945689, -52.531094 ], [ -70.083416, -52.575221 ], [ -70.151982, -52.586508 ], [ -70.180327, -52.602969 ], [ -70.199371, -52.621677 ], [ -70.207716, -52.651003 ], [ -70.242129, -52.639389 ], [ -70.274729, -52.639418 ], [ -70.291652, -52.634609 ], [ -70.321793, -52.638147 ], [ -70.330557, -52.64504 ], [ -70.333007, -52.660115 ], [ -70.366139, -52.655531 ], [ -70.383515, -52.671387 ], [ -70.517734, -52.723255 ], [ -70.548235, -52.722722 ], [ -70.549787, -52.702743 ], [ -70.52363, -52.687859 ], [ -70.501773, -52.677495 ], [ -70.505988, -52.661289 ], [ -70.525878, -52.659927 ], [ -70.546163, -52.666622 ], [ -70.567925, -52.669251 ], [ -70.583039, -52.671999 ], [ -70.592163, -52.687966 ], [ -70.569576, -52.702496 ], [ -70.586823, -52.714284 ], [ -70.608003, -52.704822 ], [ -70.633182, -52.708383 ], [ -70.65884, -52.721013 ], [ -70.684023, -52.72457 ], [ -70.698178, -52.739432 ], [ -70.716413, -52.737064 ], [ -70.715632, -52.722954 ], [ -70.723459, -52.704278 ], [ -70.734039, -52.70143 ], [ -70.744456, -52.70794 ], [ -70.754547, -52.716892 ], [ -70.764394, -52.721368 ], [ -70.806996, -52.727797 ], [ -70.822743, -52.728204 ], [ -70.834381, -52.725274 ], [ -70.843332, -52.720798 ], [ -70.852203, -52.718438 ], [ -70.863759, -52.721368 ], [ -70.856842, -52.733982 ], [ -70.847035, -52.7374 ], [ -70.835317, -52.73797 ], [ -70.805776, -52.747735 ], [ -70.802317, -52.749282 ], [ -70.801422, -52.753351 ], [ -70.803293, -52.765883 ], [ -70.802317, -52.769789 ], [ -70.791493, -52.776056 ], [ -70.784901, -52.7763 ], [ -70.776682, -52.775079 ], [ -70.742747, -52.778416 ], [ -70.73884, -52.783868 ], [ -70.74767, -52.797052 ], [ -70.756337, -52.801039 ], [ -70.795481, -52.810724 ], [ -70.806264, -52.816827 ], [ -70.812123, -52.821384 ], [ -70.822743, -52.838067 ], [ -70.826812, -52.847426 ], [ -70.832183, -52.865818 ], [ -70.837026, -52.872735 ], [ -70.841248, -52.903427 ], [ -70.859696, -52.901809 ], [ -70.878214, -52.901428 ], [ -70.889215, -52.913626 ], [ -70.860541, -52.916702 ], [ -70.836049, -52.920928 ], [ -70.810455, -52.927179 ], [ -70.808705, -52.942071 ], [ -70.809153, -52.961602 ], [ -70.811513, -52.979262 ], [ -70.816884, -52.992446 ], [ -70.866119, -53.049737 ], [ -70.870595, -53.061212 ], [ -70.875152, -53.089125 ], [ -70.887115, -53.113865 ], [ -70.938791, -53.176853 ], [ -70.950551, -53.197524 ], [ -70.95759, -53.222833 ], [ -70.959096, -53.302667 ], [ -70.963735, -53.326755 ], [ -70.986928, -53.36419 ], [ -70.992747, -53.382989 ], [ -70.994781, -53.404392 ], [ -70.993479, -53.427016 ], [ -70.9829, -53.467706 ], [ -70.949534, -53.54697 ], [ -70.939443, -53.592218 ], [ -70.940175, -53.613946 ], [ -70.945627, -53.638849 ], [ -70.955556, -53.659356 ], [ -70.969879, -53.667901 ], [ -70.979482, -53.679295 ], [ -70.978383, -53.705499 ], [ -70.973988, -53.734959 ], [ -70.973622, -53.756036 ], [ -70.995839, -53.787286 ], [ -71.03425, -53.809747 ], [ -71.228749, -53.874688 ], [ -71.285024, -53.886 ], [ -71.336049, -53.879571 ], [ -71.429758, -53.842462 ], [ -71.479848, -53.82936 ], [ -71.644643, -53.823663 ], [ -71.720326, -53.797621 ], [ -71.730051, -53.792169 ], [ -71.745473, -53.781345 ], [ -71.754465, -53.776544 ], [ -71.81607, -53.760186 ], [ -71.837554, -53.745701 ], [ -71.847524, -53.742364 ], [ -71.865142, -53.733168 ], [ -71.87442, -53.696547 ], [ -71.891591, -53.694024 ], [ -71.902455, -53.701837 ], [ -71.91747, -53.724216 ], [ -71.929433, -53.728774 ], [ -71.943023, -53.724379 ], [ -71.961781, -53.705743 ], [ -71.977284, -53.697198 ], [ -71.99234, -53.678399 ], [ -72.001454, -53.674086 ], [ -72.015533, -53.676039 ], [ -72.018056, -53.680922 ], [ -72.017445, -53.687433 ], [ -72.021962, -53.694024 ], [ -72.04247, -53.706801 ], [ -72.053456, -53.706964 ], [ -72.066314, -53.697686 ], [ -72.077301, -53.691664 ], [ -72.103871, -53.68906 ], [ -72.11441, -53.684015 ], [ -72.187001, -53.626397 ], [ -72.228261, -53.600356 ], [ -72.25178, -53.589288 ], [ -72.284088, -53.581231 ], [ -72.288442, -53.572361 ], [ -72.290842, -53.561293 ], [ -72.296946, -53.551202 ], [ -72.306508, -53.54461 ], [ -72.325673, -53.537205 ], [ -72.337229, -53.530694 ], [ -72.389231, -53.484959 ], [ -72.398061, -53.478936 ], [ -72.406361, -53.459161 ], [ -72.443593, -53.421319 ], [ -72.453277, -53.407322 ], [ -72.444895, -53.385919 ], [ -72.422597, -53.373468 ], [ -72.406484, -53.361586 ], [ -72.416086, -53.341729 ], [ -72.423451, -53.331801 ], [ -72.423451, -53.323989 ], [ -72.418813, -53.317315 ], [ -72.412343, -53.310968 ], [ -72.409779, -53.310805 ], [ -72.391835, -53.304132 ], [ -72.301259, -53.248793 ], [ -72.282297, -53.242771 ], [ -72.159088, -53.256443 ], [ -72.137034, -53.254978 ], [ -72.114613, -53.256768 ], [ -72.097239, -53.267755 ], [ -72.080434, -53.329034 ], [ -72.077301, -53.350274 ], [ -72.083404, -53.372491 ], [ -72.090647, -53.382745 ], [ -72.099599, -53.390069 ], [ -72.109934, -53.39129 ], [ -72.135732, -53.37127 ], [ -72.14269, -53.376072 ], [ -72.148549, -53.396661 ], [ -72.168691, -53.411554 ], [ -72.217681, -53.424086 ], [ -72.241689, -53.434503 ], [ -72.211415, -53.44199 ], [ -72.182485, -53.438409 ], [ -72.15392, -53.431085 ], [ -72.105214, -53.425958 ], [ -72.092519, -53.422621 ], [ -72.069732, -53.407322 ], [ -72.055979, -53.39422 ], [ -72.04894, -53.389825 ], [ -72.041575, -53.389825 ], [ -72.022857, -53.395196 ], [ -72.015126, -53.392999 ], [ -72.004465, -53.350274 ], [ -72.018056, -53.295831 ], [ -72.021718, -53.247328 ], [ -71.980946, -53.222263 ], [ -71.964955, -53.223321 ], [ -71.93928, -53.232843 ], [ -71.925771, -53.235284 ], [ -71.913686, -53.233331 ], [ -71.8933, -53.224298 ], [ -71.881663, -53.222263 ], [ -71.855621, -53.225356 ], [ -71.841786, -53.23504 ], [ -71.83495, -53.252048 ], [ -71.817983, -53.342218 ], [ -71.816518, -53.362481 ], [ -71.810618, -53.379327 ], [ -71.798411, -53.398207 ], [ -71.788442, -53.419041 ], [ -71.789174, -53.441339 ], [ -71.80309, -53.456801 ], [ -71.827952, -53.472345 ], [ -71.854726, -53.484308 ], [ -71.874501, -53.48919 ], [ -71.901194, -53.491795 ], [ -71.967275, -53.516534 ], [ -71.993804, -53.522231 ], [ -72.00414, -53.528253 ], [ -72.00829, -53.540704 ], [ -72.007965, -53.554295 ], [ -72.005442, -53.561619 ], [ -71.998362, -53.564386 ], [ -71.984446, -53.564874 ], [ -71.962758, -53.560235 ], [ -71.920033, -53.538344 ], [ -71.898427, -53.530694 ], [ -71.841786, -53.526462 ], [ -71.814198, -53.520685 ], [ -71.792592, -53.50628 ], [ -71.759999, -53.472263 ], [ -71.754465, -53.462498 ], [ -71.755238, -53.45086 ], [ -71.76537, -53.431573 ], [ -71.768666, -53.420831 ], [ -71.762359, -53.398696 ], [ -71.760569, -53.385349 ], [ -71.765248, -53.379327 ], [ -71.767649, -53.3742 ], [ -71.775502, -53.341729 ], [ -71.773183, -53.319268 ], [ -71.742421, -53.223403 ], [ -71.728627, -53.212091 ], [ -71.692128, -53.207127 ], [ -71.679311, -53.202732 ], [ -71.671864, -53.201104 ], [ -71.645172, -53.201104 ], [ -71.629994, -53.198012 ], [ -71.621002, -53.19378 ], [ -71.584706, -53.166925 ], [ -71.572662, -53.162042 ], [ -71.543609, -53.157973 ], [ -71.479848, -53.135512 ], [ -71.467112, -53.132908 ], [ -71.420155, -53.134373 ], [ -71.404937, -53.132908 ], [ -71.382924, -53.126397 ], [ -71.360219, -53.116143 ], [ -71.338531, -53.103123 ], [ -71.319651, -53.088149 ], [ -71.311838, -53.07879 ], [ -71.29776, -53.055352 ], [ -71.28893, -53.044122 ], [ -71.279408, -53.036716 ], [ -71.261708, -53.025974 ], [ -71.25414, -53.016778 ], [ -71.247955, -52.997654 ], [ -71.243398, -52.974867 ], [ -71.234853, -52.955824 ], [ -71.198582, -52.923904 ], [ -71.172479, -52.930656 ], [ -71.118764, -52.919636 ], [ -71.120493, -52.880289 ], [ -71.148743, -52.842785 ], [ -71.169285, -52.812813 ], [ -71.210155, -52.81552 ], [ -71.249182, -52.788756 ], [ -71.309279, -52.805713 ], [ -71.352115, -52.807111 ], [ -71.368886, -52.783949 ], [ -71.381174, -52.768243 ], [ -71.398793, -52.728204 ], [ -71.402333, -52.751072 ], [ -71.402008, -52.77044 ], [ -71.404286, -52.788507 ], [ -71.399909, -52.820622 ], [ -71.398629, -52.831715 ], [ -71.421427, -52.837277 ], [ -71.447453, -52.83046 ], [ -71.467519, -52.825616 ], [ -71.483957, -52.824884 ], [ -71.490956, -52.82822 ], [ -71.500559, -52.838637 ], [ -71.505971, -52.843438 ], [ -71.511383, -52.845473 ], [ -71.5308, -52.866656 ], [ -71.577199, -52.88998 ], [ -71.611988, -52.892726 ], [ -71.642225, -52.91645 ], [ -71.666711, -52.916985 ], [ -71.704652, -52.934341 ], [ -71.735773, -52.942067 ], [ -71.778394, -52.966662 ], [ -71.838782, -52.983353 ], [ -71.862726, -53.002369 ], [ -71.906233, -53.010889 ], [ -71.923085, -53.034275 ], [ -71.995229, -53.091241 ], [ -72.013743, -53.118585 ], [ -72.021962, -53.125421 ], [ -72.033355, -53.126397 ], [ -72.046051, -53.122979 ], [ -72.059641, -53.121759 ], [ -72.085601, -53.134373 ], [ -72.101552, -53.133477 ], [ -72.117055, -53.128595 ], [ -72.136708, -53.115981 ], [ -72.15567, -53.106622 ], [ -72.165273, -53.099298 ], [ -72.173004, -53.09059 ], [ -72.184438, -53.073989 ], [ -72.193267, -53.06463 ], [ -72.204416, -53.055108 ], [ -72.214955, -53.048761 ], [ -72.226674, -53.04518 ], [ -72.25414, -53.041925 ], [ -72.275746, -53.032159 ], [ -72.286, -53.02988 ], [ -72.313629, -53.03338 ], [ -72.306549, -53.042901 ], [ -72.284983, -53.056248 ], [ -72.268951, -53.071466 ], [ -72.288482, -53.071547 ], [ -72.307525, -53.068536 ], [ -72.364125, -53.052016 ], [ -72.380035, -53.050388 ], [ -72.494781, -53.055922 ], [ -72.534983, -53.064548 ], [ -72.56314, -53.078871 ], [ -72.542795, -53.085545 ], [ -72.520172, -53.081964 ], [ -72.496816, -53.074884 ], [ -72.474436, -53.071466 ], [ -72.433258, -53.083103 ], [ -72.412709, -53.085382 ], [ -72.395009, -53.075128 ], [ -72.367096, -53.068129 ], [ -72.321645, -53.132094 ], [ -72.227122, -53.15016 ], [ -72.210032, -53.156834 ], [ -72.197499, -53.169529 ], [ -72.191396, -53.180597 ], [ -72.193674, -53.190851 ], [ -72.206288, -53.201104 ], [ -72.225575, -53.205987 ], [ -72.253489, -53.206801 ], [ -72.278554, -53.202244 ], [ -72.298736, -53.18255 ], [ -72.320465, -53.179864 ], [ -72.364573, -53.180759 ], [ -72.364573, -53.187595 ], [ -72.328277, -53.191176 ], [ -72.315785, -53.20672 ], [ -72.327626, -53.221287 ], [ -72.364573, -53.222263 ], [ -72.452056, -53.18963 ], [ -72.488026, -53.187595 ], [ -72.450063, -53.204767 ], [ -72.435292, -53.216404 ], [ -72.440297, -53.228448 ], [ -72.461985, -53.229913 ], [ -72.485097, -53.217543 ], [ -72.51537, -53.194268 ], [ -72.538197, -53.197361 ], [ -72.537099, -53.207452 ], [ -72.521637, -53.219496 ], [ -72.501698, -53.228448 ], [ -72.451283, -53.235528 ], [ -72.426625, -53.242283 ], [ -72.412343, -53.256443 ], [ -72.425689, -53.265069 ], [ -72.435211, -53.274672 ], [ -72.447011, -53.281915 ], [ -72.466949, -53.283136 ], [ -72.484202, -53.276544 ], [ -72.500315, -53.266778 ], [ -72.516957, -53.261895 ], [ -72.535878, -53.270115 ], [ -72.515492, -53.28631 ], [ -72.503774, -53.313897 ], [ -72.50475, -53.343683 ], [ -72.522206, -53.366306 ], [ -72.558258, -53.374607 ], [ -72.593495, -53.364028 ], [ -72.62385, -53.342543 ], [ -72.645131, -53.317804 ], [ -72.651479, -53.340753 ], [ -72.637278, -53.358494 ], [ -72.591135, -53.386814 ], [ -72.578725, -53.399184 ], [ -72.570221, -53.410089 ], [ -72.559234, -53.417901 ], [ -72.539296, -53.420831 ], [ -72.535756, -53.417739 ], [ -72.531402, -53.403904 ], [ -72.529652, -53.400486 ], [ -72.522206, -53.399509 ], [ -72.49828, -53.400486 ], [ -72.483469, -53.409112 ], [ -72.382314, -53.523858 ], [ -72.364573, -53.536879 ], [ -72.522532, -53.544366 ], [ -72.531728, -53.542087 ], [ -72.537221, -53.536554 ], [ -72.542144, -53.529555 ], [ -72.54955, -53.523207 ], [ -72.57136, -53.515313 ], [ -72.61677, -53.50742 ], [ -72.638905, -53.496677 ], [ -72.64623, -53.488214 ], [ -72.650868, -53.479099 ], [ -72.657216, -53.471612 ], [ -72.669667, -53.468683 ], [ -72.711985, -53.464614 ], [ -72.721425, -53.462498 ], [ -72.733062, -53.449151 ], [ -72.731313, -53.417739 ], [ -72.741322, -53.400486 ], [ -72.763173, -53.387791 ], [ -72.769765, -53.399021 ], [ -72.770863, -53.419366 ], [ -72.776031, -53.434503 ], [ -72.794667, -53.440118 ], [ -72.800689, -53.42547 ], [ -72.802805, -53.403497 ], [ -72.80956, -53.386814 ], [ -72.82844, -53.384373 ], [ -72.856801, -53.385349 ], [ -72.877309, -53.381931 ], [ -72.872304, -53.366306 ], [ -72.887196, -53.360121 ], [ -72.943674, -53.352634 ], [ -73.078359, -53.286391 ], [ -73.141184, -53.26865 ], [ -73.171376, -53.256443 ], [ -73.199086, -53.240818 ], [ -73.221099, -53.222263 ], [ -73.252105, -53.184177 ], [ -73.264556, -53.175958 ], [ -73.292795, -53.165704 ], [ -73.303049, -53.153416 ], [ -73.182362, -53.185805 ], [ -73.13915, -53.187595 ], [ -73.118886, -53.182712 ], [ -73.084828, -53.169692 ], [ -72.980946, -53.160252 ], [ -72.95637, -53.160577 ], [ -72.9405, -53.166436 ], [ -72.9287, -53.176853 ], [ -72.916371, -53.191013 ], [ -72.906077, -53.195408 ], [ -72.879506, -53.193617 ], [ -72.86856, -53.197686 ], [ -72.860707, -53.20322 ], [ -72.776112, -53.233087 ], [ -72.758697, -53.235284 ], [ -72.752349, -53.24212 ], [ -72.756907, -53.257582 ], [ -72.766591, -53.273858 ], [ -72.776031, -53.283136 ], [ -72.767649, -53.290134 ], [ -72.756825, -53.294854 ], [ -72.745229, -53.293634 ], [ -72.734486, -53.283136 ], [ -72.719553, -53.292576 ], [ -72.713287, -53.290297 ], [ -72.715199, -53.280369 ], [ -72.724517, -53.266697 ], [ -72.715932, -53.262302 ], [ -72.699859, -53.251397 ], [ -72.689198, -53.24033 ], [ -72.696645, -53.235284 ], [ -72.722768, -53.228448 ], [ -72.754384, -53.212009 ], [ -72.782094, -53.191583 ], [ -72.795969, -53.173272 ], [ -72.778188, -53.173028 ], [ -72.727651, -53.187595 ], [ -72.737904, -53.169529 ], [ -72.754872, -53.155532 ], [ -72.763295, -53.145685 ], [ -72.748158, -53.139093 ], [ -72.726796, -53.139581 ], [ -72.652577, -53.153416 ], [ -72.660715, -53.141778 ], [ -72.675201, -53.135512 ], [ -72.692128, -53.13128 ], [ -72.707183, -53.125421 ], [ -72.713938, -53.108494 ], [ -72.713979, -53.105564 ], [ -72.725453, -53.105157 ], [ -72.731028, -53.10947 ], [ -72.734853, -53.114923 ], [ -72.741322, -53.118585 ], [ -72.787506, -53.115818 ], [ -72.803375, -53.118585 ], [ -72.829742, -53.142348 ], [ -72.845082, -53.15016 ], [ -72.91218, -53.118829 ], [ -72.933746, -53.10475 ], [ -72.930043, -53.088149 ], [ -72.891021, -53.056817 ], [ -72.876088, -53.036391 ], [ -72.878489, -53.016778 ], [ -72.894887, -53.030206 ], [ -72.90453, -53.03631 ], [ -72.913238, -53.037286 ], [ -72.920766, -53.032485 ], [ -72.926422, -53.024591 ], [ -72.927968, -53.015313 ], [ -72.922922, -53.00628 ], [ -72.917226, -52.989435 ], [ -72.926015, -52.970147 ], [ -72.93932, -52.95086 ], [ -72.947377, -52.934259 ], [ -72.947662, -52.926365 ], [ -72.945953, -52.920343 ], [ -72.939931, -52.906915 ], [ -72.934722, -52.900811 ], [ -72.92748, -52.89422 ], [ -72.92398, -52.886407 ], [ -72.930043, -52.876153 ], [ -72.968617, -52.851251 ], [ -72.976471, -52.8388 ], [ -72.960357, -52.824965 ], [ -72.934316, -52.818536 ], [ -72.878163, -52.813084 ], [ -72.833974, -52.787042 ], [ -72.762441, -52.769789 ], [ -72.744456, -52.75742 ], [ -72.703481, -52.707696 ], [ -72.690175, -52.708917 ], [ -72.68163, -52.71266 ], [ -72.658762, -52.728204 ], [ -72.61913, -52.738946 ], [ -72.611562, -52.741876 ], [ -72.611318, -52.774102 ], [ -72.650299, -52.80169 ], [ -72.697499, -52.827081 ], [ -72.721425, -52.851739 ], [ -72.714833, -52.869399 ], [ -72.694732, -52.86004 ], [ -72.669911, -52.841404 ], [ -72.627553, -52.822931 ], [ -72.60851, -52.806817 ], [ -72.588206, -52.795994 ], [ -72.56314, -52.803888 ], [ -72.579661, -52.812758 ], [ -72.593658, -52.824395 ], [ -72.595855, -52.834242 ], [ -72.576812, -52.838067 ], [ -72.562245, -52.833673 ], [ -72.535024, -52.814874 ], [ -72.52595, -52.810724 ], [ -72.490631, -52.804376 ], [ -72.473988, -52.80641 ], [ -72.466949, -52.821384 ], [ -72.460927, -52.840509 ], [ -72.447011, -52.854913 ], [ -72.431264, -52.856622 ], [ -72.419789, -52.838067 ], [ -72.425893, -52.824802 ], [ -72.420074, -52.808282 ], [ -72.408681, -52.793064 ], [ -72.398061, -52.783461 ], [ -72.380971, -52.774672 ], [ -72.3131, -52.751153 ], [ -72.303944, -52.746515 ], [ -72.295155, -52.740655 ], [ -72.286, -52.731866 ], [ -72.28189, -52.725193 ], [ -72.273671, -52.70672 ], [ -72.268951, -52.70086 ], [ -72.247426, -52.694594 ], [ -72.198598, -52.693292 ], [ -72.179596, -52.680352 ], [ -72.177544, -52.65773 ], [ -72.160874, -52.652118 ], [ -72.114578, -52.658567 ], [ -72.095972, -52.654253 ], [ -72.077653, -52.653618 ], [ -72.063839, -52.657726 ], [ -72.042897, -52.674333 ], [ -72.014514, -52.67273 ], [ -72.007167, -52.65574 ], [ -72.000378, -52.646098 ], [ -71.98014, -52.645461 ], [ -71.964301, -52.649616 ], [ -71.949469, -52.667284 ], [ -71.920311, -52.681624 ], [ -71.850529, -52.69471 ], [ -71.629438, -52.683784 ], [ -71.598208, -52.674818 ], [ -71.585005, -52.660391 ], [ -71.519516, -52.65607 ], [ -71.478103, -52.646138 ], [ -71.491811, -52.612563 ], [ -71.534844, -52.580383 ], [ -71.571611, -52.561278 ], [ -71.631111, -52.5744 ], [ -71.686825, -52.563095 ], [ -71.729128, -52.561931 ], [ -71.759892, -52.568407 ], [ -71.833375, -52.552792 ], [ -71.911209, -52.541968 ], [ -71.97535, -52.560857 ], [ -72.002831, -52.551451 ], [ -72.027731, -52.559261 ], [ -72.047772, -52.557419 ], [ -72.072238, -52.53709 ], [ -72.087229, -52.520929 ], [ -72.097646, -52.516534 ], [ -72.124827, -52.513279 ], [ -72.203196, -52.52337 ], [ -72.281565, -52.513849 ], [ -72.309926, -52.516534 ], [ -72.327789, -52.52516 ], [ -72.34557, -52.54046 ], [ -72.35912, -52.558201 ], [ -72.364573, -52.574314 ], [ -72.373931, -52.588149 ], [ -72.418528, -52.606703 ], [ -72.433461, -52.61891 ], [ -72.424062, -52.61419 ], [ -72.415151, -52.612563 ], [ -72.406484, -52.614353 ], [ -72.398061, -52.61891 ], [ -72.413645, -52.648858 ], [ -72.41926, -52.653009 ], [ -72.43163, -52.650974 ], [ -72.441396, -52.645603 ], [ -72.460764, -52.632013 ], [ -72.501698, -52.61533 ], [ -72.50593, -52.611423 ], [ -72.52595, -52.600193 ], [ -72.549143, -52.591567 ], [ -72.541575, -52.577244 ], [ -72.507924, -52.550063 ], [ -72.486887, -52.538751 ], [ -72.468984, -52.535089 ], [ -72.426625, -52.536391 ], [ -72.401723, -52.53102 ], [ -72.387685, -52.519301 ], [ -72.389638, -52.507582 ], [ -72.412668, -52.502211 ], [ -72.42398, -52.504083 ], [ -72.443227, -52.513116 ], [ -72.453277, -52.516534 ], [ -72.46524, -52.517348 ], [ -72.489817, -52.515802 ], [ -72.501698, -52.516534 ], [ -72.530629, -52.528416 ], [ -72.539296, -52.530206 ], [ -72.547434, -52.534356 ], [ -72.559071, -52.552667 ], [ -72.569976, -52.556899 ], [ -72.589223, -52.554132 ], [ -72.612457, -52.547133 ], [ -72.630035, -52.538344 ], [ -72.632069, -52.530206 ], [ -72.656117, -52.521661 ], [ -72.679351, -52.524835 ], [ -72.702056, -52.532322 ], [ -72.779449, -52.543878 ], [ -72.795033, -52.541192 ], [ -72.800282, -52.534356 ], [ -72.802642, -52.525567 ], [ -72.80956, -52.516534 ], [ -72.848378, -52.502862 ], [ -72.858022, -52.502211 ], [ -72.861928, -52.510186 ], [ -72.857289, -52.529718 ], [ -72.86144, -52.540134 ], [ -72.867177, -52.548272 ], [ -72.870595, -52.555922 ], [ -72.87206, -52.5617 ], [ -72.872304, -52.563735 ], [ -72.889882, -52.588556 ], [ -72.892812, -52.594822 ], [ -72.896108, -52.613702 ], [ -72.90453, -52.629653 ], [ -72.915395, -52.642673 ], [ -72.926259, -52.653009 ], [ -72.980092, -52.694106 ], [ -72.988352, -52.704278 ], [ -72.972646, -52.717055 ], [ -72.937164, -52.690606 ], [ -72.864329, -52.611912 ], [ -72.841054, -52.594334 ], [ -72.819203, -52.586521 ], [ -72.798736, -52.615411 ], [ -72.773427, -52.6242 ], [ -72.721425, -52.632013 ], [ -72.695221, -52.632094 ], [ -72.687001, -52.63421 ], [ -72.676422, -52.642836 ], [ -72.673899, -52.65252 ], [ -72.680165, -52.66253 ], [ -72.713206, -52.69256 ], [ -72.762441, -52.728204 ], [ -72.779693, -52.745782 ], [ -72.790842, -52.752699 ], [ -72.806508, -52.755548 ], [ -72.832428, -52.756117 ], [ -72.845123, -52.759373 ], [ -72.850575, -52.76629 ], [ -72.860422, -52.788832 ], [ -72.884348, -52.79518 ], [ -72.939931, -52.797052 ], [ -73.005279, -52.833266 ], [ -73.015614, -52.841729 ], [ -73.007395, -52.85589 ], [ -72.9676, -52.879002 ], [ -72.953603, -52.893324 ], [ -72.96939, -52.907485 ], [ -72.972524, -52.924737 ], [ -72.967275, -52.958429 ], [ -72.964182, -52.9638 ], [ -72.95051, -52.976983 ], [ -72.947377, -52.985772 ], [ -72.953603, -53.023614 ], [ -72.963043, -53.037367 ], [ -72.979563, -53.054783 ], [ -72.995107, -53.064142 ], [ -73.002024, -53.054376 ], [ -73.010487, -53.056248 ], [ -73.116282, -53.096938 ], [ -73.139719, -53.099216 ], [ -73.163401, -53.088149 ], [ -73.177968, -53.0735 ], [ -73.184682, -53.06463 ], [ -73.187001, -53.057794 ], [ -73.180328, -53.050958 ], [ -73.168284, -53.04461 ], [ -73.158681, -53.03631 ], [ -73.159657, -53.023614 ], [ -73.176666, -53.015232 ], [ -73.194895, -53.030369 ], [ -73.20816, -53.053155 ], [ -73.210561, -53.068048 ], [ -73.202138, -53.073663 ], [ -73.191396, -53.078546 ], [ -73.182688, -53.08408 ], [ -73.180084, -53.091241 ], [ -73.187245, -53.102472 ], [ -73.198476, -53.104913 ], [ -73.210764, -53.102634 ], [ -73.221099, -53.099298 ], [ -73.232493, -53.094171 ], [ -73.241851, -53.087335 ], [ -73.252919, -53.081476 ], [ -73.32726, -53.071466 ], [ -73.358266, -53.050958 ], [ -73.38622, -53.016778 ], [ -73.399078, -53.014744 ], [ -73.426259, -53.017755 ], [ -73.437123, -53.013116 ], [ -73.45287, -52.996677 ], [ -73.455963, -52.986505 ], [ -73.443959, -52.982029 ], [ -73.404368, -52.980727 ], [ -73.392445, -52.982029 ], [ -73.384145, -52.986017 ], [ -73.376332, -52.99212 ], [ -73.366363, -52.996515 ], [ -73.35143, -52.995782 ], [ -73.357655, -52.987074 ], [ -73.36441, -52.980645 ], [ -73.36974, -52.974216 ], [ -73.371938, -52.965265 ], [ -73.366282, -52.95672 ], [ -73.352773, -52.955011 ], [ -73.323557, -52.955336 ], [ -73.322499, -52.951593 ], [ -73.322662, -52.944513 ], [ -73.320912, -52.937433 ], [ -73.313873, -52.934259 ], [ -73.308746, -52.935317 ], [ -73.299184, -52.940037 ], [ -73.278391, -52.943943 ], [ -73.255035, -52.957127 ], [ -73.241567, -52.961602 ], [ -73.245188, -52.951267 ], [ -73.262074, -52.927423 ], [ -73.235992, -52.930759 ], [ -73.227935, -52.934259 ], [ -73.232655, -52.913751 ], [ -73.223541, -52.901462 ], [ -73.204742, -52.896905 ], [ -73.213857, -52.887791 ], [ -73.288726, -52.902114 ], [ -73.303049, -52.882745 ], [ -73.307851, -52.873793 ], [ -73.319936, -52.877618 ], [ -73.335683, -52.884535 ], [ -73.35143, -52.885919 ], [ -73.36205, -52.875909 ], [ -73.370717, -52.859796 ], [ -73.382639, -52.844822 ], [ -73.402984, -52.838067 ], [ -73.492055, -52.825616 ], [ -73.54186, -52.812433 ], [ -73.56371, -52.797052 ], [ -73.540883, -52.780043 ], [ -73.494496, -52.775323 ], [ -73.458852, -52.784845 ], [ -73.468129, -52.810724 ], [ -73.447987, -52.806817 ], [ -73.424631, -52.782403 ], [ -73.409495, -52.776625 ], [ -73.39623, -52.782647 ], [ -73.384185, -52.803806 ], [ -73.375356, -52.80047 ], [ -73.367177, -52.795994 ], [ -73.354848, -52.792413 ], [ -73.342519, -52.791192 ], [ -73.324859, -52.79754 ], [ -73.315419, -52.793715 ], [ -73.305979, -52.787286 ], [ -73.296213, -52.783461 ], [ -73.253774, -52.791192 ], [ -73.233062, -52.790623 ], [ -73.221099, -52.776625 ], [ -73.233632, -52.77809 ], [ -73.24413, -52.777032 ], [ -73.250152, -52.772393 ], [ -73.249013, -52.762872 ], [ -73.260854, -52.754002 ], [ -73.287587, -52.761651 ], [ -73.303049, -52.755548 ], [ -73.308339, -52.748712 ], [ -73.310455, -52.741632 ], [ -73.310455, -52.724786 ], [ -73.30663, -52.715427 ], [ -73.297963, -52.715509 ], [ -73.282582, -52.721368 ], [ -73.262359, -52.713149 ], [ -73.249379, -52.703871 ], [ -73.239369, -52.691502 ], [ -73.227935, -52.673598 ], [ -73.226674, -52.665785 ], [ -73.227528, -52.656834 ], [ -73.225982, -52.649347 ], [ -73.217397, -52.646254 ], [ -73.180084, -52.646254 ], [ -73.163319, -52.642999 ], [ -73.152699, -52.633966 ], [ -73.147084, -52.619887 ], [ -73.145375, -52.601658 ], [ -73.127309, -52.558282 ], [ -73.122141, -52.550063 ], [ -73.048655, -52.55462 ], [ -73.02302, -52.56406 ], [ -73.011057, -52.563165 ], [ -73.003977, -52.558282 ], [ -73.00886, -52.550063 ], [ -73.016754, -52.548272 ], [ -73.049794, -52.550063 ], [ -73.108144, -52.536391 ], [ -73.117991, -52.53281 ], [ -73.11559, -52.524102 ], [ -73.10851, -52.514255 ], [ -73.1044, -52.50628 ], [ -73.091624, -52.493829 ], [ -73.062245, -52.490899 ], [ -73.00886, -52.496026 ], [ -72.928822, -52.513442 ], [ -72.90746, -52.527032 ], [ -72.899281, -52.530206 ], [ -72.885854, -52.525649 ], [ -72.887359, -52.515313 ], [ -72.896474, -52.503839 ], [ -72.905832, -52.496026 ], [ -72.917958, -52.491795 ], [ -72.960357, -52.488539 ], [ -73.021392, -52.474786 ], [ -73.055776, -52.471449 ], [ -73.0808, -52.478692 ], [ -73.100575, -52.489353 ], [ -73.122629, -52.492852 ], [ -73.143544, -52.490004 ], [ -73.159657, -52.481703 ], [ -73.18224, -52.445571 ], [ -73.194976, -52.429864 ], [ -73.200592, -52.437433 ], [ -73.198598, -52.44671 ], [ -73.194651, -52.45672 ], [ -73.192128, -52.466729 ], [ -73.194447, -52.475518 ], [ -73.203725, -52.47975 ], [ -73.216298, -52.479425 ], [ -73.228179, -52.482354 ], [ -73.235341, -52.496026 ], [ -73.196523, -52.500909 ], [ -73.180898, -52.514825 ], [ -73.173655, -52.536065 ], [ -73.159657, -52.563735 ], [ -73.18578, -52.592055 ], [ -73.203196, -52.605645 ], [ -73.224477, -52.611505 ], [ -73.23884, -52.62005 ], [ -73.256215, -52.660414 ], [ -73.26891, -52.673598 ], [ -73.291086, -52.672947 ], [ -73.318593, -52.662774 ], [ -73.337758, -52.646661 ], [ -73.334381, -52.628839 ], [ -73.313791, -52.612074 ], [ -73.304921, -52.601821 ], [ -73.303049, -52.591567 ], [ -73.308461, -52.584649 ], [ -73.31664, -52.585626 ], [ -73.326731, -52.589614 ], [ -73.337758, -52.591567 ], [ -73.351674, -52.590753 ], [ -73.362457, -52.588067 ], [ -73.369456, -52.58115 ], [ -73.371938, -52.567478 ], [ -73.375234, -52.558201 ], [ -73.383453, -52.549005 ], [ -73.393625, -52.544122 ], [ -73.402984, -52.54697 ], [ -73.406972, -52.564386 ], [ -73.385365, -52.605564 ], [ -73.38622, -52.625746 ], [ -73.397328, -52.636489 ], [ -73.409901, -52.637465 ], [ -73.437123, -52.632013 ], [ -73.449696, -52.635186 ], [ -73.452952, -52.643162 ], [ -73.453359, -52.653416 ], [ -73.45759, -52.663344 ], [ -73.473256, -52.664321 ], [ -73.49352, -52.656345 ], [ -73.508697, -52.65602 ], [ -73.509104, -52.680352 ], [ -73.534779, -52.6749 ], [ -73.557932, -52.685317 ], [ -73.59789, -52.721368 ], [ -73.603342, -52.722345 ], [ -73.610341, -52.721124 ], [ -73.616363, -52.720961 ], [ -73.619008, -52.724786 ], [ -73.617787, -52.731052 ], [ -73.615224, -52.734063 ], [ -73.61266, -52.736098 ], [ -73.61148, -52.738702 ], [ -73.616444, -52.749119 ], [ -73.628082, -52.745212 ], [ -73.653147, -52.728204 ], [ -73.68517, -52.721368 ], [ -73.699534, -52.714532 ], [ -73.697825, -52.704278 ], [ -73.670969, -52.680108 ], [ -73.659983, -52.673598 ], [ -73.608266, -52.662693 ], [ -73.584381, -52.653253 ], [ -73.570546, -52.632013 ], [ -73.591542, -52.633966 ], [ -73.646311, -52.646254 ], [ -73.669586, -52.643243 ], [ -73.677317, -52.632257 ], [ -73.67984, -52.616306 ], [ -73.687856, -52.597833 ], [ -73.657948, -52.590753 ], [ -73.644439, -52.584405 ], [ -73.638824, -52.574314 ], [ -73.635854, -52.563165 ], [ -73.628529, -52.561293 ], [ -73.619618, -52.563409 ], [ -73.61148, -52.563735 ], [ -73.604848, -52.559259 ], [ -73.603261, -52.554783 ], [ -73.600657, -52.551365 ], [ -73.591054, -52.550063 ], [ -73.583974, -52.551202 ], [ -73.580149, -52.553481 ], [ -73.577545, -52.555841 ], [ -73.57429, -52.556899 ], [ -73.561838, -52.555352 ], [ -73.553375, -52.551039 ], [ -73.550893, -52.544529 ], [ -73.556264, -52.536391 ], [ -73.567047, -52.531671 ], [ -73.615224, -52.52337 ], [ -73.619252, -52.52044 ], [ -73.608632, -52.513604 ], [ -73.584218, -52.502211 ], [ -73.576894, -52.495701 ], [ -73.5655, -52.478936 ], [ -73.559967, -52.475518 ], [ -73.494862, -52.475518 ], [ -73.518788, -52.46502 ], [ -73.530914, -52.456964 ], [ -73.530181, -52.444268 ], [ -73.515289, -52.420343 ], [ -73.532948, -52.415297 ], [ -73.547271, -52.425958 ], [ -73.562001, -52.440688 ], [ -73.581125, -52.448337 ], [ -73.654408, -52.430759 ], [ -73.666168, -52.424005 ], [ -73.66511, -52.400079 ], [ -73.660268, -52.383884 ], [ -73.649037, -52.37477 ], [ -73.628896, -52.372003 ], [ -73.620351, -52.375177 ], [ -73.613759, -52.381768 ], [ -73.606923, -52.386977 ], [ -73.59789, -52.386163 ], [ -73.589182, -52.379083 ], [ -73.585194, -52.369724 ], [ -73.584218, -52.348321 ], [ -73.578359, -52.343845 ], [ -73.56786, -52.333266 ], [ -73.562978, -52.322849 ], [ -73.57429, -52.317966 ], [ -73.598378, -52.302179 ], [ -73.604726, -52.296808 ], [ -73.61266, -52.277439 ], [ -73.60676, -52.264581 ], [ -73.594797, -52.252211 ], [ -73.584218, -52.234796 ], [ -73.580556, -52.208429 ], [ -73.591379, -52.200453 ], [ -73.610707, -52.19964 ], [ -73.632639, -52.19378 ], [ -73.632151, -52.188897 ], [ -73.637115, -52.175551 ], [ -73.6433, -52.16367 ], [ -73.646311, -52.163018 ], [ -73.650706, -52.158136 ], [ -73.680409, -52.145929 ], [ -73.688344, -52.122328 ], [ -73.719635, -52.095798 ], [ -73.744985, -52.065362 ], [ -73.735015, -52.029962 ], [ -73.715891, -52.020603 ], [ -73.698964, -52.0263 ], [ -73.676991, -52.043064 ], [ -73.674306, -52.051446 ], [ -73.638824, -52.09824 ], [ -73.625478, -52.130141 ], [ -73.614573, -52.144708 ], [ -73.601308, -52.142511 ], [ -73.58137, -52.134373 ], [ -73.568267, -52.148614 ], [ -73.558949, -52.170994 ], [ -73.55012, -52.186944 ], [ -73.528879, -52.195571 ], [ -73.510854, -52.189874 ], [ -73.494496, -52.179457 ], [ -73.478098, -52.173923 ], [ -73.468332, -52.169041 ], [ -73.483876, -52.157647 ], [ -73.522776, -52.139093 ], [ -73.495717, -52.131931 ], [ -73.462961, -52.13836 ], [ -73.431711, -52.153009 ], [ -73.387196, -52.191176 ], [ -73.361969, -52.20794 ], [ -73.333852, -52.218683 ], [ -73.303049, -52.221775 ], [ -73.271596, -52.216078 ], [ -73.242828, -52.202081 ], [ -73.221791, -52.179864 ], [ -73.213694, -52.149509 ], [ -73.216176, -52.125095 ], [ -73.213775, -52.119236 ], [ -73.204091, -52.108087 ], [ -73.191314, -52.103774 ], [ -73.173411, -52.10711 ], [ -73.156117, -52.115167 ], [ -73.145375, -52.125584 ], [ -73.118804, -52.102146 ], [ -73.086903, -52.082452 ], [ -73.052602, -52.069106 ], [ -73.018788, -52.06406 ], [ -72.997792, -52.064874 ], [ -72.98766, -52.069268 ], [ -72.983632, -52.079522 ], [ -72.980946, -52.09824 ], [ -72.980824, -52.109796 ], [ -72.982981, -52.126723 ], [ -72.987457, -52.142999 ], [ -72.994537, -52.152927 ], [ -73.003489, -52.154229 ], [ -73.023508, -52.147882 ], [ -73.032704, -52.145929 ], [ -73.040883, -52.148858 ], [ -73.045888, -52.155532 ], [ -73.049428, -52.163751 ], [ -73.053538, -52.17018 ], [ -73.06371, -52.181573 ], [ -73.073801, -52.195733 ], [ -73.081532, -52.21087 ], [ -73.084584, -52.225193 ], [ -73.079254, -52.237074 ], [ -73.067494, -52.23211 ], [ -73.027455, -52.192966 ], [ -73.014312, -52.187433 ], [ -72.994537, -52.186944 ], [ -72.946645, -52.201755 ], [ -72.921986, -52.213962 ], [ -72.916371, -52.225193 ], [ -72.922109, -52.238458 ], [ -72.912831, -52.244806 ], [ -72.885894, -52.248305 ], [ -72.87267, -52.253351 ], [ -72.866444, -52.256768 ], [ -72.861155, -52.255955 ], [ -72.840688, -52.240655 ], [ -72.834828, -52.233982 ], [ -72.832021, -52.225274 ], [ -72.831288, -52.211196 ], [ -72.827952, -52.200616 ], [ -72.812978, -52.179132 ], [ -72.80956, -52.17018 ], [ -72.806793, -52.14658 ], [ -72.798736, -52.129653 ], [ -72.768625, -52.09824 ], [ -72.754303, -52.075128 ], [ -72.754872, -52.056817 ], [ -72.768381, -52.051202 ], [ -72.825795, -52.091404 ], [ -72.841176, -52.105727 ], [ -72.850575, -52.125584 ], [ -72.850982, -52.161228 ], [ -72.854604, -52.178481 ], [ -72.86856, -52.197198 ], [ -72.883697, -52.198337 ], [ -72.90746, -52.190037 ], [ -72.931467, -52.17783 ], [ -72.947377, -52.166436 ], [ -72.940989, -52.1513 ], [ -72.948842, -52.121759 ], [ -72.940175, -52.095636 ], [ -72.950307, -52.06463 ], [ -72.947377, -52.049737 ], [ -72.932729, -52.039483 ], [ -72.920318, -52.045668 ], [ -72.910227, -52.05755 ], [ -72.902333, -52.06406 ], [ -72.894521, -52.057061 ], [ -72.887074, -52.023696 ], [ -72.882232, -52.012302 ], [ -72.874745, -51.999607 ], [ -72.870595, -51.968194 ], [ -72.864858, -51.954767 ], [ -72.853627, -51.948337 ], [ -72.834462, -51.94199 ], [ -72.814931, -51.937595 ], [ -72.802805, -51.937433 ], [ -72.741322, -51.968438 ], [ -72.69579, -51.981378 ], [ -72.686676, -51.988377 ], [ -72.688791, -52.007501 ], [ -72.704213, -52.021742 ], [ -72.715077, -52.037286 ], [ -72.703481, -52.060317 ], [ -72.693959, -52.067153 ], [ -72.670277, -52.077732 ], [ -72.658762, -52.084568 ], [ -72.651845, -52.092543 ], [ -72.648752, -52.10003 ], [ -72.644032, -52.106622 ], [ -72.632069, -52.111912 ], [ -72.631581, -52.108494 ], [ -72.628163, -52.102146 ], [ -72.622426, -52.098077 ], [ -72.614654, -52.101332 ], [ -72.601389, -52.111912 ], [ -72.598256, -52.11712 ], [ -72.580881, -52.139093 ], [ -72.576812, -52.142511 ], [ -72.568512, -52.164321 ], [ -72.551259, -52.179132 ], [ -72.536529, -52.195571 ], [ -72.535878, -52.221775 ], [ -72.541371, -52.228123 ], [ -72.550649, -52.233982 ], [ -72.559397, -52.241306 ], [ -72.56314, -52.25213 ], [ -72.56432, -52.260186 ], [ -72.569447, -52.27516 ], [ -72.574208, -52.309177 ], [ -72.584788, -52.327081 ], [ -72.601715, -52.339288 ], [ -72.624623, -52.344659 ], [ -72.636708, -52.343927 ], [ -72.649037, -52.340916 ], [ -72.660308, -52.335545 ], [ -72.669667, -52.327813 ], [ -72.679026, -52.323012 ], [ -72.68578, -52.328709 ], [ -72.696645, -52.348321 ], [ -72.714508, -52.362888 ], [ -72.740061, -52.374933 ], [ -72.76537, -52.377862 ], [ -72.782867, -52.365655 ], [ -72.775217, -52.382582 ], [ -72.781606, -52.386977 ], [ -72.793813, -52.385837 ], [ -72.803375, -52.386163 ], [ -72.81135, -52.392511 ], [ -72.831288, -52.413507 ], [ -72.852162, -52.425226 ], [ -72.879384, -52.434666 ], [ -72.908274, -52.440118 ], [ -72.933746, -52.440851 ], [ -72.930531, -52.448175 ], [ -72.926991, -52.451755 ], [ -72.921702, -52.45322 ], [ -72.913238, -52.453871 ], [ -72.888987, -52.451837 ], [ -72.839426, -52.437433 ], [ -72.790761, -52.429864 ], [ -72.745961, -52.411716 ], [ -72.721425, -52.406671 ], [ -72.692983, -52.407973 ], [ -72.614654, -52.420343 ], [ -72.589955, -52.427911 ], [ -72.571441, -52.442966 ], [ -72.551422, -52.453546 ], [ -72.522206, -52.448337 ], [ -72.505686, -52.433689 ], [ -72.520985, -52.425226 ], [ -72.606313, -52.417087 ], [ -72.621938, -52.412774 ], [ -72.632069, -52.406671 ], [ -72.637563, -52.397638 ], [ -72.634145, -52.393976 ], [ -72.624582, -52.391534 ], [ -72.611562, -52.386163 ], [ -72.576812, -52.365411 ], [ -72.546132, -52.341485 ], [ -72.526479, -52.329767 ], [ -72.509999, -52.324884 ], [ -72.497141, -52.315362 ], [ -72.469594, -52.223403 ], [ -72.466949, -52.204278 ], [ -72.475657, -52.187433 ], [ -72.579742, -52.096938 ], [ -72.60851, -52.083591 ], [ -72.648671, -52.049005 ], [ -72.658762, -52.036228 ], [ -72.664703, -51.970636 ], [ -72.669667, -51.961033 ], [ -72.661122, -51.957452 ], [ -72.654408, -51.950453 ], [ -72.645985, -51.945408 ], [ -72.632069, -51.947361 ], [ -72.625152, -51.95436 ], [ -72.619944, -51.964614 ], [ -72.612294, -51.973321 ], [ -72.597971, -51.975274 ], [ -72.587554, -51.968438 ], [ -72.582428, -51.945489 ], [ -72.57372, -51.940606 ], [ -72.561757, -51.942804 ], [ -72.541331, -51.952569 ], [ -72.529042, -51.954767 ], [ -72.504018, -51.95143 ], [ -72.484975, -51.942478 ], [ -72.468984, -51.929295 ], [ -72.453277, -51.913263 ], [ -72.46642, -51.896417 ], [ -72.498118, -51.874119 ], [ -72.507924, -51.858575 ], [ -72.508372, -51.837091 ], [ -72.498158, -51.820977 ], [ -72.466949, -51.789727 ], [ -72.494944, -51.76922 ], [ -72.509836, -51.728204 ], [ -72.522043, -51.713067 ], [ -72.563222, -51.702732 ], [ -72.607981, -51.678481 ], [ -72.624623, -51.666762 ], [ -72.635487, -51.655043 ], [ -72.669667, -51.608168 ], [ -72.689036, -51.593438 ], [ -72.712514, -51.582208 ], [ -72.737701, -51.57464 ], [ -72.762441, -51.570571 ], [ -72.827545, -51.570571 ], [ -72.837514, -51.567315 ], [ -72.858388, -51.55283 ], [ -72.86856, -51.549493 ], [ -72.898997, -51.549005 ], [ -72.915151, -51.547052 ], [ -72.926259, -51.542657 ], [ -72.932729, -51.534601 ], [ -72.942209, -51.515232 ], [ -72.947377, -51.508477 ], [ -72.969472, -51.498468 ], [ -73.029164, -51.488539 ], [ -73.053538, -51.487481 ], [ -73.067942, -51.478611 ], [ -73.079742, -51.458266 ], [ -73.084381, -51.435642 ], [ -73.077138, -51.419692 ], [ -73.090972, -51.420831 ], [ -73.122629, -51.439711 ], [ -73.13915, -51.447035 ], [ -73.245473, -51.46502 ], [ -73.260365, -51.471124 ], [ -73.267649, -51.480564 ], [ -73.262074, -51.494887 ], [ -73.245595, -51.506606 ], [ -73.227122, -51.507908 ], [ -73.173573, -51.497328 ], [ -73.157338, -51.490004 ], [ -73.140614, -51.487563 ], [ -73.122141, -51.498305 ], [ -73.105133, -51.502211 ], [ -73.054311, -51.502618 ], [ -73.043568, -51.511895 ], [ -73.041615, -51.522638 ], [ -73.038686, -51.528904 ], [ -73.038889, -51.535333 ], [ -73.046742, -51.546075 ], [ -73.054107, -51.55169 ], [ -73.073069, -51.561293 ], [ -73.106109, -51.583917 ], [ -73.110748, -51.593357 ], [ -73.098256, -51.60475 ], [ -73.037709, -51.565118 ], [ -73.024648, -51.560642 ], [ -73.023101, -51.55462 ], [ -73.023671, -51.547784 ], [ -73.02184, -51.542657 ], [ -73.013417, -51.536228 ], [ -73.00178, -51.529392 ], [ -72.989166, -51.526625 ], [ -72.977773, -51.53281 ], [ -72.949574, -51.559177 ], [ -72.943674, -51.563165 ], [ -72.922963, -51.567478 ], [ -72.858022, -51.597345 ], [ -72.835683, -51.598403 ], [ -72.814565, -51.595473 ], [ -72.793813, -51.596124 ], [ -72.772328, -51.608168 ], [ -72.757924, -51.623468 ], [ -72.715891, -51.681817 ], [ -72.710601, -51.691013 ], [ -72.702952, -51.698012 ], [ -72.690094, -51.700942 ], [ -72.635487, -51.707208 ], [ -72.632436, -51.70908 ], [ -72.623362, -51.718194 ], [ -72.617787, -51.721449 ], [ -72.609731, -51.722345 ], [ -72.592519, -51.72088 ], [ -72.562611, -51.724786 ], [ -72.555247, -51.729669 ], [ -72.54955, -51.741306 ], [ -72.551584, -51.757582 ], [ -72.562408, -51.778253 ], [ -72.578033, -51.795994 ], [ -72.604888, -51.807224 ], [ -72.631907, -51.825616 ], [ -72.645131, -51.831313 ], [ -72.658193, -51.832696 ], [ -72.699696, -51.831313 ], [ -72.71581, -51.836602 ], [ -72.72411, -51.838149 ], [ -72.727651, -51.834405 ], [ -72.728993, -51.830173 ], [ -72.735585, -51.819268 ], [ -72.737904, -51.817071 ], [ -72.786285, -51.810805 ], [ -72.800038, -51.802504 ], [ -72.812489, -51.784845 ], [ -72.829742, -51.767999 ], [ -72.858022, -51.762384 ], [ -72.884511, -51.773858 ], [ -72.899322, -51.776056 ], [ -72.905832, -51.765802 ], [ -72.909413, -51.757745 ], [ -72.917958, -51.75742 ], [ -72.962717, -51.768487 ], [ -72.976674, -51.76922 ], [ -72.988352, -51.762384 ], [ -72.990387, -51.753188 ], [ -72.986195, -51.743585 ], [ -72.983144, -51.733331 ], [ -72.988352, -51.721449 ], [ -72.998158, -51.718927 ], [ -73.029408, -51.716729 ], [ -73.036204, -51.71087 ], [ -73.039866, -51.702081 ], [ -73.048818, -51.696873 ], [ -73.059967, -51.694268 ], [ -73.070221, -51.693536 ], [ -73.12328, -51.701918 ], [ -73.150787, -51.703058 ], [ -73.173329, -51.693536 ], [ -73.184804, -51.670017 ], [ -73.180287, -51.650649 ], [ -73.182444, -51.637465 ], [ -73.228424, -51.629083 ], [ -73.242014, -51.611505 ], [ -73.255238, -51.60475 ], [ -73.268381, -51.603774 ], [ -73.280019, -51.606215 ], [ -73.289622, -51.611423 ], [ -73.296213, -51.618341 ], [ -73.253814, -51.636489 ], [ -73.237538, -51.647393 ], [ -73.227935, -51.666762 ], [ -73.228424, -51.679295 ], [ -73.232249, -51.688165 ], [ -73.233022, -51.697524 ], [ -73.224477, -51.71087 ], [ -73.213857, -51.717462 ], [ -73.199534, -51.720473 ], [ -73.070058, -51.724542 ], [ -73.026682, -51.744073 ], [ -72.994537, -51.789727 ], [ -73.027577, -51.777439 ], [ -73.066803, -51.75506 ], [ -73.106028, -51.744887 ], [ -73.13915, -51.76922 ], [ -73.128407, -51.775567 ], [ -73.116444, -51.776462 ], [ -73.104644, -51.772719 ], [ -73.094472, -51.765802 ], [ -73.084218, -51.761326 ], [ -73.074086, -51.762953 ], [ -73.060374, -51.76922 ], [ -73.049224, -51.777927 ], [ -73.045644, -51.797621 ], [ -73.046742, -51.818617 ], [ -73.049794, -51.831313 ], [ -73.082346, -51.853611 ], [ -73.174143, -51.859796 ], [ -73.207428, -51.879083 ], [ -73.190419, -51.887384 ], [ -73.16804, -51.889825 ], [ -73.14566, -51.886163 ], [ -73.12857, -51.875665 ], [ -73.118316, -51.871026 ], [ -73.077138, -51.872247 ], [ -73.06664, -51.868422 ], [ -73.043568, -51.85117 ], [ -73.008616, -51.832208 ], [ -72.972401, -51.82171 ], [ -72.940785, -51.827732 ], [ -72.919423, -51.858575 ], [ -72.937611, -51.869399 ], [ -73.002024, -51.885349 ], [ -73.06135, -51.916111 ], [ -73.0808, -51.920668 ], [ -73.103261, -51.922459 ], [ -73.12682, -51.928481 ], [ -73.145334, -51.940037 ], [ -73.152821, -51.95794 ], [ -73.155751, -51.971856 ], [ -73.173329, -52.022556 ], [ -73.174387, -52.047052 ], [ -73.172719, -52.066583 ], [ -73.176666, -52.081231 ], [ -73.194447, -52.090753 ], [ -73.223704, -52.091485 ], [ -73.241933, -52.079034 ], [ -73.272613, -52.039646 ], [ -73.275014, -52.023207 ], [ -73.268219, -51.971938 ], [ -73.272613, -51.961033 ], [ -73.280141, -51.952407 ], [ -73.303049, -51.899591 ], [ -73.295277, -51.871677 ], [ -73.299713, -51.831964 ], [ -73.326772, -51.726983 ], [ -73.33849, -51.699802 ], [ -73.356801, -51.676446 ], [ -73.38622, -51.65252 ], [ -73.386708, -51.670831 ], [ -73.379954, -51.683526 ], [ -73.358266, -51.707208 ], [ -73.350657, -51.721449 ], [ -73.341298, -51.752699 ], [ -73.332631, -51.801853 ], [ -73.328521, -51.861423 ], [ -73.311431, -51.957696 ], [ -73.307973, -52.022068 ], [ -73.285024, -52.104425 ], [ -73.282582, -52.142511 ], [ -73.292836, -52.165704 ], [ -73.316233, -52.166111 ], [ -73.341664, -52.155369 ], [ -73.358266, -52.145929 ], [ -73.394399, -52.134454 ], [ -73.39981, -52.129002 ], [ -73.402659, -52.117852 ], [ -73.409657, -52.108005 ], [ -73.419423, -52.100844 ], [ -73.451568, -52.094334 ], [ -73.540028, -52.055271 ], [ -73.563547, -52.039972 ], [ -73.581288, -52.021905 ], [ -73.581125, -52.005466 ], [ -73.572906, -51.983657 ], [ -73.58316, -51.965265 ], [ -73.600006, -51.948989 ], [ -73.61148, -51.93434 ], [ -73.601308, -51.934991 ], [ -73.593129, -51.934015 ], [ -73.585764, -51.931248 ], [ -73.577992, -51.926935 ], [ -73.59496, -51.911879 ], [ -73.622385, -51.88128 ], [ -73.645579, -51.848728 ], [ -73.649729, -51.827895 ], [ -73.62092, -51.812188 ], [ -73.599273, -51.822686 ], [ -73.56371, -51.865411 ], [ -73.537709, -51.883559 ], [ -73.527089, -51.895196 ], [ -73.522776, -51.909845 ], [ -73.520497, -51.923923 ], [ -73.514027, -51.938572 ], [ -73.504221, -51.950128 ], [ -73.464223, -51.96738 ], [ -73.451812, -51.993341 ], [ -73.436431, -52.015232 ], [ -73.39981, -52.01572 ], [ -73.415517, -51.990411 ], [ -73.481801, -51.913263 ], [ -73.475575, -51.911554 ], [ -73.46939, -51.908868 ], [ -73.462636, -51.906671 ], [ -73.454498, -51.906427 ], [ -73.461171, -51.895685 ], [ -73.470448, -51.892185 ], [ -73.480133, -51.890313 ], [ -73.488637, -51.885349 ], [ -73.492258, -51.875421 ], [ -73.493031, -51.854913 ], [ -73.498525, -51.85117 ], [ -73.519846, -51.846449 ], [ -73.530629, -51.834731 ], [ -73.531484, -51.819268 ], [ -73.522776, -51.803399 ], [ -73.550445, -51.789483 ], [ -73.579823, -51.76865 ], [ -73.589182, -51.749607 ], [ -73.534006, -51.736017 ], [ -73.503489, -51.722752 ], [ -73.475657, -51.705011 ], [ -73.460683, -51.6867 ], [ -73.488189, -51.687595 ], [ -73.509877, -51.696059 ], [ -73.55012, -51.721449 ], [ -73.55012, -51.680434 ], [ -73.562408, -51.689548 ], [ -73.578765, -51.713556 ], [ -73.591664, -51.721449 ], [ -73.611643, -51.719985 ], [ -73.62328, -51.707696 ], [ -73.630198, -51.693455 ], [ -73.635732, -51.6867 ], [ -73.654856, -51.688572 ], [ -73.659291, -51.694431 ], [ -73.660471, -51.704197 ], [ -73.677642, -51.728123 ], [ -73.683746, -51.741876 ], [ -73.685536, -51.756606 ], [ -73.680409, -51.76922 ], [ -73.699452, -51.785252 ], [ -73.718902, -51.775811 ], [ -73.762318, -51.73504 ], [ -73.762766, -51.715102 ], [ -73.812001, -51.688572 ], [ -73.807037, -51.670017 ], [ -73.786366, -51.659926 ], [ -73.737172, -51.650974 ], [ -73.714589, -51.638849 ], [ -73.73648, -51.637384 ], [ -73.760162, -51.642511 ], [ -73.784169, -51.644952 ], [ -73.807037, -51.635837 ], [ -73.818918, -51.628839 ], [ -73.828521, -51.628513 ], [ -73.838612, -51.631036 ], [ -73.85143, -51.632582 ], [ -73.86384, -51.628676 ], [ -73.874582, -51.621677 ], [ -73.885813, -51.618097 ], [ -73.899526, -51.625177 ], [ -73.902984, -51.618259 ], [ -73.904205, -51.611749 ], [ -73.903188, -51.604913 ], [ -73.899526, -51.597345 ], [ -73.891225, -51.586684 ], [ -73.884145, -51.583429 ], [ -73.87621, -51.582208 ], [ -73.865387, -51.577407 ], [ -73.826039, -51.546563 ], [ -73.816965, -51.536554 ], [ -73.881459, -51.536798 ], [ -73.90925, -51.526951 ], [ -73.920644, -51.498305 ], [ -73.917226, -51.490899 ], [ -73.910634, -51.484959 ], [ -73.906321, -51.478774 ], [ -73.909779, -51.470961 ], [ -73.914133, -51.465509 ], [ -73.919342, -51.455662 ], [ -73.923695, -51.450291 ], [ -73.928782, -51.439142 ], [ -73.928293, -51.415216 ], [ -73.934316, -51.40602 ], [ -73.934316, -51.399347 ], [ -73.899281, -51.375177 ], [ -73.88036, -51.367934 ], [ -73.872182, -51.382257 ], [ -73.86144, -51.392836 ], [ -73.814036, -51.392185 ], [ -73.803334, -51.402765 ], [ -73.79662, -51.418145 ], [ -73.780751, -51.433038 ], [ -73.748118, -51.453302 ], [ -73.71345, -51.469822 ], [ -73.699534, -51.480076 ], [ -73.687856, -51.494887 ], [ -73.663564, -51.541274 ], [ -73.65453, -51.566583 ], [ -73.630605, -51.596124 ], [ -73.620839, -51.628188 ], [ -73.611887, -51.625421 ], [ -73.604482, -51.611423 ], [ -73.604726, -51.591078 ], [ -73.610015, -51.578383 ], [ -73.638824, -51.536554 ], [ -73.616444, -51.522882 ], [ -73.604604, -51.512953 ], [ -73.608144, -51.508477 ], [ -73.63915, -51.509373 ], [ -73.651438, -51.505548 ], [ -73.659983, -51.494887 ], [ -73.655588, -51.468438 ], [ -73.59968, -51.451267 ], [ -73.59789, -51.432794 ], [ -73.637929, -51.446466 ], [ -73.669097, -51.438653 ], [ -73.692209, -51.414483 ], [ -73.719553, -51.356541 ], [ -73.721425, -51.347752 ], [ -73.721425, -51.309991 ], [ -73.720123, -51.299249 ], [ -73.717437, -51.293552 ], [ -73.717681, -51.288507 ], [ -73.725087, -51.279474 ], [ -73.740387, -51.26922 ], [ -73.745961, -51.263116 ], [ -73.748118, -51.251886 ], [ -73.752838, -51.248712 ], [ -73.775461, -51.240899 ], [ -73.782826, -51.234796 ], [ -73.784291, -51.223565 ], [ -73.779408, -51.215102 ], [ -73.772939, -51.208754 ], [ -73.769846, -51.20379 ], [ -73.759592, -51.195001 ], [ -73.737131, -51.208429 ], [ -73.704661, -51.238214 ], [ -73.70108, -51.247491 ], [ -73.70165, -51.258233 ], [ -73.701039, -51.268324 ], [ -73.694081, -51.275811 ], [ -73.682729, -51.275974 ], [ -73.681752, -51.264907 ], [ -73.687856, -51.24505 ], [ -73.692616, -51.214532 ], [ -73.689198, -51.202325 ], [ -73.673573, -51.19378 ], [ -73.673573, -51.187677 ], [ -73.690419, -51.190851 ], [ -73.704905, -51.190606 ], [ -73.717519, -51.186782 ], [ -73.728831, -51.17962 ], [ -73.721181, -51.167901 ], [ -73.694081, -51.139255 ], [ -73.706288, -51.131524 ], [ -73.715484, -51.135024 ], [ -73.72411, -51.142185 ], [ -73.735015, -51.14544 ], [ -73.744374, -51.14186 ], [ -73.769846, -51.118097 ], [ -73.773997, -51.128351 ], [ -73.771067, -51.133396 ], [ -73.765696, -51.137465 ], [ -73.762318, -51.14544 ], [ -73.761383, -51.159601 ], [ -73.762847, -51.163832 ], [ -73.769195, -51.166111 ], [ -73.782826, -51.173435 ], [ -73.8579, -51.22796 ], [ -73.879384, -51.237888 ], [ -73.897572, -51.238539 ], [ -73.913971, -51.231541 ], [ -73.941396, -51.209242 ], [ -73.967275, -51.194106 ], [ -73.97525, -51.187677 ], [ -73.978139, -51.179946 ], [ -73.982045, -51.152276 ], [ -73.992177, -51.136895 ], [ -74.00829, -51.118585 ], [ -74.023305, -51.111017 ], [ -74.029897, -51.128025 ], [ -74.025624, -51.148696 ], [ -74.018463, -51.170505 ], [ -74.016998, -51.190851 ], [ -74.029897, -51.207615 ], [ -74.054026, -51.212335 ], [ -74.079457, -51.204685 ], [ -74.105051, -51.193455 ], [ -74.129506, -51.187677 ], [ -74.135976, -51.176935 ], [ -74.132883, -51.111261 ], [ -74.134592, -51.09295 ], [ -74.149648, -51.080255 ], [ -74.154449, -51.070733 ], [ -74.152943, -51.060968 ], [ -74.148061, -51.052179 ], [ -74.098215, -51.001642 ], [ -74.077707, -50.987888 ], [ -74.086334, -50.981622 ], [ -74.086822, -50.973891 ], [ -74.081166, -50.966241 ], [ -74.071441, -50.960545 ], [ -74.071441, -50.953709 ], [ -74.089182, -50.957127 ], [ -74.102162, -50.964532 ], [ -74.18399, -51.033949 ], [ -74.196645, -51.037693 ], [ -74.232249, -51.035577 ], [ -74.239369, -51.027927 ], [ -74.23884, -50.989679 ], [ -74.242177, -50.974216 ], [ -74.224517, -50.965753 ], [ -74.225209, -50.955824 ], [ -74.237904, -50.946466 ], [ -74.256418, -50.939386 ], [ -74.232574, -50.907485 ], [ -74.195546, -50.885024 ], [ -74.151031, -50.872817 ], [ -74.10497, -50.871189 ], [ -73.995717, -50.885431 ], [ -73.97525, -50.890802 ], [ -73.951731, -50.893162 ], [ -73.932973, -50.886407 ], [ -73.926829, -50.864353 ], [ -73.902211, -50.873305 ], [ -73.874257, -50.889093 ], [ -73.855458, -50.909601 ], [ -73.8579, -50.933201 ], [ -73.803334, -50.960545 ], [ -73.801747, -50.947035 ], [ -73.790354, -50.931329 ], [ -73.789662, -50.919529 ], [ -73.816965, -50.878025 ], [ -73.8579, -50.844415 ], [ -73.863759, -50.842869 ], [ -73.870961, -50.843357 ], [ -73.877065, -50.841892 ], [ -73.879709, -50.834161 ], [ -73.877512, -50.828383 ], [ -73.872548, -50.825616 ], [ -73.867584, -50.823826 ], [ -73.865387, -50.820489 ], [ -73.854604, -50.797296 ], [ -73.829986, -50.797052 ], [ -73.803375, -50.808526 ], [ -73.776601, -50.82586 ], [ -73.761627, -50.830011 ], [ -73.747914, -50.82936 ], [ -73.741851, -50.820489 ], [ -73.747874, -50.812677 ], [ -73.777821, -50.802341 ], [ -73.789662, -50.796563 ], [ -73.783315, -50.788263 ], [ -73.776763, -50.774184 ], [ -73.77184, -50.758477 ], [ -73.769846, -50.74505 ], [ -73.77245, -50.729669 ], [ -73.782541, -50.700372 ], [ -73.782826, -50.686782 ], [ -73.772939, -50.670668 ], [ -73.755442, -50.660252 ], [ -73.735422, -50.654392 ], [ -73.700103, -50.650323 ], [ -73.668202, -50.640558 ], [ -73.653147, -50.63836 ], [ -73.636708, -50.639907 ], [ -73.620025, -50.644464 ], [ -73.604482, -50.650974 ], [ -73.591664, -50.658868 ], [ -73.561147, -50.700616 ], [ -73.553212, -50.707208 ], [ -73.533355, -50.706476 ], [ -73.5301, -50.703383 ], [ -73.532379, -50.697198 ], [ -73.529612, -50.686782 ], [ -73.519928, -50.676853 ], [ -73.508656, -50.672784 ], [ -73.474355, -50.672459 ], [ -73.487131, -50.660089 ], [ -73.50768, -50.657485 ], [ -73.530588, -50.657485 ], [ -73.55012, -50.652602 ], [ -73.557037, -50.633559 ], [ -73.559967, -50.628351 ], [ -73.567738, -50.624444 ], [ -73.57787, -50.62363 ], [ -73.598215, -50.624688 ], [ -73.635365, -50.618422 ], [ -73.668691, -50.602634 ], [ -73.725087, -50.559503 ], [ -73.728017, -50.548028 ], [ -73.721059, -50.533136 ], [ -73.70934, -50.520278 ], [ -73.697825, -50.514825 ], [ -73.659332, -50.512953 ], [ -73.642161, -50.508884 ], [ -73.625152, -50.501153 ], [ -73.607004, -50.483494 ], [ -73.582021, -50.432061 ], [ -73.56371, -50.404962 ], [ -73.587554, -50.403416 ], [ -73.60912, -50.424249 ], [ -73.646311, -50.47381 ], [ -73.657948, -50.482029 ], [ -73.669993, -50.488458 ], [ -73.683176, -50.492771 ], [ -73.709543, -50.496677 ], [ -73.729115, -50.506443 ], [ -73.759389, -50.51572 ], [ -73.767812, -50.533298 ], [ -73.77599, -50.576918 ], [ -73.783803, -50.587335 ], [ -73.792836, -50.593438 ], [ -73.800201, -50.600681 ], [ -73.803334, -50.614435 ], [ -73.801178, -50.626642 ], [ -73.797963, -50.636163 ], [ -73.798329, -50.645196 ], [ -73.82551, -50.679457 ], [ -73.822987, -50.698419 ], [ -73.813466, -50.717543 ], [ -73.81078, -50.741957 ], [ -73.822621, -50.757908 ], [ -73.846099, -50.775811 ], [ -73.87092, -50.789646 ], [ -73.886138, -50.793145 ], [ -73.89802, -50.792413 ], [ -73.907338, -50.7999 ], [ -73.920644, -50.817071 ], [ -73.937123, -50.827081 ], [ -73.947011, -50.829767 ], [ -73.985219, -50.830011 ], [ -74.042714, -50.822035 ], [ -74.060618, -50.813653 ], [ -74.11266, -50.778009 ], [ -74.126088, -50.762465 ], [ -74.068267, -50.736098 ], [ -74.0572, -50.727716 ], [ -74.06017, -50.712009 ], [ -74.078481, -50.701104 ], [ -74.118642, -50.686782 ], [ -74.117096, -50.700942 ], [ -74.115631, -50.706964 ], [ -74.112416, -50.714044 ], [ -74.134104, -50.733005 ], [ -74.147125, -50.728692 ], [ -74.167063, -50.686782 ], [ -74.181956, -50.666681 ], [ -74.220693, -50.626072 ], [ -74.235951, -50.604181 ], [ -74.219594, -50.585707 ], [ -74.202626, -50.572035 ], [ -74.19872, -50.559015 ], [ -74.221669, -50.542739 ], [ -74.235422, -50.539972 ], [ -74.248647, -50.539646 ], [ -74.258656, -50.534763 ], [ -74.266225, -50.506117 ], [ -74.275054, -50.496677 ], [ -74.297353, -50.480645 ], [ -74.28067, -50.474705 ], [ -74.221059, -50.4638 ], [ -74.207997, -50.463637 ], [ -74.20401, -50.477716 ], [ -74.194325, -50.495375 ], [ -74.182037, -50.512628 ], [ -74.170481, -50.525486 ], [ -74.16039, -50.540704 ], [ -74.141347, -50.579767 ], [ -74.126088, -50.590509 ], [ -74.1079, -50.587823 ], [ -74.115793, -50.569431 ], [ -74.145904, -50.535903 ], [ -74.140696, -50.531183 ], [ -74.131256, -50.519708 ], [ -74.126088, -50.514825 ], [ -74.148427, -50.50628 ], [ -74.156809, -50.493585 ], [ -74.14981, -50.483087 ], [ -74.126088, -50.480645 ], [ -74.107655, -50.488377 ], [ -74.071278, -50.516209 ], [ -74.053456, -50.522231 ], [ -73.93871, -50.539483 ], [ -73.917633, -50.545994 ], [ -73.897288, -50.549086 ], [ -73.879709, -50.542739 ], [ -73.907094, -50.530043 ], [ -73.975087, -50.511489 ], [ -74.005686, -50.508559 ], [ -74.01651, -50.502699 ], [ -74.02009, -50.48919 ], [ -74.018056, -50.474216 ], [ -74.012522, -50.463637 ], [ -74.009185, -50.455336 ], [ -74.015004, -50.449151 ], [ -74.024648, -50.44671 ], [ -74.032948, -50.449884 ], [ -74.0572, -50.467055 ], [ -74.073354, -50.469415 ], [ -74.081654, -50.466241 ], [ -74.098134, -50.446547 ], [ -74.121327, -50.432306 ], [ -74.128896, -50.422947 ], [ -74.115549, -50.418634 ], [ -74.100982, -50.416681 ], [ -74.086659, -50.410821 ], [ -74.075795, -50.4013 ], [ -74.071441, -50.388279 ], [ -74.064361, -50.379815 ], [ -74.047963, -50.372491 ], [ -74.016225, -50.363946 ], [ -74.033355, -50.36297 ], [ -74.06725, -50.354587 ], [ -74.083852, -50.357192 ], [ -74.086537, -50.362074 ], [ -74.089263, -50.379815 ], [ -74.090688, -50.384454 ], [ -74.097239, -50.387302 ], [ -74.111806, -50.389825 ], [ -74.165517, -50.409601 ], [ -74.181304, -50.412367 ], [ -74.212229, -50.405694 ], [ -74.228749, -50.40545 ], [ -74.252553, -50.440525 ], [ -74.287465, -50.426528 ], [ -74.31786, -50.399347 ], [ -74.321278, -50.384454 ], [ -74.314565, -50.377618 ], [ -74.289906, -50.340427 ], [ -74.282582, -50.332208 ], [ -74.269154, -50.325616 ], [ -74.262929, -50.317071 ], [ -74.276967, -50.302504 ], [ -74.269846, -50.280694 ], [ -74.282704, -50.264907 ], [ -74.301096, -50.258559 ], [ -74.310414, -50.265313 ], [ -74.314809, -50.284356 ], [ -74.333974, -50.311782 ], [ -74.338368, -50.32643 ], [ -74.354848, -50.359552 ], [ -74.393788, -50.365899 ], [ -74.43932, -50.35711 ], [ -74.475494, -50.344171 ], [ -74.470204, -50.340997 ], [ -74.460072, -50.33294 ], [ -74.454416, -50.329848 ], [ -74.467885, -50.324314 ], [ -74.495432, -50.325291 ], [ -74.509633, -50.323012 ], [ -74.514882, -50.31878 ], [ -74.536366, -50.296319 ], [ -74.522817, -50.282403 ], [ -74.493031, -50.261489 ], [ -74.48176, -50.24863 ], [ -74.496897, -50.249282 ], [ -74.521555, -50.260837 ], [ -74.536366, -50.261489 ], [ -74.549143, -50.25449 ], [ -74.543813, -50.244073 ], [ -74.531484, -50.232192 ], [ -74.523305, -50.220636 ], [ -74.547841, -50.225356 ], [ -74.569814, -50.234552 ], [ -74.592519, -50.24033 ], [ -74.618886, -50.234959 ], [ -74.614613, -50.223728 ], [ -74.608388, -50.214614 ], [ -74.600657, -50.207208 ], [ -74.591624, -50.200779 ], [ -74.598459, -50.193292 ], [ -74.62385, -50.206231 ], [ -74.65567, -50.214451 ], [ -74.683013, -50.209405 ], [ -74.694651, -50.183038 ], [ -74.691314, -50.168552 ], [ -74.683095, -50.159763 ], [ -74.660471, -50.145603 ], [ -74.640533, -50.124688 ], [ -74.628285, -50.114923 ], [ -74.615468, -50.110772 ], [ -74.601186, -50.108575 ], [ -74.57372, -50.099298 ], [ -74.557485, -50.097101 ], [ -74.536733, -50.10117 ], [ -74.53189, -50.11061 ], [ -74.53303, -50.122003 ], [ -74.530141, -50.13128 ], [ -74.518707, -50.134373 ], [ -74.504384, -50.131931 ], [ -74.495188, -50.124688 ], [ -74.499135, -50.11419 ], [ -74.5065, -50.104181 ], [ -74.507924, -50.094334 ], [ -74.503977, -50.085056 ], [ -74.495432, -50.076593 ], [ -74.476796, -50.085545 ], [ -74.461822, -50.097101 ], [ -74.468658, -50.097101 ], [ -74.460317, -50.098403 ], [ -74.347646, -50.086114 ], [ -74.335764, -50.090102 ], [ -74.330922, -50.107354 ], [ -74.32551, -50.112237 ], [ -74.299428, -50.124933 ], [ -74.289906, -50.13128 ], [ -74.317535, -50.161391 ], [ -74.324696, -50.172784 ], [ -74.31432, -50.168552 ], [ -74.302235, -50.165297 ], [ -74.289418, -50.164158 ], [ -74.276967, -50.165297 ], [ -74.271637, -50.168064 ], [ -74.268178, -50.175714 ], [ -74.262603, -50.17962 ], [ -74.242177, -50.186456 ], [ -74.224965, -50.197035 ], [ -74.209137, -50.210707 ], [ -74.202952, -50.227716 ], [ -74.214915, -50.24863 ], [ -74.194407, -50.259698 ], [ -74.177358, -50.253188 ], [ -74.145904, -50.227472 ], [ -74.121449, -50.223077 ], [ -74.096425, -50.227797 ], [ -73.958567, -50.287774 ], [ -73.905995, -50.29811 ], [ -73.8579, -50.289483 ], [ -73.87678, -50.274509 ], [ -73.97525, -50.254815 ], [ -73.999135, -50.241795 ], [ -74.021311, -50.224786 ], [ -74.025502, -50.212335 ], [ -73.995717, -50.2138 ], [ -74.006093, -50.201918 ], [ -74.024485, -50.20086 ], [ -74.06432, -50.206964 ], [ -74.070668, -50.204848 ], [ -74.082265, -50.195896 ], [ -74.090688, -50.193292 ], [ -74.098866, -50.194106 ], [ -74.113759, -50.199395 ], [ -74.159088, -50.202325 ], [ -74.174713, -50.1985 ], [ -74.193715, -50.186456 ], [ -74.204579, -50.176202 ], [ -74.208892, -50.167576 ], [ -74.214915, -50.138767 ], [ -74.221913, -50.123712 ], [ -74.23884, -50.097752 ], [ -74.242177, -50.080011 ], [ -74.250722, -50.080987 ], [ -74.289703, -50.065606 ], [ -74.300445, -50.059259 ], [ -74.346669, -50.015232 ], [ -74.364858, -49.99033 ], [ -74.358795, -49.973565 ], [ -74.364858, -49.951104 ], [ -74.349436, -49.935317 ], [ -74.32844, -49.927504 ], [ -74.31786, -49.929295 ], [ -74.312652, -49.94964 ], [ -74.299713, -49.948663 ], [ -74.282948, -49.938735 ], [ -74.266347, -49.93255 ], [ -74.228139, -49.940525 ], [ -74.19811, -49.960219 ], [ -74.149648, -50.011407 ], [ -74.139475, -50.015883 ], [ -74.130238, -50.011814 ], [ -74.121327, -50.00506 ], [ -74.112416, -50.00156 ], [ -74.103749, -50.002862 ], [ -74.077707, -50.015232 ], [ -74.07311, -50.019464 ], [ -74.062978, -50.031671 ], [ -74.0572, -50.03574 ], [ -74.04894, -50.037042 ], [ -73.954172, -50.026056 ], [ -73.934316, -50.028904 ], [ -73.919545, -50.040704 ], [ -73.903676, -50.069431 ], [ -73.885894, -50.076593 ], [ -73.885325, -50.056085 ], [ -73.889027, -50.035577 ], [ -73.897939, -50.018487 ], [ -73.913197, -50.007745 ], [ -73.945912, -50.017673 ], [ -73.983713, -50.010837 ], [ -74.00768, -49.991388 ], [ -73.999135, -49.963311 ], [ -73.960194, -49.930597 ], [ -73.951039, -49.925877 ], [ -73.913808, -49.926039 ], [ -73.895985, -49.924249 ], [ -73.879709, -49.919041 ], [ -73.904164, -49.915704 ], [ -73.910146, -49.901625 ], [ -73.906361, -49.856866 ], [ -73.91983, -49.867364 ], [ -73.934926, -49.894789 ], [ -73.947336, -49.905369 ], [ -73.957021, -49.906345 ], [ -73.980702, -49.903009 ], [ -73.989573, -49.905369 ], [ -73.991119, -49.910821 ], [ -73.993886, -49.932387 ], [ -73.995717, -49.939386 ], [ -74.014719, -49.959568 ], [ -74.035959, -49.964776 ], [ -74.08727, -49.959893 ], [ -74.110463, -49.954685 ], [ -74.123362, -49.941827 ], [ -74.132883, -49.925958 ], [ -74.145904, -49.911554 ], [ -74.188547, -49.898126 ], [ -74.28893, -49.893487 ], [ -74.324696, -49.871189 ], [ -74.342275, -49.830011 ], [ -74.348866, -49.805759 ], [ -74.348256, -49.792087 ], [ -74.335764, -49.787042 ], [ -74.322092, -49.789321 ], [ -74.308746, -49.793715 ], [ -74.297353, -49.795505 ], [ -74.285797, -49.791681 ], [ -74.279856, -49.78631 ], [ -74.275787, -49.780369 ], [ -74.27009, -49.774998 ], [ -74.247222, -49.76336 ], [ -74.222808, -49.754571 ], [ -74.197133, -49.748956 ], [ -74.09317, -49.748224 ], [ -74.071441, -49.741469 ], [ -74.076039, -49.735121 ], [ -74.075307, -49.728204 ], [ -74.070709, -49.72088 ], [ -74.064036, -49.713556 ], [ -74.098866, -49.712579 ], [ -74.166982, -49.718845 ], [ -74.20165, -49.728448 ], [ -74.248931, -49.727716 ], [ -74.27892, -49.740899 ], [ -74.289906, -49.741469 ], [ -74.316274, -49.719496 ], [ -74.326772, -49.677179 ], [ -74.322255, -49.632501 ], [ -74.303578, -49.603692 ], [ -74.262318, -49.587091 ], [ -74.259511, -49.583754 ], [ -74.253774, -49.580499 ], [ -74.244944, -49.573337 ], [ -74.233876, -49.566013 ], [ -74.221669, -49.562677 ], [ -74.169545, -49.559991 ], [ -74.146962, -49.555841 ], [ -74.103749, -49.541274 ], [ -74.078521, -49.536879 ], [ -74.053822, -49.539321 ], [ -74.032948, -49.552423 ], [ -74.028554, -49.569024 ], [ -74.03307, -49.588149 ], [ -74.035146, -49.605727 ], [ -74.02302, -49.617852 ], [ -74.006907, -49.571059 ], [ -73.999135, -49.559259 ], [ -73.98351, -49.552911 ], [ -73.961822, -49.553481 ], [ -73.940745, -49.559666 ], [ -73.926829, -49.569513 ], [ -73.933909, -49.582696 ], [ -73.928212, -49.591404 ], [ -73.918365, -49.600274 ], [ -73.913197, -49.61419 ], [ -73.911773, -49.627862 ], [ -73.907826, -49.639825 ], [ -73.901357, -49.649998 ], [ -73.89269, -49.658298 ], [ -73.808827, -49.688409 ], [ -73.796498, -49.702895 ], [ -73.755523, -49.727716 ], [ -73.745961, -49.736749 ], [ -73.739573, -49.74505 ], [ -73.736073, -49.755466 ], [ -73.735015, -49.771173 ], [ -73.727854, -49.781671 ], [ -73.711985, -49.765558 ], [ -73.69579, -49.739679 ], [ -73.687856, -49.72031 ], [ -73.712554, -49.716078 ], [ -73.724355, -49.712579 ], [ -73.735015, -49.70672 ], [ -73.740387, -49.700942 ], [ -73.746327, -49.689386 ], [ -73.75182, -49.682794 ], [ -73.772694, -49.668552 ], [ -73.790639, -49.664727 ], [ -73.810618, -49.663995 ], [ -73.837392, -49.658298 ], [ -73.852528, -49.653253 ], [ -73.85497, -49.650811 ], [ -73.853668, -49.64544 ], [ -73.864247, -49.616469 ], [ -73.868967, -49.608168 ], [ -73.875885, -49.600518 ], [ -73.878774, -49.588149 ], [ -73.876332, -49.544366 ], [ -73.879709, -49.528497 ], [ -73.915273, -49.510512 ], [ -74.077707, -49.501153 ], [ -74.090972, -49.497166 ], [ -74.102162, -49.491876 ], [ -74.10969, -49.483575 ], [ -74.112416, -49.470147 ], [ -74.107533, -49.448337 ], [ -74.107777, -49.437188 ], [ -74.115549, -49.432306 ], [ -74.123525, -49.422621 ], [ -74.119618, -49.400811 ], [ -74.090688, -49.322361 ], [ -74.085764, -49.299412 ], [ -74.083852, -49.27809 ], [ -74.074452, -49.261651 ], [ -74.052398, -49.258559 ], [ -74.027455, -49.264581 ], [ -74.008778, -49.274672 ], [ -73.992665, -49.294041 ], [ -73.979726, -49.31406 ], [ -73.963531, -49.329767 ], [ -73.927358, -49.337986 ], [ -73.90925, -49.346856 ], [ -73.899526, -49.349786 ], [ -73.844879, -49.349786 ], [ -73.844879, -49.34352 ], [ -73.92455, -49.321222 ], [ -73.947336, -49.30877 ], [ -73.985097, -49.27337 ], [ -74.002431, -49.2492 ], [ -74.008778, -49.226251 ], [ -74.004628, -49.215265 ], [ -73.982045, -49.186619 ], [ -73.977935, -49.171157 ], [ -73.979726, -49.164239 ], [ -73.984609, -49.159601 ], [ -73.989573, -49.151788 ], [ -73.997629, -49.124933 ], [ -74.002553, -49.116957 ], [ -74.010976, -49.107354 ], [ -74.043528, -49.08294 ], [ -73.97761, -49.037367 ], [ -73.94225, -49.023533 ], [ -73.899526, -49.028253 ], [ -73.871693, -49.048272 ], [ -73.854726, -49.057061 ], [ -73.837392, -49.056248 ], [ -73.821848, -49.04225 ], [ -73.832875, -49.032159 ], [ -73.868764, -49.017999 ], [ -73.889231, -49.00742 ], [ -73.91275, -49.007257 ], [ -74.030588, -49.022882 ], [ -74.04662, -49.017999 ], [ -74.057485, -49.012465 ], [ -74.062652, -49.020766 ], [ -74.064117, -49.033868 ], [ -74.064036, -49.041925 ], [ -74.060048, -49.051202 ], [ -74.046498, -49.069594 ], [ -74.043528, -49.079767 ], [ -74.047719, -49.10003 ], [ -74.053944, -49.116632 ], [ -74.05309, -49.131117 ], [ -74.036041, -49.144952 ], [ -74.078765, -49.198663 ], [ -74.106435, -49.221287 ], [ -74.132883, -49.226251 ], [ -74.14151, -49.220798 ], [ -74.157297, -49.204034 ], [ -74.167063, -49.19964 ], [ -74.176625, -49.199884 ], [ -74.186676, -49.202732 ], [ -74.19286, -49.208185 ], [ -74.190663, -49.216404 ], [ -74.182688, -49.221612 ], [ -74.163442, -49.230076 ], [ -74.159657, -49.236912 ], [ -74.158111, -49.244399 ], [ -74.150136, -49.261163 ], [ -74.145904, -49.267836 ], [ -74.151967, -49.276462 ], [ -74.153961, -49.285089 ], [ -74.151967, -49.293715 ], [ -74.145904, -49.302016 ], [ -74.152455, -49.313653 ], [ -74.156728, -49.32586 ], [ -74.158925, -49.3388 ], [ -74.159657, -49.353204 ], [ -74.162953, -49.367283 ], [ -74.177968, -49.386326 ], [ -74.181304, -49.394708 ], [ -74.194732, -49.469985 ], [ -74.187489, -49.487563 ], [ -74.214915, -49.523126 ], [ -74.241119, -49.527927 ], [ -74.270497, -49.509942 ], [ -74.306996, -49.476983 ], [ -74.318593, -49.462986 ], [ -74.32726, -49.448175 ], [ -74.337148, -49.434991 ], [ -74.351959, -49.42547 ], [ -74.380238, -49.418878 ], [ -74.394887, -49.413181 ], [ -74.410308, -49.4013 ], [ -74.42276, -49.384698 ], [ -74.424143, -49.371189 ], [ -74.41686, -49.359063 ], [ -74.403472, -49.346775 ], [ -74.394683, -49.333185 ], [ -74.393544, -49.317478 ], [ -74.412709, -49.218845 ], [ -74.404042, -49.193536 ], [ -74.371897, -49.186619 ], [ -74.401275, -49.157647 ], [ -74.410878, -49.140558 ], [ -74.413442, -49.116957 ], [ -74.410878, -49.105645 ], [ -74.401763, -49.088637 ], [ -74.39977, -49.079767 ], [ -74.405507, -49.067804 ], [ -74.418365, -49.070408 ], [ -74.43224, -49.080336 ], [ -74.440785, -49.090427 ], [ -74.453969, -49.080173 ], [ -74.462636, -49.066339 ], [ -74.467275, -49.0499 ], [ -74.468658, -49.031671 ], [ -74.461334, -49.019708 ], [ -74.444488, -49.012302 ], [ -74.426015, -49.006931 ], [ -74.413442, -49.000909 ], [ -74.403147, -48.987237 ], [ -74.400543, -48.974786 ], [ -74.405263, -48.962335 ], [ -74.41686, -48.949395 ], [ -74.422475, -48.934991 ], [ -74.406321, -48.928806 ], [ -74.382639, -48.928643 ], [ -74.365631, -48.932061 ], [ -74.380523, -48.921075 ], [ -74.412262, -48.91253 ], [ -74.427113, -48.904718 ], [ -74.434641, -48.895685 ], [ -74.438954, -48.884047 ], [ -74.435658, -48.8742 ], [ -74.420277, -48.870701 ], [ -74.420277, -48.863214 ], [ -74.445953, -48.851495 ], [ -74.453481, -48.830987 ], [ -74.447906, -48.807794 ], [ -74.43456, -48.788018 ], [ -74.39977, -48.760837 ], [ -74.392812, -48.748956 ], [ -74.388336, -48.737888 ], [ -74.382639, -48.727634 ], [ -74.371897, -48.719171 ], [ -74.341054, -48.752374 ], [ -74.334828, -48.75506 ], [ -74.336415, -48.751072 ], [ -74.338368, -48.74033 ], [ -74.306874, -48.749933 ], [ -74.272369, -48.741388 ], [ -74.23644, -48.726983 ], [ -74.200551, -48.719171 ], [ -74.118642, -48.726658 ], [ -74.104726, -48.732029 ], [ -74.090972, -48.73919 ], [ -74.075754, -48.743585 ], [ -74.066721, -48.741957 ], [ -74.0572, -48.74033 ], [ -74.0572, -48.732843 ], [ -74.089223, -48.717218 ], [ -74.128163, -48.707208 ], [ -74.169342, -48.703302 ], [ -74.207997, -48.70615 ], [ -74.272776, -48.72503 ], [ -74.306223, -48.727716 ], [ -74.330922, -48.712986 ], [ -74.322377, -48.704034 ], [ -74.312815, -48.697524 ], [ -74.302113, -48.693536 ], [ -74.289906, -48.692478 ], [ -74.297963, -48.682875 ], [ -74.307118, -48.679132 ], [ -74.314687, -48.675063 ], [ -74.31786, -48.664483 ], [ -74.328928, -48.677992 ], [ -74.347157, -48.684747 ], [ -74.364329, -48.682306 ], [ -74.371897, -48.668064 ], [ -74.370269, -48.639093 ], [ -74.371897, -48.631036 ], [ -74.379058, -48.624607 ], [ -74.388295, -48.623305 ], [ -74.39623, -48.620782 ], [ -74.39977, -48.610528 ], [ -74.392161, -48.599054 ], [ -74.327992, -48.549005 ], [ -74.308746, -48.541436 ], [ -74.288075, -48.536554 ], [ -74.27009, -48.534845 ], [ -74.283274, -48.523533 ], [ -74.270375, -48.510919 ], [ -74.232249, -48.490167 ], [ -74.225453, -48.484959 ], [ -74.215932, -48.479587 ], [ -74.205678, -48.475193 ], [ -74.197133, -48.473321 ], [ -74.186635, -48.476658 ], [ -74.165761, -48.490655 ], [ -74.136871, -48.500177 ], [ -74.083852, -48.541681 ], [ -74.052805, -48.5499 ], [ -74.043528, -48.555352 ], [ -74.037017, -48.563409 ], [ -74.027089, -48.583673 ], [ -74.02302, -48.589451 ], [ -73.993479, -48.597263 ], [ -73.975413, -48.58408 ], [ -73.971832, -48.565037 ], [ -73.985748, -48.555352 ], [ -74.009877, -48.549086 ], [ -74.020619, -48.533624 ], [ -74.023305, -48.512465 ], [ -74.02302, -48.490167 ], [ -74.028554, -48.448012 ], [ -74.019846, -48.438409 ], [ -73.916412, -48.418878 ], [ -73.89269, -48.41131 ], [ -73.899566, -48.401951 ], [ -73.903676, -48.399591 ], [ -73.913197, -48.397638 ], [ -73.935292, -48.395685 ], [ -73.995513, -48.414158 ], [ -74.029897, -48.41131 ], [ -74.036773, -48.407322 ], [ -74.049916, -48.394952 ], [ -74.0572, -48.390802 ], [ -74.065297, -48.389744 ], [ -74.082428, -48.391209 ], [ -74.090688, -48.390802 ], [ -74.109283, -48.385675 ], [ -74.120229, -48.379083 ], [ -74.139068, -48.363458 ], [ -74.154937, -48.357843 ], [ -74.227284, -48.353936 ], [ -74.237904, -48.350763 ], [ -74.236969, -48.34531 ], [ -74.221669, -48.335626 ], [ -74.205556, -48.330662 ], [ -74.153391, -48.32936 ], [ -74.103342, -48.317315 ], [ -74.083852, -48.315688 ], [ -74.107167, -48.306085 ], [ -74.13561, -48.303399 ], [ -74.187489, -48.308852 ], [ -74.211049, -48.315199 ], [ -74.261586, -48.335138 ], [ -74.27009, -48.335626 ], [ -74.278635, -48.326837 ], [ -74.27481, -48.317966 ], [ -74.266754, -48.309177 ], [ -74.262603, -48.301446 ], [ -74.264231, -48.289321 ], [ -74.267161, -48.281345 ], [ -74.276967, -48.267267 ], [ -74.290883, -48.255548 ], [ -74.307932, -48.244399 ], [ -74.319692, -48.231052 ], [ -74.31786, -48.212091 ], [ -74.398264, -48.199314 ], [ -74.442494, -48.182387 ], [ -74.461822, -48.154392 ], [ -74.469635, -48.147068 ], [ -74.50178, -48.105645 ], [ -74.506256, -48.095961 ], [ -74.512074, -48.089939 ], [ -74.498891, -48.07643 ], [ -74.468658, -48.055759 ], [ -74.468658, -48.04811 ], [ -74.473297, -48.040704 ], [ -74.472727, -48.036716 ], [ -74.468658, -48.027765 ], [ -74.494618, -48.033868 ], [ -74.541127, -48.064386 ], [ -74.56428, -48.075453 ], [ -74.588036, -48.079985 ], [ -74.608148, -48.075204 ], [ -74.626823, -48.058904 ], [ -74.632571, -48.034924 ], [ -74.629703, -48.021493 ], [ -74.625409, -48.004227 ], [ -74.603907, -47.996549 ], [ -74.595041, -47.993585 ], [ -74.572743, -47.987726 ], [ -74.537465, -47.963067 ], [ -74.517079, -47.959405 ], [ -74.505198, -47.963556 ], [ -74.483998, -47.977146 ], [ -74.472076, -47.979913 ], [ -74.427398, -47.979913 ], [ -74.415395, -47.983657 ], [ -74.385569, -48.007908 ], [ -74.375844, -48.011326 ], [ -74.353912, -48.01629 ], [ -74.344553, -48.020929 ], [ -74.334381, -48.032159 ], [ -74.308705, -48.07171 ], [ -74.303578, -48.085707 ], [ -74.296742, -48.128676 ], [ -74.283762, -48.171075 ], [ -74.276479, -48.184503 ], [ -74.272369, -48.188165 ], [ -74.252675, -48.185317 ], [ -74.245839, -48.188246 ], [ -74.240549, -48.195245 ], [ -74.237131, -48.203058 ], [ -74.235951, -48.208917 ], [ -74.226918, -48.228692 ], [ -74.205637, -48.231052 ], [ -74.180328, -48.222914 ], [ -74.171986, -48.218601 ], [ -74.185048, -48.218927 ], [ -74.196034, -48.213474 ], [ -74.200551, -48.202407 ], [ -74.200917, -48.192966 ], [ -74.203033, -48.191095 ], [ -74.208323, -48.189711 ], [ -74.218251, -48.181736 ], [ -74.232493, -48.164646 ], [ -74.234609, -48.159112 ], [ -74.235951, -48.151137 ], [ -74.233876, -48.146417 ], [ -74.222564, -48.142836 ], [ -74.221669, -48.136895 ], [ -74.225901, -48.131606 ], [ -74.232004, -48.130955 ], [ -74.238026, -48.131524 ], [ -74.242177, -48.130141 ], [ -74.251291, -48.119561 ], [ -74.257639, -48.113946 ], [ -74.261383, -48.107029 ], [ -74.262603, -48.092869 ], [ -74.282094, -48.067315 ], [ -74.286855, -48.062433 ], [ -74.297678, -48.054457 ], [ -74.314076, -48.035903 ], [ -74.32787, -48.015232 ], [ -74.330922, -48.000421 ], [ -74.309967, -47.990411 ], [ -74.245351, -47.999688 ], [ -74.225087, -47.997003 ], [ -74.204172, -47.989923 ], [ -74.060618, -48.000421 ], [ -74.04955, -48.005792 ], [ -74.041493, -48.029229 ], [ -74.032948, -48.034438 ], [ -74.023752, -48.032647 ], [ -74.020334, -48.029067 ], [ -74.015614, -48.026462 ], [ -74.002553, -48.027765 ], [ -73.992502, -48.032159 ], [ -73.972971, -48.045343 ], [ -73.961578, -48.04811 ], [ -73.916982, -48.029474 ], [ -73.891103, -48.022231 ], [ -73.879709, -48.031183 ], [ -73.876454, -48.038832 ], [ -73.869252, -48.040948 ], [ -73.861724, -48.040948 ], [ -73.8579, -48.041925 ], [ -73.857737, -48.048761 ], [ -73.86026, -48.053806 ], [ -73.863515, -48.057794 ], [ -73.865387, -48.062433 ], [ -73.8697, -48.069106 ], [ -73.877553, -48.077407 ], [ -73.882883, -48.086602 ], [ -73.879709, -48.095961 ], [ -73.866851, -48.09238 ], [ -73.821645, -48.056899 ], [ -73.790273, -48.044366 ], [ -73.780588, -48.029229 ], [ -73.769846, -48.027765 ], [ -73.762115, -48.032485 ], [ -73.758901, -48.041274 ], [ -73.759145, -48.052016 ], [ -73.762318, -48.062433 ], [ -73.792388, -48.090753 ], [ -73.804189, -48.108087 ], [ -73.79308, -48.115899 ], [ -73.785024, -48.11061 ], [ -73.762074, -48.087498 ], [ -73.748118, -48.08172 ], [ -73.738393, -48.084405 ], [ -73.701527, -48.102797 ], [ -73.67691, -48.108005 ], [ -73.649729, -48.109633 ], [ -73.63622, -48.112888 ], [ -73.611887, -48.126886 ], [ -73.601308, -48.130141 ], [ -73.591705, -48.14072 ], [ -73.591379, -48.164646 ], [ -73.596832, -48.190199 ], [ -73.604726, -48.205824 ], [ -73.587554, -48.212091 ], [ -73.577382, -48.221124 ], [ -73.556264, -48.24684 ], [ -73.547434, -48.234063 ], [ -73.529612, -48.198989 ], [ -73.51651, -48.185724 ], [ -73.502349, -48.177179 ], [ -73.486399, -48.17254 ], [ -73.467519, -48.171075 ], [ -73.433583, -48.17669 ], [ -73.35143, -48.219496 ], [ -73.352528, -48.204767 ], [ -73.349192, -48.191502 ], [ -73.340891, -48.181736 ], [ -73.315826, -48.173761 ], [ -73.293365, -48.15545 ], [ -73.286244, -48.151137 ], [ -73.276682, -48.13836 ], [ -73.276235, -48.10947 ], [ -73.281809, -48.079278 ], [ -73.290028, -48.062433 ], [ -73.291168, -48.072442 ], [ -73.290028, -48.112726 ], [ -73.294586, -48.127048 ], [ -73.305653, -48.134535 ], [ -73.330963, -48.143731 ], [ -73.350657, -48.154555 ], [ -73.374827, -48.16253 ], [ -73.400299, -48.162042 ], [ -73.435455, -48.139907 ], [ -73.481801, -48.123305 ], [ -73.506459, -48.094822 ], [ -73.512196, -48.089776 ], [ -73.530914, -48.083673 ], [ -73.591664, -48.041925 ], [ -73.580637, -48.022882 ], [ -73.580963, -48.012872 ], [ -73.591705, -48.007013 ], [ -73.627187, -47.993422 ], [ -73.642201, -47.983575 ], [ -73.647206, -47.973728 ], [ -73.632639, -47.966241 ], [ -73.632639, -47.959405 ], [ -73.645823, -47.951104 ], [ -73.655263, -47.932306 ], [ -73.658559, -47.911798 ], [ -73.653147, -47.898045 ], [ -73.64269, -47.89658 ], [ -73.582102, -47.907647 ], [ -73.575592, -47.909845 ], [ -73.557729, -47.933689 ], [ -73.547597, -47.952895 ], [ -73.540151, -47.962823 ], [ -73.532582, -47.967543 ], [ -73.507069, -47.97796 ], [ -73.498525, -47.979913 ], [ -73.426096, -47.988377 ], [ -73.344838, -47.978936 ], [ -73.314605, -47.980076 ], [ -73.273183, -48.001153 ], [ -73.245961, -48.007257 ], [ -73.227854, -48.004083 ], [ -73.235341, -47.986749 ], [ -73.257314, -47.976495 ], [ -73.313547, -47.971938 ], [ -73.35558, -47.955662 ], [ -73.440826, -47.966241 ], [ -73.468332, -47.965916 ], [ -73.481313, -47.963067 ], [ -73.526194, -47.932061 ], [ -73.52599, -47.928399 ], [ -73.512603, -47.907973 ], [ -73.509104, -47.898045 ], [ -73.511098, -47.886407 ], [ -73.516835, -47.878513 ], [ -73.525746, -47.873468 ], [ -73.537017, -47.87005 ], [ -73.540924, -47.88421 ], [ -73.549794, -47.890232 ], [ -73.561513, -47.888604 ], [ -73.57429, -47.880304 ], [ -73.583608, -47.876072 ], [ -73.612172, -47.867771 ], [ -73.619008, -47.863865 ], [ -73.613026, -47.848403 ], [ -73.592926, -47.830987 ], [ -73.568674, -47.816095 ], [ -73.55012, -47.808038 ], [ -73.578236, -47.799737 ], [ -73.673573, -47.794366 ], [ -73.698394, -47.785903 ], [ -73.709706, -47.776056 ], [ -73.717519, -47.762465 ], [ -73.731923, -47.743097 ], [ -73.740956, -47.703058 ], [ -73.707102, -47.673517 ], [ -73.669097, -47.647068 ], [ -73.666168, -47.616306 ], [ -73.683461, -47.624444 ], [ -73.701527, -47.629815 ], [ -73.708404, -47.60947 ], [ -73.702789, -47.593194 ], [ -73.689565, -47.579848 ], [ -73.673573, -47.568455 ], [ -73.682485, -47.559259 ], [ -73.69286, -47.554783 ], [ -73.703847, -47.555271 ], [ -73.714589, -47.561619 ], [ -73.723215, -47.553888 ], [ -73.727935, -47.546563 ], [ -73.727651, -47.539972 ], [ -73.721425, -47.534275 ], [ -73.721425, -47.527439 ], [ -73.736318, -47.535333 ], [ -73.754954, -47.575779 ], [ -73.77599, -47.588962 ], [ -73.77599, -47.595798 ], [ -73.730946, -47.623712 ], [ -73.743235, -47.65838 ], [ -73.775258, -47.697686 ], [ -73.789662, -47.739679 ], [ -73.785634, -47.749444 ], [ -73.772572, -47.765232 ], [ -73.769846, -47.770766 ], [ -73.772939, -47.779474 ], [ -73.786529, -47.792657 ], [ -73.789662, -47.798028 ], [ -73.801869, -47.807061 ], [ -73.879709, -47.822198 ], [ -73.913197, -47.840102 ], [ -73.923695, -47.842706 ], [ -73.934722, -47.841729 ], [ -73.953725, -47.837091 ], [ -73.995432, -47.835382 ], [ -74.009348, -47.833185 ], [ -74.02302, -47.828546 ], [ -74.035064, -47.821466 ], [ -74.03893, -47.815851 ], [ -74.040028, -47.809828 ], [ -74.043528, -47.801853 ], [ -74.067738, -47.770766 ], [ -74.07372, -47.773045 ], [ -74.197499, -47.789239 ], [ -74.221669, -47.788181 ], [ -74.26415, -47.773045 ], [ -74.291371, -47.768162 ], [ -74.317983, -47.789727 ], [ -74.350697, -47.788507 ], [ -74.385732, -47.779067 ], [ -74.407216, -47.767673 ], [ -74.390736, -47.764255 ], [ -74.343861, -47.760512 ], [ -74.338368, -47.754002 ], [ -74.35497, -47.744399 ], [ -74.378407, -47.744806 ], [ -74.477447, -47.76214 ], [ -74.532582, -47.781996 ], [ -74.548899, -47.784763 ], [ -74.543813, -47.773858 ], [ -74.543813, -47.767673 ], [ -74.578684, -47.772149 ], [ -74.628407, -47.767755 ], [ -74.670074, -47.754571 ], [ -74.680979, -47.732843 ], [ -74.694, -47.738214 ], [ -74.710764, -47.7374 ], [ -74.726186, -47.730727 ], [ -74.735585, -47.718683 ], [ -74.736236, -47.704522 ], [ -74.728831, -47.696059 ], [ -74.704905, -47.681329 ], [ -74.685048, -47.65838 ], [ -74.672719, -47.648207 ], [ -74.656728, -47.644138 ], [ -74.637847, -47.645766 ], [ -74.595041, -47.656508 ], [ -74.577952, -47.663995 ], [ -74.582916, -47.670668 ], [ -74.591624, -47.69199 ], [ -74.57787, -47.688735 ], [ -74.567616, -47.680922 ], [ -74.550649, -47.663995 ], [ -74.562652, -47.653416 ], [ -74.583079, -47.642267 ], [ -74.605214, -47.633477 ], [ -74.62267, -47.629815 ], [ -74.632192, -47.62127 ], [ -74.6256, -47.602146 ], [ -74.614898, -47.581231 ], [ -74.612131, -47.568455 ], [ -74.556711, -47.550063 ], [ -74.533274, -47.547947 ], [ -74.522328, -47.560317 ], [ -74.522613, -47.585138 ], [ -74.52066, -47.603204 ], [ -74.502838, -47.595798 ], [ -74.496246, -47.586114 ], [ -74.48941, -47.56406 ], [ -74.48176, -47.554783 ], [ -74.471181, -47.550551 ], [ -74.46052, -47.551039 ], [ -74.437652, -47.554783 ], [ -74.419911, -47.563409 ], [ -74.41218, -47.603611 ], [ -74.39977, -47.616306 ], [ -74.398671, -47.603936 ], [ -74.393544, -47.593194 ], [ -74.384429, -47.587172 ], [ -74.371897, -47.588962 ], [ -74.369618, -47.594985 ], [ -74.351959, -47.62656 ], [ -74.344553, -47.636651 ], [ -74.374135, -47.656183 ], [ -74.455881, -47.671563 ], [ -74.48176, -47.698826 ], [ -74.385569, -47.678318 ], [ -74.3662, -47.67197 ], [ -74.356028, -47.669854 ], [ -74.344553, -47.670831 ], [ -74.328765, -47.675551 ], [ -74.327382, -47.679457 ], [ -74.329661, -47.68613 ], [ -74.324696, -47.698826 ], [ -74.295888, -47.725356 ], [ -74.253285, -47.747166 ], [ -74.205068, -47.756606 ], [ -74.159657, -47.746515 ], [ -74.252675, -47.739679 ], [ -74.269765, -47.732599 ], [ -74.282338, -47.715509 ], [ -74.303578, -47.678318 ], [ -74.272613, -47.663344 ], [ -74.173818, -47.674249 ], [ -74.132883, -47.663995 ], [ -74.160715, -47.656671 ], [ -74.214182, -47.663263 ], [ -74.242177, -47.65781 ], [ -74.262603, -47.642022 ], [ -74.253896, -47.63128 ], [ -74.229807, -47.625095 ], [ -74.193227, -47.622003 ], [ -74.174428, -47.617283 ], [ -74.163319, -47.616306 ], [ -74.152496, -47.618341 ], [ -74.132192, -47.627699 ], [ -74.122385, -47.629815 ], [ -74.074534, -47.628106 ], [ -74.0537, -47.622166 ], [ -74.043528, -47.60947 ], [ -74.090077, -47.610935 ], [ -74.10497, -47.60947 ], [ -74.115102, -47.604587 ], [ -74.129954, -47.59531 ], [ -74.140004, -47.586196 ], [ -74.135976, -47.582127 ], [ -74.113271, -47.577732 ], [ -74.090566, -47.566583 ], [ -74.07079, -47.551202 ], [ -74.0572, -47.534275 ], [ -74.076894, -47.546157 ], [ -74.117665, -47.553969 ], [ -74.139068, -47.561619 ], [ -74.150543, -47.569513 ], [ -74.159047, -47.577732 ], [ -74.16808, -47.584568 ], [ -74.181304, -47.588962 ], [ -74.193756, -47.589125 ], [ -74.214223, -47.583591 ], [ -74.225087, -47.582127 ], [ -74.236073, -47.583754 ], [ -74.264475, -47.59352 ], [ -74.273549, -47.599054 ], [ -74.283599, -47.603774 ], [ -74.294423, -47.602146 ], [ -74.305002, -47.597914 ], [ -74.314117, -47.595798 ], [ -74.328359, -47.585707 ], [ -74.335113, -47.562677 ], [ -74.339101, -47.537286 ], [ -74.344553, -47.519952 ], [ -74.368967, -47.534845 ], [ -74.392323, -47.534763 ], [ -74.414296, -47.523696 ], [ -74.43456, -47.507013 ], [ -74.453521, -47.481052 ], [ -74.442047, -47.470636 ], [ -74.385569, -47.459161 ], [ -74.394399, -47.446547 ], [ -74.408518, -47.445408 ], [ -74.424916, -47.447524 ], [ -74.440785, -47.445489 ], [ -74.447174, -47.438735 ], [ -74.450551, -47.42962 ], [ -74.45519, -47.421563 ], [ -74.465321, -47.418145 ], [ -74.466176, -47.431573 ], [ -74.484731, -47.456231 ], [ -74.506581, -47.469659 ], [ -74.528554, -47.431736 ], [ -74.528879, -47.422296 ], [ -74.513417, -47.418145 ], [ -74.502838, -47.413018 ], [ -74.494496, -47.401137 ], [ -74.48176, -47.376642 ], [ -74.467275, -47.362888 ], [ -74.45051, -47.354262 ], [ -74.407216, -47.342462 ], [ -74.416168, -47.321384 ], [ -74.395253, -47.305922 ], [ -74.366526, -47.290704 ], [ -74.351959, -47.269789 ], [ -74.324696, -47.218927 ], [ -74.314076, -47.219496 ], [ -74.303782, -47.227472 ], [ -74.293813, -47.23797 ], [ -74.283762, -47.24627 ], [ -74.278717, -47.224379 ], [ -74.274281, -47.21559 ], [ -74.266347, -47.212172 ], [ -74.255849, -47.216404 ], [ -74.237864, -47.235121 ], [ -74.232249, -47.239435 ], [ -74.221669, -47.236098 ], [ -74.223053, -47.228285 ], [ -74.227162, -47.218194 ], [ -74.225087, -47.208754 ], [ -74.215728, -47.204685 ], [ -74.202545, -47.20379 ], [ -74.177602, -47.205255 ], [ -74.167714, -47.215753 ], [ -74.159657, -47.28102 ], [ -74.149526, -47.298028 ], [ -74.135162, -47.316827 ], [ -74.119374, -47.333103 ], [ -74.112416, -47.335545 ], [ -74.110707, -47.329034 ], [ -74.106068, -47.322361 ], [ -74.10497, -47.315118 ], [ -74.109486, -47.306573 ], [ -74.126088, -47.287286 ], [ -74.136708, -47.269627 ], [ -74.140126, -47.256606 ], [ -74.139068, -47.222345 ], [ -74.132232, -47.204522 ], [ -74.115387, -47.192966 ], [ -74.094228, -47.1867 ], [ -74.074574, -47.184828 ], [ -74.055531, -47.190362 ], [ -74.047027, -47.190118 ], [ -74.043528, -47.181085 ], [ -74.040028, -47.178318 ], [ -74.03189, -47.176446 ], [ -74.022817, -47.176039 ], [ -74.016225, -47.177423 ], [ -74.003082, -47.199395 ], [ -73.98705, -47.23504 ], [ -73.9735, -47.254978 ], [ -73.967763, -47.229181 ], [ -73.971181, -47.215753 ], [ -73.986155, -47.186782 ], [ -73.989573, -47.167413 ], [ -73.998931, -47.164972 ], [ -74.0572, -47.156915 ], [ -73.957631, -47.060317 ], [ -73.947336, -47.047621 ], [ -73.941274, -47.027927 ], [ -73.948964, -47.015558 ], [ -74.02009, -46.978285 ], [ -74.040598, -46.971856 ], [ -74.064036, -46.972589 ], [ -74.102895, -46.986749 ], [ -74.118642, -46.988051 ], [ -74.139068, -46.978692 ], [ -74.153228, -46.967218 ], [ -74.206451, -46.907892 ], [ -74.208648, -46.893976 ], [ -74.200429, -46.881524 ], [ -74.181304, -46.869399 ], [ -74.171946, -46.868585 ], [ -74.160227, -46.869724 ], [ -74.150136, -46.868097 ], [ -74.145904, -46.859552 ], [ -74.144521, -46.851495 ], [ -74.140452, -46.844496 ], [ -74.134185, -46.839125 ], [ -74.126088, -46.835382 ], [ -74.126088, -46.828546 ], [ -74.167958, -46.837579 ], [ -74.181304, -46.842218 ], [ -74.191029, -46.84881 ], [ -74.209055, -46.865004 ], [ -74.221669, -46.869399 ], [ -74.243316, -46.864679 ], [ -74.265492, -46.830743 ], [ -74.289906, -46.82171 ], [ -74.28189, -46.812433 ], [ -74.272572, -46.80877 ], [ -74.265126, -46.804783 ], [ -74.262603, -46.793715 ], [ -74.266835, -46.781671 ], [ -74.276112, -46.779718 ], [ -74.28893, -46.781345 ], [ -74.303578, -46.780043 ], [ -74.31017, -46.778009 ], [ -74.317006, -46.775079 ], [ -74.322499, -46.770278 ], [ -74.324696, -46.76336 ], [ -74.327626, -46.758233 ], [ -74.333608, -46.759942 ], [ -74.338531, -46.764337 ], [ -74.338368, -46.767185 ], [ -74.441396, -46.767185 ], [ -74.456166, -46.764907 ], [ -74.482167, -46.755548 ], [ -74.52123, -46.750095 ], [ -74.591624, -46.725518 ], [ -74.591624, -46.732354 ], [ -74.520904, -46.763116 ], [ -74.477651, -46.772393 ], [ -74.483795, -46.784112 ], [ -74.504506, -46.795994 ], [ -74.526723, -46.801202 ], [ -74.588124, -46.793715 ], [ -74.600413, -46.79046 ], [ -74.613271, -46.783787 ], [ -74.626576, -46.778578 ], [ -74.640004, -46.780043 ], [ -74.650868, -46.788344 ], [ -74.651926, -46.79697 ], [ -74.648549, -46.80641 ], [ -74.64623, -46.818292 ], [ -74.648834, -46.829278 ], [ -74.65567, -46.836847 ], [ -74.673492, -46.849054 ], [ -74.550933, -46.835382 ], [ -74.533355, -46.839776 ], [ -74.50768, -46.858982 ], [ -74.492299, -46.863377 ], [ -74.450185, -46.856052 ], [ -74.43456, -46.85589 ], [ -74.479156, -46.902276 ], [ -74.545725, -46.895603 ], [ -74.618316, -46.876072 ], [ -74.680979, -46.883884 ], [ -74.691029, -46.87656 ], [ -74.70226, -46.865655 ], [ -74.711334, -46.854262 ], [ -74.715077, -46.845636 ], [ -74.721547, -46.84002 ], [ -74.762929, -46.814874 ], [ -74.787913, -46.807224 ], [ -74.79955, -46.801202 ], [ -74.804514, -46.790704 ], [ -74.807485, -46.775811 ], [ -74.815256, -46.768487 ], [ -74.826039, -46.769708 ], [ -74.838002, -46.780043 ], [ -74.831858, -46.780043 ], [ -74.846262, -46.806817 ], [ -74.856353, -46.813897 ], [ -74.869537, -46.805922 ], [ -74.893219, -46.78753 ], [ -74.900624, -46.783624 ], [ -74.954945, -46.761651 ], [ -74.958119, -46.759698 ], [ -75.0065, -46.753513 ], [ -75.015004, -46.7492 ], [ -75.016225, -46.739435 ], [ -75.014882, -46.728204 ], [ -75.016184, -46.719334 ], [ -75.075103, -46.66074 ], [ -75.083363, -46.640883 ], [ -75.075185, -46.62005 ], [ -75.059193, -46.602227 ], [ -75.025868, -46.579278 ], [ -75.015452, -46.566013 ], [ -75.007314, -46.552504 ], [ -74.996246, -46.539972 ], [ -74.979807, -46.531915 ], [ -74.959218, -46.525323 ], [ -74.94164, -46.516778 ], [ -74.934193, -46.502699 ], [ -74.93692, -46.48268 ], [ -74.941396, -46.470473 ], [ -74.942291, -46.458185 ], [ -74.934193, -46.437595 ], [ -74.964589, -46.454034 ], [ -74.988149, -46.490899 ], [ -75.014068, -46.520115 ], [ -75.051503, -46.513279 ], [ -75.075063, -46.558364 ], [ -75.111643, -46.586847 ], [ -75.201731, -46.629978 ], [ -75.207753, -46.604913 ], [ -75.207916, -46.595147 ], [ -75.234486, -46.623142 ], [ -75.248362, -46.632501 ], [ -75.266916, -46.636163 ], [ -75.324778, -46.640069 ], [ -75.338938, -46.64365 ], [ -75.339996, -46.646254 ], [ -75.338775, -46.651056 ], [ -75.33845, -46.655369 ], [ -75.342356, -46.657322 ], [ -75.386545, -46.655532 ], [ -75.396148, -46.652276 ], [ -75.40038, -46.646661 ], [ -75.404652, -46.629815 ], [ -75.414866, -46.632745 ], [ -75.427073, -46.643487 ], [ -75.437245, -46.649835 ], [ -75.561757, -46.680759 ], [ -75.575063, -46.687921 ], [ -75.583363, -46.69378 ], [ -75.591135, -46.697035 ], [ -75.59675, -46.70086 ], [ -75.598948, -46.708429 ], [ -75.599273, -46.716974 ], [ -75.600575, -46.722752 ], [ -75.602854, -46.727227 ], [ -75.606435, -46.732354 ], [ -75.617787, -46.742364 ], [ -75.646596, -46.755955 ], [ -75.661041, -46.767185 ], [ -75.631337, -46.785414 ], [ -75.597727, -46.758559 ], [ -75.565663, -46.718683 ], [ -75.540598, -46.698175 ], [ -75.463735, -46.699884 ], [ -75.440663, -46.705011 ], [ -75.422475, -46.713962 ], [ -75.417592, -46.721938 ], [ -75.426137, -46.726658 ], [ -75.44811, -46.725518 ], [ -75.441314, -46.742364 ], [ -75.448842, -46.756524 ], [ -75.462961, -46.767185 ], [ -75.476064, -46.774021 ], [ -75.400014, -46.776951 ], [ -75.386708, -46.780043 ], [ -75.382314, -46.806329 ], [ -75.398834, -46.828709 ], [ -75.420969, -46.847589 ], [ -75.433909, -46.863377 ], [ -75.394358, -46.851739 ], [ -75.37206, -46.84881 ], [ -75.35261, -46.85589 ], [ -75.346303, -46.866795 ], [ -75.346995, -46.879164 ], [ -75.35261, -46.900567 ], [ -75.361195, -46.902602 ], [ -75.410553, -46.931573 ], [ -75.424794, -46.933201 ], [ -75.468617, -46.945245 ], [ -75.520823, -46.949314 ], [ -75.551747, -46.948337 ], [ -75.568959, -46.939874 ], [ -75.583485, -46.909845 ], [ -75.585317, -46.903578 ], [ -75.593617, -46.899021 ], [ -75.616811, -46.893487 ], [ -75.626332, -46.889907 ], [ -75.642242, -46.880141 ], [ -75.650217, -46.873224 ], [ -75.653554, -46.866388 ], [ -75.652943, -46.844659 ], [ -75.653879, -46.833429 ], [ -75.660268, -46.824477 ], [ -75.707021, -46.786554 ], [ -75.711415, -46.744399 ], [ -75.708323, -46.654718 ], [ -75.704701, -46.639255 ], [ -75.694692, -46.628351 ], [ -75.675364, -46.615655 ], [ -75.66039, -46.601332 ], [ -75.649526, -46.585626 ], [ -75.636057, -46.573012 ], [ -75.613189, -46.567804 ], [ -75.571441, -46.569106 ], [ -75.557973, -46.567804 ], [ -75.549224, -46.563897 ], [ -75.542104, -46.558038 ], [ -75.532623, -46.553806 ], [ -75.517079, -46.554295 ], [ -75.53425, -46.532403 ], [ -75.542592, -46.519138 ], [ -75.540598, -46.513279 ], [ -75.47232, -46.513279 ], [ -75.452992, -46.509373 ], [ -75.446197, -46.500095 ], [ -75.44286, -46.488539 ], [ -75.433909, -46.478448 ], [ -75.418813, -46.474379 ], [ -75.389068, -46.476739 ], [ -75.373036, -46.471612 ], [ -75.373036, -46.465427 ], [ -75.399322, -46.448907 ], [ -75.401112, -46.440525 ], [ -75.390452, -46.427341 ], [ -75.345326, -46.394789 ], [ -75.335194, -46.390313 ], [ -75.312815, -46.386326 ], [ -75.296864, -46.37713 ], [ -75.284006, -46.367608 ], [ -75.270619, -46.3624 ], [ -75.254262, -46.365492 ], [ -75.238678, -46.375746 ], [ -75.226959, -46.389825 ], [ -75.222239, -46.403985 ], [ -75.211659, -46.335138 ], [ -75.204945, -46.330499 ], [ -75.203603, -46.31992 ], [ -75.203847, -46.308364 ], [ -75.201731, -46.300958 ], [ -75.196278, -46.298272 ], [ -75.187001, -46.295994 ], [ -75.178293, -46.29697 ], [ -75.174428, -46.304376 ], [ -75.153188, -46.324314 ], [ -75.105784, -46.347101 ], [ -75.056508, -46.357843 ], [ -75.029775, -46.341974 ], [ -75.057118, -46.3388 ], [ -75.106272, -46.325128 ], [ -75.12975, -46.322035 ], [ -75.138661, -46.31406 ], [ -75.13622, -46.296482 ], [ -75.122792, -46.279555 ], [ -75.098704, -46.273614 ], [ -75.098704, -46.266778 ], [ -75.111643, -46.260431 ], [ -75.116322, -46.249607 ], [ -75.114125, -46.237237 ], [ -75.106109, -46.225844 ], [ -75.090688, -46.216078 ], [ -75.070709, -46.210545 ], [ -75.049306, -46.20908 ], [ -75.029775, -46.212172 ], [ -75.006581, -46.227227 ], [ -74.985097, -46.249119 ], [ -74.96052, -46.267836 ], [ -74.928049, -46.273614 ], [ -74.951772, -46.248224 ], [ -74.961537, -46.230157 ], [ -74.958119, -46.215265 ], [ -74.924224, -46.187677 ], [ -74.919423, -46.179295 ], [ -74.910024, -46.15016 ], [ -74.891469, -46.147149 ], [ -74.879547, -46.146742 ], [ -74.865346, -46.15016 ], [ -74.838002, -46.170587 ], [ -74.80956, -46.1985 ], [ -74.7954, -46.209161 ], [ -74.777211, -46.212172 ], [ -74.785756, -46.196466 ], [ -74.790842, -46.191095 ], [ -74.783762, -46.18377 ], [ -74.775502, -46.179132 ], [ -74.766347, -46.177341 ], [ -74.756012, -46.177992 ], [ -74.772288, -46.16546 ], [ -74.805165, -46.153985 ], [ -74.818186, -46.142673 ], [ -74.824452, -46.125909 ], [ -74.821197, -46.112237 ], [ -74.814809, -46.099379 ], [ -74.811269, -46.084649 ], [ -74.781484, -46.04697 ], [ -74.773752, -46.040297 ], [ -74.701487, -46.032892 ], [ -74.705922, -46.022719 ], [ -74.710764, -46.021661 ], [ -74.716868, -46.024591 ], [ -74.725331, -46.026544 ], [ -74.737864, -46.023126 ], [ -74.737864, -46.014907 ], [ -74.728749, -45.998712 ], [ -74.724517, -45.993585 ], [ -74.717397, -45.989516 ], [ -74.713368, -45.98447 ], [ -74.718495, -45.975356 ], [ -74.724843, -45.967543 ], [ -74.727406, -45.961033 ], [ -74.728749, -45.944024 ], [ -74.690907, -45.841567 ], [ -74.665598, -45.823337 ], [ -74.647328, -45.816176 ], [ -74.629465, -45.824884 ], [ -74.616607, -45.839532 ], [ -74.60676, -45.84588 ], [ -74.596262, -45.84352 ], [ -74.58137, -45.83172 ], [ -74.559967, -45.826267 ], [ -74.546051, -45.844496 ], [ -74.544016, -45.874282 ], [ -74.558095, -45.90309 ], [ -74.544993, -45.904067 ], [ -74.52892, -45.902765 ], [ -74.51537, -45.904229 ], [ -74.509633, -45.913263 ], [ -74.507436, -45.927423 ], [ -74.501943, -45.929295 ], [ -74.495107, -45.925551 ], [ -74.489166, -45.923598 ], [ -74.476633, -45.9249 ], [ -74.471832, -45.923761 ], [ -74.468007, -45.925063 ], [ -74.45816, -45.933852 ], [ -74.452992, -45.944024 ], [ -74.454945, -45.955255 ], [ -74.459381, -45.966078 ], [ -74.461822, -45.975356 ], [ -74.466542, -45.986749 ], [ -74.475453, -45.997491 ], [ -74.480946, -46.008396 ], [ -74.475494, -46.019789 ], [ -74.464711, -46.022149 ], [ -74.453359, -46.016371 ], [ -74.444407, -46.007989 ], [ -74.440785, -46.00213 ], [ -74.438222, -45.992446 ], [ -74.4322, -45.984959 ], [ -74.425404, -45.978204 ], [ -74.420277, -45.971938 ], [ -74.417307, -45.960707 ], [ -74.416615, -45.950372 ], [ -74.412668, -45.942153 ], [ -74.39977, -45.937188 ], [ -74.39977, -45.930434 ], [ -74.42398, -45.917087 ], [ -74.447011, -45.89422 ], [ -74.463694, -45.865818 ], [ -74.468658, -45.834731 ], [ -74.460561, -45.839125 ], [ -74.452952, -45.841241 ], [ -74.43456, -45.841567 ], [ -74.449859, -45.82879 ], [ -74.461822, -45.815037 ], [ -74.446645, -45.808282 ], [ -74.392974, -45.800714 ], [ -74.359609, -45.790297 ], [ -74.345082, -45.791111 ], [ -74.330922, -45.800714 ], [ -74.328196, -45.807061 ], [ -74.325307, -45.82464 ], [ -74.321278, -45.83172 ], [ -74.313629, -45.833103 ], [ -74.305409, -45.827732 ], [ -74.297231, -45.820082 ], [ -74.289906, -45.815037 ], [ -74.189361, -45.793634 ], [ -74.170277, -45.791762 ], [ -74.156484, -45.797296 ], [ -74.103139, -45.836847 ], [ -74.115549, -45.853611 ], [ -74.135487, -45.86712 ], [ -74.145904, -45.865492 ], [ -74.153798, -45.871759 ], [ -74.172109, -45.877618 ], [ -74.192779, -45.881931 ], [ -74.18456, -45.882501 ], [ -74.118642, -45.896254 ], [ -74.124501, -45.905043 ], [ -74.13036, -45.911879 ], [ -74.137196, -45.917739 ], [ -74.145904, -45.923598 ], [ -74.145904, -45.930434 ], [ -74.079945, -45.921157 ], [ -74.059193, -45.929864 ], [ -74.064036, -45.964532 ], [ -74.080068, -45.981866 ], [ -74.107167, -45.994561 ], [ -74.138499, -46.002537 ], [ -74.167063, -46.005548 ], [ -74.167063, -46.012953 ], [ -74.151763, -46.018324 ], [ -74.101552, -46.012953 ], [ -74.086008, -46.017836 ], [ -74.083852, -46.029718 ], [ -74.0985, -46.080824 ], [ -74.118031, -46.102309 ], [ -74.167063, -46.136407 ], [ -74.139475, -46.131117 ], [ -74.105336, -46.115899 ], [ -74.076283, -46.096124 ], [ -74.064036, -46.077813 ], [ -74.056386, -46.027927 ], [ -74.060618, -46.019789 ], [ -74.069244, -46.011895 ], [ -74.069732, -45.995375 ], [ -74.06135, -45.98089 ], [ -74.043528, -45.978774 ], [ -74.036977, -45.986098 ], [ -74.034169, -45.997654 ], [ -74.030019, -46.008396 ], [ -73.982045, -46.029718 ], [ -73.979604, -46.039727 ], [ -73.969472, -46.060968 ], [ -73.967763, -46.074395 ], [ -73.97057, -46.084161 ], [ -73.989573, -46.115981 ], [ -74.021311, -46.148207 ], [ -74.063588, -46.172052 ], [ -74.191518, -46.218357 ], [ -74.264027, -46.230564 ], [ -74.313222, -46.249933 ], [ -74.338368, -46.252537 ], [ -74.359486, -46.245864 ], [ -74.397613, -46.223321 ], [ -74.41686, -46.218438 ], [ -74.424306, -46.215102 ], [ -74.480621, -46.168634 ], [ -74.489166, -46.163751 ], [ -74.489898, -46.189386 ], [ -74.465688, -46.208185 ], [ -74.410308, -46.235772 ], [ -74.400299, -46.243829 ], [ -74.387847, -46.250746 ], [ -74.373769, -46.256117 ], [ -74.358795, -46.260024 ], [ -74.342152, -46.260837 ], [ -74.189849, -46.242283 ], [ -74.077219, -46.20379 ], [ -74.049713, -46.191095 ], [ -74.043528, -46.197931 ], [ -74.055531, -46.215509 ], [ -74.071441, -46.23268 ], [ -74.03893, -46.247003 ], [ -74.041656, -46.270766 ], [ -74.077707, -46.322035 ], [ -74.061757, -46.317071 ], [ -74.036488, -46.292413 ], [ -74.026438, -46.286716 ], [ -74.008534, -46.288995 ], [ -73.941518, -46.304946 ], [ -73.929351, -46.314548 ], [ -73.918609, -46.32586 ], [ -73.906361, -46.335138 ], [ -73.892445, -46.339776 ], [ -73.844879, -46.341974 ], [ -73.945221, -46.26572 ], [ -73.95816, -46.249444 ], [ -73.952992, -46.231541 ], [ -73.974599, -46.222263 ], [ -74.016225, -46.218438 ], [ -74.019276, -46.20436 ], [ -74.011627, -46.185805 ], [ -73.998647, -46.167413 ], [ -73.985748, -46.153578 ], [ -73.96817, -46.144708 ], [ -73.943267, -46.139418 ], [ -73.896108, -46.136407 ], [ -73.881825, -46.141778 ], [ -73.87267, -46.15488 ], [ -73.8579, -46.184259 ], [ -73.828481, -46.204522 ], [ -73.795522, -46.216404 ], [ -73.769846, -46.234552 ], [ -73.762318, -46.273614 ], [ -73.773061, -46.320896 ], [ -73.794179, -46.361586 ], [ -73.823232, -46.397638 ], [ -73.8579, -46.430759 ], [ -73.912506, -46.468845 ], [ -73.920644, -46.481866 ], [ -73.927724, -46.497166 ], [ -73.97525, -46.539972 ], [ -73.989166, -46.559747 ], [ -73.983754, -46.566502 ], [ -73.966298, -46.570977 ], [ -73.92455, -46.596938 ], [ -73.899648, -46.602716 ], [ -73.873891, -46.602227 ], [ -73.851715, -46.595147 ], [ -73.831614, -46.577895 ], [ -73.820912, -46.557306 ], [ -73.812734, -46.535903 ], [ -73.791331, -46.50506 ], [ -73.787343, -46.497166 ], [ -73.782135, -46.494806 ], [ -73.769846, -46.499607 ], [ -73.760243, -46.506524 ], [ -73.753285, -46.515232 ], [ -73.741851, -46.533787 ], [ -73.737294, -46.521661 ], [ -73.738596, -46.507989 ], [ -73.743967, -46.496759 ], [ -73.75182, -46.49212 ], [ -73.765492, -46.486261 ], [ -73.766469, -46.472589 ], [ -73.755523, -46.444431 ], [ -73.74234, -46.420994 ], [ -73.690989, -46.373305 ], [ -73.672271, -46.359552 ], [ -73.622141, -46.334242 ], [ -73.601308, -46.318455 ], [ -73.58019, -46.310235 ], [ -73.514312, -46.30755 ], [ -73.488637, -46.300958 ], [ -73.529775, -46.2999 ], [ -73.550526, -46.295587 ], [ -73.56371, -46.286716 ], [ -73.568349, -46.27044 ], [ -73.562408, -46.257582 ], [ -73.552113, -46.245782 ], [ -73.543284, -46.23268 ], [ -73.523915, -46.175226 ], [ -73.506459, -46.155369 ], [ -73.474355, -46.15016 ], [ -73.481801, -46.142673 ], [ -73.423736, -46.071384 ], [ -73.403676, -46.059991 ], [ -73.357655, -46.042169 ], [ -73.344594, -46.026544 ], [ -73.361562, -46.022719 ], [ -73.386342, -46.020115 ], [ -73.411733, -46.02158 ], [ -73.430287, -46.029718 ], [ -73.445221, -46.048923 ], [ -73.469472, -46.089288 ], [ -73.576324, -46.201837 ], [ -73.61148, -46.218438 ], [ -73.61148, -46.225844 ], [ -73.599843, -46.246759 ], [ -73.624379, -46.276462 ], [ -73.687856, -46.322035 ], [ -73.701527, -46.293552 ], [ -73.691803, -46.256443 ], [ -73.666371, -46.226251 ], [ -73.632639, -46.218438 ], [ -73.648101, -46.194757 ], [ -73.642079, -46.164321 ], [ -73.627919, -46.131931 ], [ -73.619008, -46.102309 ], [ -73.620188, -46.083103 ], [ -73.626454, -46.071059 ], [ -73.649729, -46.05047 ], [ -73.651235, -46.041681 ], [ -73.653147, -45.995538 ], [ -73.656484, -45.984796 ], [ -73.661488, -45.980157 ], [ -73.660553, -45.975681 ], [ -73.646311, -45.964532 ], [ -73.621938, -45.950372 ], [ -73.619252, -45.945571 ], [ -73.619008, -45.933852 ], [ -73.609609, -45.90309 ], [ -73.586049, -45.885512 ], [ -73.55484, -45.877618 ], [ -73.522776, -45.875746 ], [ -73.536488, -45.870701 ], [ -73.549306, -45.863458 ], [ -73.559153, -45.853692 ], [ -73.56371, -45.841567 ], [ -73.560211, -45.829767 ], [ -73.541493, -45.812188 ], [ -73.537017, -45.804132 ], [ -73.402089, -45.701918 ], [ -73.356313, -45.688084 ], [ -73.197499, -45.677179 ], [ -73.188547, -45.672133 ], [ -73.18578, -45.66253 ], [ -73.188873, -45.655857 ], [ -73.197499, -45.660089 ], [ -73.296213, -45.649835 ], [ -73.311838, -45.643976 ], [ -73.316274, -45.638116 ], [ -73.31843, -45.630548 ], [ -73.32726, -45.619073 ], [ -73.333648, -45.621026 ], [ -73.36026, -45.633884 ], [ -73.36852, -45.639337 ], [ -73.378163, -45.643731 ], [ -73.420318, -45.649835 ], [ -73.425893, -45.654474 ], [ -73.473785, -45.712579 ], [ -73.489654, -45.726658 ], [ -73.512196, -45.732354 ], [ -73.532786, -45.741143 ], [ -73.5655, -45.776462 ], [ -73.591664, -45.780206 ], [ -73.581695, -45.751397 ], [ -73.575185, -45.72324 ], [ -73.570546, -45.660089 ], [ -73.565338, -45.632582 ], [ -73.542307, -45.581476 ], [ -73.53482, -45.536228 ], [ -73.524973, -45.505548 ], [ -73.521352, -45.471938 ], [ -73.517323, -45.460382 ], [ -73.510854, -45.451755 ], [ -73.502309, -45.44378 ], [ -73.475087, -45.424574 ], [ -73.445872, -45.413507 ], [ -73.422475, -45.419529 ], [ -73.412913, -45.451267 ], [ -73.406077, -45.451267 ], [ -73.399078, -45.387872 ], [ -73.392445, -45.375584 ], [ -73.370961, -45.366876 ], [ -73.353342, -45.372654 ], [ -73.323557, -45.395929 ], [ -73.324941, -45.378106 ], [ -73.328847, -45.357599 ], [ -73.327707, -45.340916 ], [ -73.313873, -45.333917 ], [ -73.305247, -45.331964 ], [ -73.286936, -45.322931 ], [ -73.275746, -45.320896 ], [ -73.265207, -45.320489 ], [ -73.258127, -45.319024 ], [ -73.252187, -45.315688 ], [ -73.245351, -45.310317 ], [ -73.22643, -45.300877 ], [ -73.208648, -45.302179 ], [ -73.192942, -45.311782 ], [ -73.180084, -45.327081 ], [ -73.176666, -45.335219 ], [ -73.172719, -45.352309 ], [ -73.167104, -45.361912 ], [ -73.161977, -45.365655 ], [ -73.13915, -45.375584 ], [ -73.105458, -45.398696 ], [ -73.08788, -45.406671 ], [ -73.066884, -45.409601 ], [ -73.044789, -45.416192 ], [ -73.014312, -45.444757 ], [ -72.991526, -45.451267 ], [ -72.904042, -45.464776 ], [ -72.859527, -45.464451 ], [ -72.858022, -45.44378 ], [ -72.837758, -45.427992 ], [ -72.830637, -45.418064 ], [ -72.834381, -45.406183 ], [ -72.845204, -45.396417 ], [ -72.858469, -45.389255 ], [ -72.874338, -45.386163 ], [ -72.892812, -45.389255 ], [ -72.904368, -45.394789 ], [ -72.913971, -45.401544 ], [ -72.924916, -45.407322 ], [ -72.940541, -45.409601 ], [ -72.955149, -45.40838 ], [ -72.981516, -45.400974 ], [ -73.079091, -45.35475 ], [ -73.176666, -45.281671 ], [ -73.216298, -45.258884 ], [ -73.256663, -45.248224 ], [ -73.296213, -45.259454 ], [ -73.328969, -45.283949 ], [ -73.346425, -45.290623 ], [ -73.375356, -45.292901 ], [ -73.398793, -45.291762 ], [ -73.425201, -45.287693 ], [ -73.448069, -45.279474 ], [ -73.460683, -45.26629 ], [ -73.462636, -45.246189 ], [ -73.458811, -45.220961 ], [ -73.450063, -45.199477 ], [ -73.437123, -45.190606 ], [ -73.382721, -45.194024 ], [ -73.355946, -45.190688 ], [ -73.330963, -45.177504 ], [ -73.332346, -45.161879 ], [ -73.317047, -45.153985 ], [ -73.304433, -45.144789 ], [ -73.313873, -45.125665 ], [ -73.331695, -45.109063 ], [ -73.337758, -45.101739 ], [ -73.338287, -45.094415 ], [ -73.334828, -45.087823 ], [ -73.337066, -45.083103 ], [ -73.354848, -45.081313 ], [ -73.370188, -45.075453 ], [ -73.386098, -45.061456 ], [ -73.399241, -45.04339 ], [ -73.406077, -45.026056 ], [ -73.405263, -45.006117 ], [ -73.397776, -44.988214 ], [ -73.385813, -44.973728 ], [ -73.371938, -44.964044 ], [ -73.348256, -44.957778 ], [ -73.234364, -44.965265 ], [ -73.221099, -44.964044 ], [ -73.20995, -44.960219 ], [ -73.1905, -44.9485 ], [ -73.180084, -44.944106 ], [ -73.158559, -44.943048 ], [ -73.117096, -44.948337 ], [ -73.101308, -44.940688 ], [ -73.083852, -44.923923 ], [ -73.029286, -44.889418 ], [ -73.007069, -44.865492 ], [ -72.99828, -44.861586 ], [ -72.957021, -44.861586 ], [ -72.935658, -44.85768 ], [ -72.914784, -44.847833 ], [ -72.810048, -44.767755 ], [ -72.766347, -44.750665 ], [ -72.727651, -44.758559 ], [ -72.723866, -44.74627 ], [ -72.710683, -44.733168 ], [ -72.707183, -44.72503 ], [ -72.710032, -44.71738 ], [ -72.724273, -44.700779 ], [ -72.727651, -44.694024 ], [ -72.731516, -44.674249 ], [ -72.729156, -44.665623 ], [ -72.708241, -44.642348 ], [ -72.703603, -44.634373 ], [ -72.68578, -44.580336 ], [ -72.681508, -44.560154 ], [ -72.67984, -44.543552 ], [ -72.669016, -44.531996 ], [ -72.644032, -44.51922 ], [ -72.616526, -44.508966 ], [ -72.597971, -44.505304 ], [ -72.618153, -44.465265 ], [ -72.615956, -44.421563 ], [ -72.591135, -44.340753 ], [ -72.594838, -44.350193 ], [ -72.611562, -44.371515 ], [ -72.615224, -44.371515 ], [ -72.630116, -44.39129 ], [ -72.632069, -44.39544 ], [ -72.642568, -44.40545 ], [ -72.649485, -44.408136 ], [ -72.662506, -44.409112 ], [ -72.666412, -44.413018 ], [ -72.660878, -44.43255 ], [ -72.662506, -44.440118 ], [ -72.672475, -44.45436 ], [ -72.686757, -44.488458 ], [ -72.699696, -44.498468 ], [ -72.721913, -44.501397 ], [ -72.734486, -44.494806 ], [ -72.740061, -44.480564 ], [ -72.741322, -44.460626 ], [ -72.750234, -44.448989 ], [ -72.771067, -44.439386 ], [ -72.795033, -44.432712 ], [ -72.813344, -44.430271 ], [ -72.817209, -44.427423 ], [ -72.837514, -44.409112 ], [ -72.848459, -44.402439 ], [ -72.924631, -44.373712 ], [ -72.933746, -44.364679 ], [ -72.930531, -44.346368 ], [ -72.925771, -44.332778 ], [ -72.926584, -44.320571 ], [ -72.939931, -44.306736 ], [ -72.961334, -44.298761 ], [ -73.013905, -44.292169 ], [ -73.051584, -44.27337 ], [ -73.159535, -44.260431 ], [ -73.172271, -44.256117 ], [ -73.183502, -44.248142 ], [ -73.188791, -44.241632 ], [ -73.192738, -44.233657 ], [ -73.192047, -44.226821 ], [ -73.13915, -44.210545 ], [ -73.122182, -44.189223 ], [ -73.118642, -44.183201 ], [ -73.118479, -44.159112 ], [ -73.128082, -44.145766 ], [ -73.13976, -44.145196 ], [ -73.15331, -44.177341 ], [ -73.172963, -44.189142 ], [ -73.197662, -44.195489 ], [ -73.221099, -44.196873 ], [ -73.245107, -44.194431 ], [ -73.267323, -44.187433 ], [ -73.283599, -44.174086 ], [ -73.290028, -44.152439 ], [ -73.286936, -44.123468 ], [ -73.27774, -44.11004 ], [ -73.262603, -44.108494 ], [ -73.241567, -44.114923 ], [ -73.234527, -44.120701 ], [ -73.227935, -44.127374 ], [ -73.223012, -44.127048 ], [ -73.221099, -44.111505 ], [ -73.221099, -44.077325 ], [ -73.215403, -44.067966 ], [ -73.201772, -44.061456 ], [ -73.185902, -44.058689 ], [ -73.173329, -44.059666 ], [ -73.168365, -44.06406 ], [ -73.15982, -44.080011 ], [ -73.152821, -44.087579 ], [ -73.127187, -44.096856 ], [ -73.116119, -44.085707 ], [ -73.115793, -44.068536 ], [ -73.122141, -44.059666 ], [ -73.132802, -44.048598 ], [ -73.138051, -44.024102 ], [ -73.13915, -43.985121 ], [ -73.132069, -43.968032 ], [ -73.120351, -43.952081 ], [ -73.094472, -43.926528 ], [ -73.083974, -43.919692 ], [ -73.07665, -43.918064 ], [ -73.070424, -43.914483 ], [ -73.063466, -43.902032 ], [ -73.061757, -43.893162 ], [ -73.062367, -43.884047 ], [ -73.06192, -43.873793 ], [ -73.05724, -43.861017 ], [ -73.030751, -43.826837 ], [ -73.020009, -43.808282 ], [ -73.015614, -43.782485 ], [ -73.012685, -43.772149 ], [ -73.005849, -43.774102 ], [ -72.994537, -43.785903 ], [ -72.989369, -43.795831 ], [ -72.988433, -43.805841 ], [ -72.983713, -43.814548 ], [ -72.967275, -43.820082 ], [ -72.951283, -43.803643 ], [ -72.926869, -43.787286 ], [ -72.898915, -43.776951 ], [ -72.872304, -43.779067 ], [ -72.866933, -43.78631 ], [ -72.863026, -43.797784 ], [ -72.85676, -43.808526 ], [ -72.844065, -43.813246 ], [ -72.830637, -43.811944 ], [ -72.824615, -43.807875 ], [ -72.825917, -43.80047 ], [ -72.844106, -43.775486 ], [ -72.849599, -43.75921 ], [ -72.851552, -43.740004 ], [ -72.850575, -43.716974 ], [ -72.843861, -43.700372 ], [ -72.842275, -43.689711 ], [ -72.847157, -43.679457 ], [ -72.854075, -43.678888 ], [ -72.85733, -43.690199 ], [ -72.85912, -43.704767 ], [ -72.86144, -43.713556 ], [ -72.867991, -43.72381 ], [ -72.870961, -43.734063 ], [ -72.875315, -43.743422 ], [ -72.885894, -43.751153 ], [ -72.896881, -43.753106 ], [ -72.92219, -43.750746 ], [ -72.933746, -43.751153 ], [ -72.945139, -43.75506 ], [ -72.959462, -43.763849 ], [ -72.970937, -43.765395 ], [ -72.97936, -43.761163 ], [ -72.988678, -43.741876 ], [ -72.99828, -43.737481 ], [ -73.024159, -43.735447 ], [ -73.042307, -43.729587 ], [ -73.045888, -43.728448 ], [ -73.055247, -43.71559 ], [ -73.043568, -43.695977 ], [ -73.025217, -43.685235 ], [ -73.004628, -43.677667 ], [ -72.987864, -43.666436 ], [ -72.973012, -43.621352 ], [ -72.95344, -43.614923 ], [ -72.928863, -43.61419 ], [ -72.905832, -43.60768 ], [ -72.917104, -43.588637 ], [ -72.932973, -43.58587 ], [ -72.977773, -43.594171 ], [ -73.007192, -43.592706 ], [ -73.026031, -43.586684 ], [ -73.038726, -43.574151 ], [ -73.068227, -43.51393 ], [ -73.079945, -43.49627 ], [ -73.111318, -43.461033 ], [ -73.111806, -43.443292 ], [ -73.09081, -43.402439 ], [ -73.085276, -43.382501 ], [ -73.084584, -43.316339 ], [ -73.075917, -43.301365 ], [ -73.055735, -43.28867 ], [ -72.954661, -43.247166 ], [ -72.930043, -43.244073 ], [ -72.91218, -43.235447 ], [ -72.906321, -43.214939 ], [ -72.908111, -43.190118 ], [ -72.913238, -43.169041 ], [ -72.930328, -43.124607 ], [ -72.934438, -43.09824 ], [ -72.922922, -43.086358 ], [ -72.90746, -43.077569 ], [ -72.864858, -43.018731 ], [ -72.848053, -43.010919 ], [ -72.825063, -43.007501 ], [ -72.804677, -43.01393 ], [ -72.789866, -43.054457 ], [ -72.774526, -43.067641 ], [ -72.754547, -43.075942 ], [ -72.734486, -43.079685 ], [ -72.756581, -43.035089 ], [ -72.761057, -43.009047 ], [ -72.751576, -42.987726 ], [ -72.750071, -42.978936 ], [ -72.747141, -42.909763 ], [ -72.753163, -42.900811 ], [ -72.768625, -42.888442 ], [ -72.821441, -42.857517 ], [ -72.842193, -42.838067 ], [ -72.850575, -42.809666 ], [ -72.852528, -42.793552 ], [ -72.864858, -42.751235 ], [ -72.864003, -42.737237 ], [ -72.861155, -42.724786 ], [ -72.860015, -42.711684 ], [ -72.864858, -42.696547 ], [ -72.835561, -42.688084 ], [ -72.827016, -42.680271 ], [ -72.823842, -42.665297 ], [ -72.829091, -42.652602 ], [ -72.85497, -42.633559 ], [ -72.864858, -42.620864 ], [ -72.867055, -42.590427 ], [ -72.856801, -42.555922 ], [ -72.840321, -42.524835 ], [ -72.823842, -42.504164 ], [ -72.795522, -42.493829 ], [ -72.75357, -42.491876 ], [ -72.710764, -42.496026 ], [ -72.67984, -42.504164 ], [ -72.667348, -42.512628 ], [ -72.654164, -42.524102 ], [ -72.63915, -42.534112 ], [ -72.606557, -42.542657 ], [ -72.579661, -42.561293 ], [ -72.56314, -42.565688 ], [ -72.539418, -42.558282 ], [ -72.541331, -42.541599 ], [ -72.558461, -42.524835 ], [ -72.580556, -42.517267 ], [ -72.602122, -42.514337 ], [ -72.658762, -42.491143 ], [ -72.678456, -42.478448 ], [ -72.717763, -42.43255 ], [ -72.722239, -42.422459 ], [ -72.716135, -42.400567 ], [ -72.721425, -42.388116 ], [ -72.729726, -42.384535 ], [ -72.753489, -42.383722 ], [ -72.762441, -42.38128 ], [ -72.773061, -42.365818 ], [ -72.791127, -42.316176 ], [ -72.792836, -42.305597 ], [ -72.814076, -42.305434 ], [ -72.834137, -42.302911 ], [ -72.846303, -42.294854 ], [ -72.843739, -42.278253 ], [ -72.809722, -42.243259 ], [ -72.765859, -42.226983 ], [ -72.673004, -42.209405 ], [ -72.619944, -42.184747 ], [ -72.594553, -42.182061 ], [ -72.572174, -42.190606 ], [ -72.557932, -42.211114 ], [ -72.456166, -42.440851 ], [ -72.440338, -42.458917 ], [ -72.426015, -42.462986 ], [ -72.419789, -42.43963 ], [ -72.426503, -42.396173 ], [ -72.440297, -42.354099 ], [ -72.450795, -42.339288 ], [ -72.464426, -42.324314 ], [ -72.476186, -42.307794 ], [ -72.481313, -42.288507 ], [ -72.4735, -42.269789 ], [ -72.454823, -42.258884 ], [ -72.4322, -42.249933 ], [ -72.412343, -42.2374 ], [ -72.437978, -42.2374 ], [ -72.460032, -42.234308 ], [ -72.475413, -42.223077 ], [ -72.481313, -42.199151 ], [ -72.476918, -42.173761 ], [ -72.465159, -42.163507 ], [ -72.447581, -42.157973 ], [ -72.426015, -42.147231 ], [ -72.442779, -42.144138 ], [ -72.460113, -42.142999 ], [ -72.475901, -42.13893 ], [ -72.488026, -42.127537 ], [ -72.490142, -42.116876 ], [ -72.489858, -42.080255 ], [ -72.488026, -42.064711 ], [ -72.462554, -41.985528 ], [ -72.464345, -41.97617 ], [ -72.48469, -41.959242 ], [ -72.517201, -41.950942 ], [ -72.541005, -41.977797 ], [ -72.560658, -42.013442 ], [ -72.580556, -42.031183 ], [ -72.608266, -42.033136 ], [ -72.617787, -42.031183 ], [ -72.626291, -42.016046 ], [ -72.633046, -42.009535 ], [ -72.654652, -42.020603 ], [ -72.667592, -42.01572 ], [ -72.678863, -42.005792 ], [ -72.686676, -41.997166 ], [ -72.710113, -42.015558 ], [ -72.737294, -42.01393 ], [ -72.81607, -41.979099 ], [ -72.82665, -41.972345 ], [ -72.837514, -41.962335 ], [ -72.839915, -41.957615 ], [ -72.841176, -41.946547 ], [ -72.843739, -41.941827 ], [ -72.850331, -41.937433 ], [ -72.86498, -41.93255 ], [ -72.872304, -41.928806 ], [ -72.880279, -41.923272 ], [ -72.88801, -41.916599 ], [ -72.88858, -41.910821 ], [ -72.863596, -41.905938 ], [ -72.854482, -41.899835 ], [ -72.840647, -41.884454 ], [ -72.83552, -41.881443 ], [ -72.821156, -41.876642 ], [ -72.817047, -41.8742 ], [ -72.816233, -41.869724 ], [ -72.818023, -41.858005 ], [ -72.817047, -41.853692 ], [ -72.809193, -41.845147 ], [ -72.720367, -41.778416 ], [ -72.703481, -41.771173 ], [ -72.691803, -41.764418 ], [ -72.663319, -41.73268 ], [ -72.645131, -41.722833 ], [ -72.620351, -41.723321 ], [ -72.594716, -41.728774 ], [ -72.569488, -41.730564 ], [ -72.53425, -41.713637 ], [ -72.521799, -41.713962 ], [ -72.508697, -41.716241 ], [ -72.494944, -41.716567 ], [ -72.483795, -41.713556 ], [ -72.460764, -41.702244 ], [ -72.424672, -41.696384 ], [ -72.416086, -41.692315 ], [ -72.381947, -41.668145 ], [ -72.376576, -41.66546 ], [ -72.360463, -41.652765 ], [ -72.350901, -41.648207 ], [ -72.339589, -41.646905 ], [ -72.30309, -41.648207 ], [ -72.328725, -41.635512 ], [ -72.338002, -41.627699 ], [ -72.343414, -41.61297 ], [ -72.341705, -41.600193 ], [ -72.323598, -41.565118 ], [ -72.323069, -41.55877 ], [ -72.324696, -41.544529 ], [ -72.323598, -41.538344 ], [ -72.306142, -41.528578 ], [ -72.30309, -41.524102 ], [ -72.30724, -41.511895 ], [ -72.325429, -41.493585 ], [ -72.330434, -41.483168 ], [ -72.325103, -41.456964 ], [ -72.299875, -41.405206 ], [ -72.30309, -41.380792 ], [ -72.32136, -41.367446 ], [ -72.339223, -41.371515 ], [ -72.344146, -41.386814 ], [ -72.323598, -41.407973 ], [ -72.329701, -41.420994 ], [ -72.344797, -41.442071 ], [ -72.350901, -41.455824 ], [ -72.37267, -41.590102 ], [ -72.381947, -41.609796 ], [ -72.390533, -41.620701 ], [ -72.40689, -41.646742 ], [ -72.416086, -41.658298 ], [ -72.426178, -41.663995 ], [ -72.458608, -41.673435 ], [ -72.520985, -41.681899 ], [ -72.532786, -41.685479 ], [ -72.542795, -41.692804 ], [ -72.572418, -41.70672 ], [ -72.584299, -41.709731 ], [ -72.609446, -41.70672 ], [ -72.650543, -41.687188 ], [ -72.669667, -41.682387 ], [ -72.67748, -41.673598 ], [ -72.686106, -41.63006 ], [ -72.693512, -41.61297 ], [ -72.727935, -41.590427 ], [ -72.731068, -41.586196 ], [ -72.736399, -41.581231 ], [ -72.751576, -41.548435 ], [ -72.75886, -41.543878 ], [ -72.789703, -41.530938 ], [ -72.819325, -41.508966 ], [ -72.843088, -41.499688 ], [ -72.853871, -41.497166 ], [ -72.86441, -41.498712 ], [ -72.875396, -41.507094 ], [ -72.885569, -41.511651 ], [ -72.895375, -41.507501 ], [ -72.903717, -41.500421 ], [ -72.909535, -41.49684 ], [ -72.935536, -41.485528 ], [ -72.947377, -41.483168 ], [ -72.957265, -41.483575 ], [ -72.978014, -41.515737 ], [ -73.022063, -41.514662 ], [ -73.035901, -41.529224 ], [ -73.035576, -41.556843 ], [ -73.077138, -41.565118 ], [ -73.086334, -41.570245 ], [ -73.095448, -41.572686 ], [ -73.104115, -41.576593 ], [ -73.111887, -41.586196 ], [ -73.106109, -41.590916 ], [ -73.096425, -41.602146 ], [ -73.09081, -41.606703 ], [ -73.094106, -41.610528 ], [ -73.09557, -41.613702 ], [ -73.096506, -41.616632 ], [ -73.098256, -41.620294 ], [ -73.080149, -41.627699 ], [ -73.074534, -41.636814 ], [ -73.077138, -41.665134 ], [ -73.072377, -41.674005 ], [ -73.06371, -41.686456 ], [ -73.059193, -41.697442 ], [ -73.066884, -41.702244 ], [ -73.088612, -41.704278 ], [ -73.099721, -41.710545 ], [ -73.118642, -41.736993 ], [ -73.129221, -41.747491 ], [ -73.141713, -41.754815 ], [ -73.156361, -41.756768 ], [ -73.173329, -41.750665 ], [ -73.201405, -41.784763 ], [ -73.276275, -41.784112 ], [ -73.363189, -41.773533 ], [ -73.427154, -41.778009 ], [ -73.423818, -41.78281 ], [ -73.421742, -41.786554 ], [ -73.418813, -41.789483 ], [ -73.412913, -41.79225 ], [ -73.412913, -41.798517 ], [ -73.435414, -41.793227 ], [ -73.455434, -41.795994 ], [ -73.494862, -41.805922 ], [ -73.515045, -41.803643 ], [ -73.570546, -41.778009 ], [ -73.659983, -41.757501 ], [ -73.735341, -41.75449 ], [ -73.759946, -41.748841 ], [ -73.754663, -41.740956 ], [ -73.740575, -41.735706 ], [ -73.728253, -41.726509 ], [ -73.710664, -41.697598 ], [ -73.700116, -41.681825 ], [ -73.698368, -41.66868 ], [ -73.694861, -41.651588 ], [ -73.696632, -41.637125 ], [ -73.683949, -41.627048 ], [ -73.668935, -41.616632 ], [ -73.639475, -41.61297 ], [ -73.581899, -41.614841 ], [ -73.554758, -41.608494 ], [ -73.543284, -41.589288 ], [ -73.536, -41.566502 ], [ -73.503407, -41.52988 ], [ -73.494862, -41.510431 ], [ -73.527699, -41.537286 ], [ -73.547841, -41.566583 ], [ -73.571604, -41.590102 ], [ -73.615224, -41.599867 ], [ -73.626617, -41.598077 ], [ -73.647939, -41.589125 ], [ -73.659983, -41.586196 ], [ -73.667633, -41.586847 ], [ -73.684926, -41.591404 ], [ -73.694081, -41.59238 ], [ -73.71349, -41.589125 ], [ -73.744944, -41.575616 ], [ -73.758901, -41.572524 ], [ -73.766184, -41.56992 ], [ -73.770416, -41.564548 ], [ -73.774973, -41.560317 ], [ -73.782826, -41.5617 ], [ -73.787424, -41.563653 ], [ -73.792714, -41.565118 ], [ -73.798166, -41.565688 ], [ -73.806803, -41.556233 ], [ -73.810287, -41.54571 ], [ -73.799738, -41.535201 ], [ -73.801474, -41.523368 ], [ -73.813695, -41.497064 ], [ -73.841713, -41.46682 ], [ -73.848651, -41.440529 ], [ -73.853839, -41.422118 ], [ -73.843185, -41.395849 ], [ -73.841217, -41.332821 ], [ -73.854823, -41.279049 ], [ -73.874074, -41.227809 ], [ -73.894958, -41.184437 ], [ -73.919665, -41.152698 ], [ -73.913994, -41.134535 ], [ -73.917495, -41.116115 ], [ -73.931685, -41.094884 ], [ -73.929893, -41.075174 ], [ -73.940585, -41.049964 ], [ -73.936929, -41.021113 ], [ -73.940675, -40.993955 ], [ -73.946904, -40.972841 ], [ -73.937973, -40.959486 ], [ -73.92607, -40.953927 ], [ -73.902114, -40.949483 ], [ -73.891912, -40.937262 ], [ -73.872562, -40.930603 ], [ -73.85464, -40.916163 ], [ -73.856218, -40.901698 ], [ -73.874183, -40.88941 ], [ -73.888947, -40.878249 ], [ -73.89323, -40.863782 ], [ -73.890222, -40.852663 ], [ -73.87977, -40.840461 ], [ -73.870802, -40.820471 ], [ -73.870937, -40.794821 ], [ -73.862179, -40.764714 ], [ -73.845647, -40.739308 ], [ -73.828018, -40.715949 ], [ -73.808885, -40.705986 ], [ -73.822245, -40.690266 ], [ -73.838504, -40.676789 ], [ -73.841495, -40.666707 ], [ -73.831255, -40.657762 ], [ -73.821019, -40.641002 ], [ -73.804833, -40.631014 ], [ -73.760701, -40.607759 ], [ -73.749017, -40.574265 ], [ -73.728498, -40.54418 ], [ -73.73733, -40.522944 ], [ -73.748118, -40.503676 ], [ -73.748158, -40.488377 ], [ -73.751332, -40.475681 ], [ -73.762318, -40.455255 ], [ -73.769399, -40.447849 ], [ -73.77599, -40.443455 ], [ -73.780914, -40.43727 ], [ -73.782826, -40.424574 ], [ -73.779652, -40.41546 ], [ -73.765533, -40.401625 ], [ -73.762318, -40.390232 ], [ -73.762929, -40.347589 ], [ -73.761098, -40.327813 ], [ -73.748647, -40.273045 ], [ -73.748118, -40.260431 ], [ -73.746002, -40.249444 ], [ -73.737131, -40.231378 ], [ -73.733062, -40.219822 ], [ -73.72411, -40.214532 ], [ -73.721425, -40.208917 ], [ -73.722076, -40.203709 ], [ -73.724355, -40.197849 ], [ -73.72704, -40.193943 ], [ -73.728831, -40.195245 ], [ -73.72936, -40.189548 ], [ -73.734853, -40.180352 ], [ -73.735015, -40.174737 ], [ -73.718739, -40.165297 ], [ -73.714589, -40.161065 ], [ -73.699127, -40.131768 ], [ -73.697825, -40.126397 ], [ -73.686635, -40.126397 ], [ -73.674224, -40.125095 ], [ -73.664052, -40.120294 ], [ -73.659983, -40.109552 ], [ -73.664052, -40.067071 ], [ -73.668528, -40.045668 ], [ -73.673573, -40.030857 ], [ -73.700266, -39.999933 ], [ -73.714182, -39.978448 ], [ -73.711171, -39.968683 ], [ -73.701527, -39.964125 ], [ -73.683217, -39.942478 ], [ -73.673573, -39.934503 ], [ -73.662343, -39.931899 ], [ -73.632639, -39.934503 ], [ -73.61148, -39.926202 ], [ -73.582834, -39.904718 ], [ -73.537465, -39.896905 ], [ -73.517079, -39.887628 ], [ -73.498525, -39.874282 ], [ -73.481801, -39.858819 ], [ -73.466868, -39.839939 ], [ -73.458404, -39.833754 ], [ -73.443959, -39.831476 ], [ -73.434438, -39.833266 ], [ -73.424306, -39.837823 ], [ -73.416168, -39.843438 ], [ -73.412913, -39.848891 ], [ -73.410634, -39.871515 ], [ -73.404042, -39.89544 ], [ -73.3933, -39.908949 ], [ -73.378774, -39.900486 ], [ -73.37267, -39.880466 ], [ -73.375722, -39.85768 ], [ -73.384633, -39.836521 ], [ -73.396108, -39.821384 ], [ -73.401926, -39.804132 ], [ -73.395009, -39.78281 ], [ -73.384267, -39.761 ], [ -73.378774, -39.742771 ], [ -73.38565, -39.722263 ], [ -73.398671, -39.708103 ], [ -73.406077, -39.69492 ], [ -73.396108, -39.677911 ], [ -73.359039, -39.664158 ], [ -73.346303, -39.655938 ], [ -73.358266, -39.647149 ], [ -73.316884, -39.606703 ], [ -73.297963, -39.582696 ], [ -73.290028, -39.560805 ], [ -73.288075, -39.551039 ], [ -73.282826, -39.538751 ], [ -73.275054, -39.52809 ], [ -73.265492, -39.523696 ], [ -73.262766, -39.518324 ], [ -73.260569, -39.506931 ], [ -73.254872, -39.49505 ], [ -73.241567, -39.489516 ], [ -73.25178, -39.468438 ], [ -73.249989, -39.450291 ], [ -73.239817, -39.433689 ], [ -73.224477, -39.41725 ], [ -73.225942, -39.410577 ], [ -73.245025, -39.390313 ], [ -73.249013, -39.379653 ], [ -73.243642, -39.369073 ], [ -73.234202, -39.363214 ], [ -73.225087, -39.356134 ], [ -73.221099, -39.341729 ], [ -73.224273, -39.318129 ], [ -73.235992, -39.27044 ], [ -73.235341, -39.249282 ], [ -73.211659, -39.213474 ], [ -73.209828, -39.19378 ], [ -73.235341, -39.180922 ], [ -73.232981, -39.206638 ], [ -73.238149, -39.222101 ], [ -73.245432, -39.221287 ], [ -73.252105, -39.177911 ], [ -73.265777, -39.143487 ], [ -73.283437, -39.075291 ], [ -73.361318, -38.913832 ], [ -73.43342, -38.686944 ], [ -73.440826, -38.686944 ], [ -73.437571, -38.733575 ], [ -73.427154, -38.7763 ], [ -73.437489, -38.772068 ], [ -73.445058, -38.761407 ], [ -73.454498, -38.734796 ], [ -73.45759, -38.714532 ], [ -73.458485, -38.693617 ], [ -73.461537, -38.673761 ], [ -73.483225, -38.637465 ], [ -73.502309, -38.570977 ], [ -73.515614, -38.539158 ], [ -73.52066, -38.52158 ], [ -73.525136, -38.475681 ], [ -73.543284, -38.420668 ], [ -73.54186, -38.399184 ], [ -73.52774, -38.351983 ], [ -73.526194, -38.341241 ], [ -73.530995, -38.332127 ], [ -73.524892, -38.326267 ], [ -73.515207, -38.32171 ], [ -73.509104, -38.316502 ], [ -73.507965, -38.306736 ], [ -73.52066, -38.267022 ], [ -73.519928, -38.257745 ], [ -73.512196, -38.24505 ], [ -73.505035, -38.240004 ], [ -73.494944, -38.234308 ], [ -73.485748, -38.227309 ], [ -73.481801, -38.218032 ], [ -73.462799, -38.091729 ], [ -73.462961, -38.051202 ], [ -73.470693, -38.011895 ], [ -73.503245, -37.933282 ], [ -73.557688, -37.846124 ], [ -73.62206, -37.758722 ], [ -73.631703, -37.751072 ], [ -73.651926, -37.741388 ], [ -73.659983, -37.734796 ], [ -73.666575, -37.725518 ], [ -73.66808, -37.719415 ], [ -73.666168, -37.662774 ], [ -73.669504, -37.652439 ], [ -73.684478, -37.631768 ], [ -73.687856, -37.621677 ], [ -73.685129, -37.598403 ], [ -73.677642, -37.57936 ], [ -73.666575, -37.563653 ], [ -73.653147, -37.5499 ], [ -73.619049, -37.527032 ], [ -73.604115, -37.512384 ], [ -73.59789, -37.491876 ], [ -73.599273, -37.447849 ], [ -73.603342, -37.428969 ], [ -73.61148, -37.412693 ], [ -73.671783, -37.362563 ], [ -73.680409, -37.347833 ], [ -73.675689, -37.326267 ], [ -73.653554, -37.290297 ], [ -73.646311, -37.268731 ], [ -73.644643, -37.20143 ], [ -73.635732, -37.183364 ], [ -73.620351, -37.166274 ], [ -73.607574, -37.15545 ], [ -73.594472, -37.152439 ], [ -73.577992, -37.158868 ], [ -73.565907, -37.174005 ], [ -73.556996, -37.182794 ], [ -73.546702, -37.186782 ], [ -73.542836, -37.189142 ], [ -73.502512, -37.207778 ], [ -73.477691, -37.204767 ], [ -73.468129, -37.207208 ], [ -73.464711, -37.215509 ], [ -73.466542, -37.225274 ], [ -73.467397, -37.234633 ], [ -73.460683, -37.241957 ], [ -73.448801, -37.241388 ], [ -73.428456, -37.227146 ], [ -73.403391, -37.236586 ], [ -73.388499, -37.234796 ], [ -73.361684, -37.227716 ], [ -73.319936, -37.223565 ], [ -73.282582, -37.214044 ], [ -73.236969, -37.191502 ], [ -73.209055, -37.160252 ], [ -73.173329, -37.076349 ], [ -73.171539, -37.026951 ], [ -73.177235, -37.010512 ], [ -73.179311, -37.001397 ], [ -73.180084, -36.990899 ], [ -73.177235, -36.98504 ], [ -73.159657, -36.960219 ], [ -73.15689, -36.949965 ], [ -73.145375, -36.833917 ], [ -73.15095, -36.808689 ], [ -73.165354, -36.793145 ], [ -73.185292, -36.78338 ], [ -73.207428, -36.775323 ], [ -73.198598, -36.76393 ], [ -73.18692, -36.75213 ], [ -73.173492, -36.741795 ], [ -73.159657, -36.734959 ], [ -73.149281, -36.746759 ], [ -73.131703, -36.736423 ], [ -73.126454, -36.718357 ], [ -73.152821, -36.706964 ], [ -73.130523, -36.677667 ], [ -73.125559, -36.66546 ], [ -73.132883, -36.649998 ], [ -73.12914, -36.632582 ], [ -73.121897, -36.614353 ], [ -73.118642, -36.597101 ], [ -73.092437, -36.618341 ], [ -73.090891, -36.687433 ], [ -73.070221, -36.7138 ], [ -73.054514, -36.718845 ], [ -73.035878, -36.720798 ], [ -73.017405, -36.719334 ], [ -73.002024, -36.7138 ], [ -72.988026, -36.702569 ], [ -72.981923, -36.690362 ], [ -72.980946, -36.655857 ], [ -72.978912, -36.648207 ], [ -72.974233, -36.640232 ], [ -72.968617, -36.633071 ], [ -72.963857, -36.628106 ], [ -72.959462, -36.620701 ], [ -72.961171, -36.614028 ], [ -72.965077, -36.607517 ], [ -72.97053, -36.592706 ], [ -72.985015, -36.577895 ], [ -72.988352, -36.573175 ], [ -72.988108, -36.528985 ], [ -72.986195, -36.521417 ], [ -72.981068, -36.516778 ], [ -72.970937, -36.515232 ], [ -72.962229, -36.518324 ], [ -72.96052, -36.525486 ], [ -72.960561, -36.532485 ], [ -72.957021, -36.53574 ], [ -72.942209, -36.532403 ], [ -72.93224, -36.523614 ], [ -72.925282, -36.510512 ], [ -72.905181, -36.455011 ], [ -72.895863, -36.438084 ], [ -72.882232, -36.422459 ], [ -72.878407, -36.414239 ], [ -72.872304, -36.378025 ], [ -72.867665, -36.366957 ], [ -72.850575, -36.343927 ], [ -72.840891, -36.327325 ], [ -72.832346, -36.308038 ], [ -72.826161, -36.287042 ], [ -72.823842, -36.265069 ], [ -72.83731, -36.196547 ], [ -72.837514, -36.179376 ], [ -72.831166, -36.169203 ], [ -72.813344, -36.154474 ], [ -72.80956, -36.141778 ], [ -72.811838, -36.130955 ], [ -72.821645, -36.110528 ], [ -72.823842, -36.100681 ], [ -72.819081, -36.08115 ], [ -72.796742, -36.049737 ], [ -72.789703, -36.028497 ], [ -72.790028, -36.019138 ], [ -72.792144, -36.007582 ], [ -72.795562, -35.997817 ], [ -72.804311, -35.988865 ], [ -72.80016, -35.978123 ], [ -72.793324, -35.967462 ], [ -72.780141, -35.952569 ], [ -72.685699, -35.883396 ], [ -72.671783, -35.865899 ], [ -72.666168, -35.846775 ], [ -72.610992, -35.819106 ], [ -72.597971, -35.810154 ], [ -72.583567, -35.770603 ], [ -72.586822, -35.729669 ], [ -72.600657, -35.691013 ], [ -72.649159, -35.607354 ], [ -72.652577, -35.586602 ], [ -72.646596, -35.566583 ], [ -72.632069, -35.552911 ], [ -72.538686, -35.498793 ], [ -72.529652, -35.490411 ], [ -72.505238, -35.448012 ] ] } },
{ "type": "Feature", "properties": { "featurecla": "Coastline", "scalerank": 0, "min_zoom": 0.0 }, "geometry": { "type": "LineString", "coordinates": [ [ -72.505238, -35.448012 ], [ -72.488026, -35.41839 ], [ -72.490712, -35.404555 ], [ -72.491851, -35.390802 ], [ -72.489369, -35.377048 ], [ -72.481313, -35.363214 ], [ -72.46524, -35.352227 ], [ -72.447092, -35.345392 ], [ -72.4322, -35.334568 ], [ -72.426015, -35.311944 ], [ -72.42455, -35.288751 ], [ -72.41983, -35.268162 ], [ -72.411204, -35.249688 ], [ -72.398061, -35.233494 ], [ -72.364003, -35.207778 ], [ -72.288238, -35.168552 ], [ -72.25475, -35.144708 ], [ -72.23058, -35.116143 ], [ -72.21349, -35.081313 ], [ -72.20344, -35.040623 ], [ -72.193267, -34.908298 ], [ -72.187815, -34.885512 ], [ -72.174794, -34.866957 ], [ -72.159047, -34.849298 ], [ -72.145416, -34.82936 ], [ -72.131825, -34.784356 ], [ -72.126454, -34.778416 ], [ -72.103017, -34.760919 ], [ -72.097646, -34.750258 ], [ -72.093495, -34.734145 ], [ -72.062896, -34.678481 ], [ -72.05724, -34.658787 ], [ -72.053944, -34.569513 ], [ -72.042388, -34.507908 ], [ -72.042592, -34.486098 ], [ -72.052805, -34.449395 ], [ -72.055491, -34.428155 ], [ -72.048085, -34.403904 ], [ -72.03067, -34.389907 ], [ -72.01065, -34.380629 ], [ -71.995229, -34.37005 ], [ -71.989084, -34.355239 ], [ -71.987131, -34.335056 ], [ -71.989125, -34.254164 ], [ -71.995229, -34.212498 ], [ -72.004872, -34.197931 ], [ -72.01887, -34.18141 ], [ -72.026845, -34.162693 ], [ -72.018544, -34.140802 ], [ -71.972768, -34.091974 ], [ -71.96052, -34.075291 ], [ -71.943715, -34.039727 ], [ -71.931386, -34.022068 ], [ -71.906606, -34.009454 ], [ -71.904775, -33.997491 ], [ -71.905832, -33.983657 ], [ -71.905263, -33.972833 ], [ -71.900299, -33.964939 ], [ -71.877919, -33.945489 ], [ -71.86026, -33.911879 ], [ -71.835317, -33.82643 ], [ -71.816518, -33.787286 ], [ -71.808095, -33.776951 ], [ -71.801991, -33.773045 ], [ -71.7954, -33.770278 ], [ -71.785471, -33.763767 ], [ -71.775787, -33.760186 ], [ -71.753651, -33.760919 ], [ -71.744496, -33.756931 ], [ -71.725168, -33.742608 ], [ -71.7058, -33.733087 ], [ -71.687652, -33.72088 ], [ -71.671864, -33.6985 ], [ -71.654368, -33.656508 ], [ -71.647776, -33.633884 ], [ -71.645172, -33.612888 ], [ -71.646637, -33.579034 ], [ -71.645172, -33.56878 ], [ -71.640736, -33.560805 ], [ -71.627512, -33.546563 ], [ -71.624664, -33.541436 ], [ -71.640777, -33.500584 ], [ -71.705922, -33.43434 ], [ -71.707265, -33.389907 ], [ -71.702707, -33.379002 ], [ -71.697499, -33.370375 ], [ -71.689198, -33.365167 ], [ -71.675608, -33.363377 ], [ -71.67219, -33.358575 ], [ -71.671213, -33.347426 ], [ -71.671864, -33.325779 ], [ -71.676096, -33.300958 ], [ -71.685902, -33.283868 ], [ -71.697499, -33.267836 ], [ -71.707265, -33.246677 ], [ -71.720326, -33.167576 ], [ -71.725738, -33.153985 ], [ -71.752268, -33.113539 ], [ -71.761871, -33.101983 ], [ -71.74352, -33.086358 ], [ -71.690338, -33.085626 ], [ -71.679311, -33.071547 ], [ -71.67748, -33.060724 ], [ -71.672719, -33.047947 ], [ -71.666168, -33.036065 ], [ -71.658803, -33.02752 ], [ -71.645741, -33.018976 ], [ -71.638051, -33.017999 ], [ -71.630483, -33.020115 ], [ -71.593577, -33.019464 ], [ -71.582387, -33.01686 ], [ -71.572865, -33.010186 ], [ -71.568227, -33.001886 ], [ -71.564524, -32.984063 ], [ -71.552642, -32.964288 ], [ -71.553782, -32.95379 ], [ -71.556874, -32.943455 ], [ -71.555776, -32.931899 ], [ -71.548573, -32.92197 ], [ -71.52892, -32.907647 ], [ -71.521067, -32.89658 ], [ -71.5183, -32.873142 ], [ -71.526194, -32.851658 ], [ -71.536855, -32.831231 ], [ -71.544342, -32.804457 ], [ -71.547922, -32.795505 ], [ -71.548695, -32.784845 ], [ -71.542144, -32.773614 ], [ -71.532135, -32.76922 ], [ -71.509429, -32.769708 ], [ -71.501129, -32.766778 ], [ -71.494985, -32.746189 ], [ -71.503529, -32.726007 ], [ -71.506744, -32.71087 ], [ -71.465484, -32.699477 ], [ -71.454172, -32.685642 ], [ -71.448313, -32.665704 ], [ -71.445912, -32.642755 ], [ -71.449127, -32.597101 ], [ -71.454742, -32.573012 ], [ -71.476715, -32.535252 ], [ -71.471425, -32.515802 ], [ -71.456166, -32.4992 ], [ -71.439687, -32.48504 ], [ -71.441396, -32.472263 ], [ -71.431752, -32.42669 ], [ -71.426096, -32.410577 ], [ -71.418121, -32.399835 ], [ -71.411, -32.394138 ], [ -71.407948, -32.386326 ], [ -71.412465, -32.369561 ], [ -71.445912, -32.341729 ], [ -71.450754, -32.339532 ], [ -71.464263, -32.335138 ], [ -71.467112, -32.33172 ], [ -71.467356, -32.330743 ], [ -71.467763, -32.316176 ], [ -71.467112, -32.315037 ], [ -71.476226, -32.27752 ], [ -71.481313, -32.266534 ], [ -71.496246, -32.251642 ], [ -71.513905, -32.240167 ], [ -71.530507, -32.226658 ], [ -71.542144, -32.205173 ], [ -71.543853, -32.193292 ], [ -71.542144, -32.160089 ], [ -71.539906, -32.149021 ], [ -71.527903, -32.126072 ], [ -71.526967, -32.083673 ], [ -71.507721, -31.977472 ], [ -71.511383, -31.961196 ], [ -71.520131, -31.951104 ], [ -71.52599, -31.941176 ], [ -71.528798, -31.930108 ], [ -71.527903, -31.916599 ], [ -71.522694, -31.906508 ], [ -71.514027, -31.899591 ], [ -71.505605, -31.894301 ], [ -71.501129, -31.889825 ], [ -71.506459, -31.869236 ], [ -71.539622, -31.83766 ], [ -71.538726, -31.82464 ], [ -71.521718, -31.806248 ], [ -71.514516, -31.79046 ], [ -71.514963, -31.775486 ], [ -71.563222, -31.608087 ], [ -71.570383, -31.591567 ], [ -71.569447, -31.51922 ], [ -71.593658, -31.444106 ], [ -71.608469, -31.42018 ], [ -71.647125, -31.202081 ], [ -71.666168, -31.169854 ], [ -71.667836, -31.150486 ], [ -71.65274, -31.068943 ], [ -71.65099, -31.022393 ], [ -71.654937, -30.976007 ], [ -71.665639, -30.937107 ], [ -71.669993, -30.930759 ], [ -71.674428, -30.925958 ], [ -71.677887, -30.919041 ], [ -71.680328, -30.895685 ], [ -71.685129, -30.875909 ], [ -71.689117, -30.843032 ], [ -71.707265, -30.779474 ], [ -71.698964, -30.708917 ], [ -71.703521, -30.697442 ], [ -71.71345, -30.614923 ], [ -71.709706, -30.593683 ], [ -71.694895, -30.544854 ], [ -71.696685, -30.529229 ], [ -71.703481, -30.508559 ], [ -71.699371, -30.48504 ], [ -71.686147, -30.449802 ], [ -71.676829, -30.342543 ], [ -71.639231, -30.252211 ], [ -71.637766, -30.241469 ], [ -71.634633, -30.238214 ], [ -71.627797, -30.240492 ], [ -71.620961, -30.246677 ], [ -71.608795, -30.27516 ], [ -71.587473, -30.284926 ], [ -71.562327, -30.287286 ], [ -71.542144, -30.285333 ], [ -71.517568, -30.278578 ], [ -71.506093, -30.271905 ], [ -71.501129, -30.261814 ], [ -71.503529, -30.251153 ], [ -71.506581, -30.243748 ], [ -71.504384, -30.239516 ], [ -71.490956, -30.238214 ], [ -71.486155, -30.226821 ], [ -71.445912, -30.162367 ], [ -71.432973, -30.173923 ], [ -71.424306, -30.184747 ], [ -71.414622, -30.188084 ], [ -71.398793, -30.17669 ], [ -71.388173, -30.162693 ], [ -71.382558, -30.147719 ], [ -71.377675, -30.114679 ], [ -71.376454, -30.078871 ], [ -71.382395, -30.046075 ], [ -71.394602, -30.016778 ], [ -71.412465, -29.991795 ], [ -71.407338, -29.98268 ], [ -71.401031, -29.978123 ], [ -71.393463, -29.978611 ], [ -71.384429, -29.984308 ], [ -71.383127, -29.97617 ], [ -71.379954, -29.969659 ], [ -71.374827, -29.965427 ], [ -71.358551, -29.961602 ], [ -71.35851, -29.956313 ], [ -71.360504, -29.94964 ], [ -71.357818, -29.943292 ], [ -71.353993, -29.938165 ], [ -71.353586, -29.93377 ], [ -71.350697, -29.930841 ], [ -71.339833, -29.929783 ], [ -71.33609, -29.931817 ], [ -71.326324, -29.941176 ], [ -71.319651, -29.943292 ], [ -71.29776, -29.933852 ], [ -71.28661, -29.910252 ], [ -71.282582, -29.880141 ], [ -71.282094, -29.850844 ], [ -71.285146, -29.836114 ], [ -71.292877, -29.825453 ], [ -71.312489, -29.809666 ], [ -71.319447, -29.799981 ], [ -71.324127, -29.787286 ], [ -71.335927, -29.728123 ], [ -71.335357, -29.711196 ], [ -71.326487, -29.70379 ], [ -71.320221, -29.696954 ], [ -71.317535, -29.681817 ], [ -71.318512, -29.665623 ], [ -71.323069, -29.655938 ], [ -71.29719, -29.622654 ], [ -71.288075, -29.603123 ], [ -71.298818, -29.594496 ], [ -71.311513, -29.586684 ], [ -71.323354, -29.567804 ], [ -71.332183, -29.544854 ], [ -71.336049, -29.524998 ], [ -71.333485, -29.504083 ], [ -71.319447, -29.471856 ], [ -71.314198, -29.444024 ], [ -71.310129, -29.433038 ], [ -71.30724, -29.421157 ], [ -71.308827, -29.408868 ], [ -71.314565, -29.401056 ], [ -71.329986, -29.390802 ], [ -71.336049, -29.381036 ], [ -71.341176, -29.357192 ], [ -71.342763, -29.336602 ], [ -71.347157, -29.316827 ], [ -71.360911, -29.295587 ], [ -71.376088, -29.282403 ], [ -71.46939, -29.228774 ], [ -71.486928, -29.211847 ], [ -71.494293, -29.192641 ], [ -71.494618, -29.142348 ], [ -71.495758, -29.13893 ], [ -71.496205, -29.134698 ], [ -71.494293, -29.12713 ], [ -71.491567, -29.122166 ], [ -71.48351, -29.1124 ], [ -71.481313, -29.107843 ], [ -71.482086, -29.093438 ], [ -71.489166, -29.086196 ], [ -71.497304, -29.080173 ], [ -71.501129, -29.069757 ], [ -71.499013, -29.060968 ], [ -71.489654, -29.046645 ], [ -71.487538, -29.035577 ], [ -71.501129, -28.991143 ], [ -71.499257, -28.986586 ], [ -71.497548, -28.976821 ], [ -71.501129, -28.970798 ], [ -71.514801, -28.977634 ], [ -71.521962, -28.940118 ], [ -71.51122, -28.889581 ], [ -71.487782, -28.845147 ], [ -71.456451, -28.826104 ], [ -71.440745, -28.822931 ], [ -71.401845, -28.806573 ], [ -71.391347, -28.799493 ], [ -71.38036, -28.78045 ], [ -71.368153, -28.740818 ], [ -71.357818, -28.723728 ], [ -71.318512, -28.692641 ], [ -71.301869, -28.6749 ], [ -71.287668, -28.61891 ], [ -71.28893, -28.607029 ], [ -71.294667, -28.599542 ], [ -71.304026, -28.591974 ], [ -71.312611, -28.583429 ], [ -71.316233, -28.572931 ], [ -71.307485, -28.5617 ], [ -71.288686, -28.552423 ], [ -71.27009, -28.54046 ], [ -71.261586, -28.521661 ], [ -71.269887, -28.486017 ], [ -71.267812, -28.476658 ], [ -71.260487, -28.472426 ], [ -71.2506, -28.471368 ], [ -71.240712, -28.471368 ], [ -71.233632, -28.470473 ], [ -71.210357, -28.44671 ], [ -71.188588, -28.40545 ], [ -71.17394, -28.36061 ], [ -71.172231, -28.32643 ], [ -71.178456, -28.309015 ], [ -71.183339, -28.301528 ], [ -71.18932, -28.298517 ], [ -71.193593, -28.294366 ], [ -71.18692, -28.284763 ], [ -71.172231, -28.267755 ], [ -71.170033, -28.250095 ], [ -71.160146, -28.211684 ], [ -71.157094, -28.142836 ], [ -71.160024, -28.120212 ], [ -71.173085, -28.09295 ], [ -71.167836, -28.083591 ], [ -71.158803, -28.074151 ], [ -71.151723, -28.064548 ], [ -71.147328, -28.048923 ], [ -71.138092, -27.945977 ], [ -71.132639, -27.923517 ], [ -71.124379, -27.9013 ], [ -71.118723, -27.895196 ], [ -71.111073, -27.890395 ], [ -71.103261, -27.88421 ], [ -71.097157, -27.873956 ], [ -71.102854, -27.852227 ], [ -71.104726, -27.838962 ], [ -71.100209, -27.83294 ], [ -71.089711, -27.830173 ], [ -71.084625, -27.822931 ], [ -71.082997, -27.812921 ], [ -71.082834, -27.801935 ], [ -71.078765, -27.780694 ], [ -71.057851, -27.744399 ], [ -71.048695, -27.723077 ], [ -71.043691, -27.701918 ], [ -71.04186, -27.678481 ], [ -71.038686, -27.666436 ], [ -71.031606, -27.657403 ], [ -71.024566, -27.65545 ], [ -71.021392, -27.664727 ], [ -71.013254, -27.671563 ], [ -70.971099, -27.660333 ], [ -70.952504, -27.661065 ], [ -70.947499, -27.649184 ], [ -70.939524, -27.638279 ], [ -70.930409, -27.63006 ], [ -70.922109, -27.626886 ], [ -70.912424, -27.62184 ], [ -70.912221, -27.61004 ], [ -70.919016, -27.586033 ], [ -70.918568, -27.543878 ], [ -70.895375, -27.502537 ], [ -70.891672, -27.493097 ], [ -70.895579, -27.469822 ], [ -70.905181, -27.441502 ], [ -70.917348, -27.415134 ], [ -70.94579, -27.37184 ], [ -70.944936, -27.349542 ], [ -70.937001, -27.32643 ], [ -70.932688, -27.298028 ], [ -70.93814, -27.281427 ], [ -70.948313, -27.262465 ], [ -70.954905, -27.243585 ], [ -70.944936, -27.214939 ], [ -70.948801, -27.20436 ], [ -70.95995, -27.188165 ], [ -70.961008, -27.18141 ], [ -70.961049, -27.168064 ], [ -70.95995, -27.161391 ], [ -70.948476, -27.13242 ], [ -70.946889, -27.12363 ], [ -70.941314, -27.113377 ], [ -70.92927, -27.106703 ], [ -70.917063, -27.106866 ], [ -70.911529, -27.116795 ], [ -70.908193, -27.129164 ], [ -70.900461, -27.132501 ], [ -70.891347, -27.130548 ], [ -70.884185, -27.127211 ], [ -70.870839, -27.117852 ], [ -70.868967, -27.11004 ], [ -70.871327, -27.102146 ], [ -70.870595, -27.092462 ], [ -70.865061, -27.084405 ], [ -70.858225, -27.078302 ], [ -70.852447, -27.071547 ], [ -70.850087, -27.061782 ], [ -70.848744, -27.048028 ], [ -70.845204, -27.045994 ], [ -70.839833, -27.049005 ], [ -70.833323, -27.051528 ], [ -70.81843, -27.047947 ], [ -70.816965, -27.039727 ], [ -70.821116, -27.03045 ], [ -70.822743, -27.023614 ], [ -70.815012, -27.015232 ], [ -70.794179, -27.002537 ], [ -70.788645, -26.99627 ], [ -70.790761, -26.977797 ], [ -70.806956, -26.930597 ], [ -70.805735, -26.921157 ], [ -70.806386, -26.916192 ], [ -70.822743, -26.886977 ], [ -70.824208, -26.873793 ], [ -70.822418, -26.865818 ], [ -70.786041, -26.788018 ], [ -70.778066, -26.777927 ], [ -70.771799, -26.772393 ], [ -70.748938, -26.760557 ], [ -70.732467, -26.749281 ], [ -70.748687, -26.729425 ], [ -70.752838, -26.722426 ], [ -70.756174, -26.713637 ], [ -70.754506, -26.702081 ], [ -70.746938, -26.692071 ], [ -70.730336, -26.681817 ], [ -70.727162, -26.671482 ], [ -70.725982, -26.660089 ], [ -70.714996, -26.608575 ], [ -70.695302, -26.568536 ], [ -70.692454, -26.544366 ], [ -70.704701, -26.511489 ], [ -70.706654, -26.492852 ], [ -70.695872, -26.472426 ], [ -70.689849, -26.464532 ], [ -70.686635, -26.456476 ], [ -70.685414, -26.446954 ], [ -70.685618, -26.434503 ], [ -70.6881, -26.423761 ], [ -70.697662, -26.400649 ], [ -70.69929, -26.392999 ], [ -70.691271, -26.383551 ], [ -70.666636, -26.385269 ], [ -70.656548, -26.355824 ], [ -70.629954, -26.340977 ], [ -70.642413, -26.315331 ], [ -70.681443, -26.304496 ], [ -70.675446, -26.276909 ], [ -70.657057, -26.265802 ], [ -70.648264, -26.235772 ], [ -70.654856, -26.219171 ], [ -70.66454, -26.202813 ], [ -70.664947, -26.175714 ], [ -70.671946, -26.160821 ], [ -70.665435, -26.149672 ], [ -70.661733, -26.134047 ], [ -70.658274, -26.099379 ], [ -70.659657, -26.072524 ], [ -70.658274, -26.06463 ], [ -70.653432, -26.05641 ], [ -70.642201, -26.049737 ], [ -70.637807, -26.044122 ], [ -70.630727, -26.009535 ], [ -70.635976, -25.974705 ], [ -70.648915, -25.943617 ], [ -70.66511, -25.920587 ], [ -70.696685, -25.885186 ], [ -70.703847, -25.867364 ], [ -70.706125, -25.841892 ], [ -70.710357, -25.835382 ], [ -70.731117, -25.829289 ], [ -70.739985, -25.829323 ], [ -70.733388, -25.803969 ], [ -70.723999, -25.778713 ], [ -70.700313, -25.773377 ], [ -70.691618, -25.741454 ], [ -70.693837, -25.714044 ], [ -70.692454, -25.691339 ], [ -70.686676, -25.668064 ], [ -70.673411, -25.653904 ], [ -70.650809, -25.648306 ], [ -70.634775, -25.625502 ], [ -70.637807, -25.581476 ], [ -70.639963, -25.571384 ], [ -70.649322, -25.551202 ], [ -70.651438, -25.540785 ], [ -70.65038, -25.528578 ], [ -70.646881, -25.521661 ], [ -70.622874, -25.504164 ], [ -70.618723, -25.503188 ], [ -70.613759, -25.503595 ], [ -70.603668, -25.501642 ], [ -70.58495, -25.493585 ], [ -70.551137, -25.472426 ], [ -70.538482, -25.468194 ], [ -70.530914, -25.456801 ], [ -70.521352, -25.403253 ], [ -70.513661, -25.386326 ], [ -70.47643, -25.386326 ], [ -70.464915, -25.38242 ], [ -70.458485, -25.37363 ], [ -70.454254, -25.363214 ], [ -70.449371, -25.355157 ], [ -70.444814, -25.344903 ], [ -70.446604, -25.333103 ], [ -70.45287, -25.318048 ], [ -70.450836, -25.306329 ], [ -70.439198, -25.276462 ], [ -70.434397, -25.236098 ], [ -70.437001, -25.193455 ], [ -70.449086, -25.152927 ], [ -70.472727, -25.119317 ], [ -70.489125, -25.110447 ], [ -70.497182, -25.104262 ], [ -70.5006, -25.095473 ], [ -70.499664, -25.084568 ], [ -70.495351, -25.069024 ], [ -70.494456, -25.060968 ], [ -70.488596, -25.039483 ], [ -70.47704, -25.020278 ], [ -70.468739, -25.000095 ], [ -70.472727, -24.975274 ], [ -70.520985, -24.919041 ], [ -70.527943, -24.896173 ], [ -70.531728, -24.873142 ], [ -70.549794, -24.832452 ], [ -70.555898, -24.810805 ], [ -70.555898, -24.765883 ], [ -70.559071, -24.75628 ], [ -70.57311, -24.737237 ], [ -70.576405, -24.731703 ], [ -70.576405, -24.653253 ], [ -70.554799, -24.60589 ], [ -70.556508, -24.595147 ], [ -70.560455, -24.584405 ], [ -70.565419, -24.5617 ], [ -70.571604, -24.553806 ], [ -70.578277, -24.546808 ], [ -70.58259, -24.537205 ], [ -70.582834, -24.524835 ], [ -70.579457, -24.517511 ], [ -70.574208, -24.511407 ], [ -70.568918, -24.502374 ], [ -70.561117, -24.481821 ], [ -70.553871, -24.449468 ], [ -70.541917, -24.415229 ], [ -70.549062, -24.385675 ], [ -70.549794, -24.379815 ], [ -70.554921, -24.371026 ], [ -70.555898, -24.365167 ], [ -70.5537, -24.364841 ], [ -70.548655, -24.360528 ], [ -70.543691, -24.355157 ], [ -70.541615, -24.351495 ], [ -70.544911, -24.341485 ], [ -70.547747, -24.327255 ], [ -70.539272, -24.318406 ], [ -70.532884, -24.305732 ], [ -70.534585, -24.292207 ], [ -70.530706, -24.278842 ], [ -70.534291, -24.261 ], [ -70.530588, -24.244724 ], [ -70.513661, -24.214451 ], [ -70.519683, -24.201349 ], [ -70.517649, -24.189548 ], [ -70.506098, -24.167381 ], [ -70.514509, -24.145808 ], [ -70.519552, -24.123822 ], [ -70.509418, -24.122196 ], [ -70.504018, -24.114841 ], [ -70.500315, -24.097426 ], [ -70.502309, -24.067641 ], [ -70.508412, -24.037693 ], [ -70.526357, -23.99627 ], [ -70.519846, -23.965265 ], [ -70.5006, -23.912693 ], [ -70.503896, -23.886326 ], [ -70.512278, -23.87184 ], [ -70.513295, -23.859063 ], [ -70.494456, -23.837579 ], [ -70.498525, -23.784601 ], [ -70.494456, -23.768731 ], [ -70.483998, -23.754978 ], [ -70.452545, -23.728774 ], [ -70.439198, -23.714044 ], [ -70.421254, -23.684666 ], [ -70.405263, -23.650811 ], [ -70.394114, -23.614353 ], [ -70.390736, -23.576918 ], [ -70.404307, -23.551878 ], [ -70.413085, -23.511253 ], [ -70.440513, -23.492647 ], [ -70.466245, -23.480261 ], [ -70.496983, -23.469472 ], [ -70.512235, -23.480503 ], [ -70.520664, -23.504011 ], [ -70.53253, -23.516584 ], [ -70.539315, -23.532273 ], [ -70.561385, -23.526091 ], [ -70.581863, -23.519926 ], [ -70.60583, -23.510653 ], [ -70.621338, -23.53109 ], [ -70.631612, -23.517039 ], [ -70.625027, -23.474749 ], [ -70.616363, -23.455011 ], [ -70.613881, -23.447198 ], [ -70.601715, -23.444106 ], [ -70.591786, -23.435724 ], [ -70.585072, -23.423598 ], [ -70.596226, -23.405831 ], [ -70.599292, -23.404909 ], [ -70.602425, -23.379715 ], [ -70.604633, -23.357283 ], [ -70.591542, -23.326267 ], [ -70.596582, -23.301349 ], [ -70.6008, -23.281725 ], [ -70.5989, -23.263012 ], [ -70.600123, -23.244225 ], [ -70.586101, -23.213269 ], [ -70.567795, -23.200222 ], [ -70.56284, -23.175003 ], [ -70.572213, -23.155201 ], [ -70.565169, -23.130995 ], [ -70.580685, -23.108321 ], [ -70.572701, -23.080221 ], [ -70.562245, -23.059828 ], [ -70.536977, -23.03281 ], [ -70.51183, -23.014907 ], [ -70.508901, -23.010024 ], [ -70.506174, -23.010024 ], [ -70.497548, -23.018324 ], [ -70.49352, -23.026625 ], [ -70.49356, -23.037286 ], [ -70.496449, -23.047621 ], [ -70.5006, -23.055597 ], [ -70.493479, -23.073023 ], [ -70.484386, -23.086034 ], [ -70.468034, -23.096231 ], [ -70.450751, -23.097075 ], [ -70.425423, -23.08853 ], [ -70.397106, -23.070623 ], [ -70.372859, -23.050874 ], [ -70.356353, -23.02988 ], [ -70.337148, -23.002618 ], [ -70.329335, -22.970473 ], [ -70.328847, -22.962172 ], [ -70.327504, -22.956801 ], [ -70.322499, -22.946954 ], [ -70.32079, -22.946059 ], [ -70.308746, -22.933282 ], [ -70.297027, -22.917739 ], [ -70.291575, -22.901951 ], [ -70.288564, -22.884698 ], [ -70.28775, -22.868097 ], [ -70.29426, -22.845147 ], [ -70.306223, -22.81878 ], [ -70.312571, -22.790623 ], [ -70.301991, -22.761977 ], [ -70.303212, -22.747735 ], [ -70.291249, -22.724054 ], [ -70.281117, -22.695245 ], [ -70.28775, -22.665704 ], [ -70.280995, -22.657892 ], [ -70.282867, -22.650323 ], [ -70.28718, -22.64186 ], [ -70.28775, -22.631606 ], [ -70.282297, -22.623793 ], [ -70.275502, -22.622328 ], [ -70.269683, -22.619561 ], [ -70.267242, -22.60711 ], [ -70.269399, -22.596368 ], [ -70.278798, -22.578058 ], [ -70.280873, -22.566176 ], [ -70.278554, -22.556736 ], [ -70.243153, -22.496515 ], [ -70.24059, -22.487563 ], [ -70.242665, -22.478285 ], [ -70.254221, -22.456638 ], [ -70.246734, -22.385186 ], [ -70.248199, -22.327569 ], [ -70.243642, -22.313165 ], [ -70.235504, -22.29811 ], [ -70.22289, -22.162367 ], [ -70.224965, -22.146905 ], [ -70.211171, -22.101739 ], [ -70.213246, -22.08294 ], [ -70.198476, -22.075128 ], [ -70.190053, -22.059747 ], [ -70.186147, -22.041436 ], [ -70.185292, -22.024998 ], [ -70.200103, -22.005548 ], [ -70.198354, -22.002862 ], [ -70.194407, -22.001886 ], [ -70.192128, -22.001072 ], [ -70.190419, -21.994724 ], [ -70.177887, -21.973077 ], [ -70.182769, -21.963962 ], [ -70.179921, -21.955662 ], [ -70.174428, -21.945896 ], [ -70.17162, -21.932061 ], [ -70.173818, -21.917657 ], [ -70.178863, -21.906508 ], [ -70.192128, -21.884373 ], [ -70.150054, -21.861993 ], [ -70.146067, -21.8117 ], [ -70.153147, -21.759942 ], [ -70.144358, -21.733494 ], [ -70.148793, -21.722752 ], [ -70.151967, -21.664809 ], [ -70.150217, -21.653497 ], [ -70.139844, -21.632646 ], [ -70.122509, -21.619303 ], [ -70.103645, -21.608699 ], [ -70.096145, -21.591222 ], [ -70.094662, -21.573689 ], [ -70.089711, -21.559177 ], [ -70.08716, -21.54563 ], [ -70.074403, -21.53794 ], [ -70.071415, -21.522556 ], [ -70.075165, -21.511297 ], [ -70.078936, -21.500734 ], [ -70.082722, -21.488813 ], [ -70.082916, -21.483331 ], [ -70.071453, -21.465657 ], [ -70.061702, -21.450297 ], [ -70.058695, -21.433377 ], [ -70.066258, -21.415151 ], [ -70.082863, -21.391309 ], [ -70.092698, -21.36534 ], [ -70.094106, -21.345473 ], [ -70.087465, -21.337106 ], [ -70.082209, -21.327281 ], [ -70.072906, -21.315851 ], [ -70.068674, -21.305841 ], [ -70.076261, -21.282395 ], [ -70.077818, -21.263558 ], [ -70.086832, -21.255054 ], [ -70.086985, -21.245864 ], [ -70.083091, -21.240315 ], [ -70.080094, -21.233325 ], [ -70.083608, -21.225844 ], [ -70.089145, -21.216479 ], [ -70.095182, -21.203162 ], [ -70.095201, -21.189839 ], [ -70.110266, -21.173703 ], [ -70.111684, -21.162693 ], [ -70.118316, -21.140069 ], [ -70.122792, -21.134861 ], [ -70.127594, -21.130141 ], [ -70.130727, -21.123956 ], [ -70.130238, -21.118341 ], [ -70.127797, -21.112888 ], [ -70.124908, -21.109552 ], [ -70.12328, -21.110284 ], [ -70.127302, -21.089203 ], [ -70.140148, -21.076461 ], [ -70.164422, -21.040498 ], [ -70.171295, -21.014581 ], [ -70.168284, -20.997003 ], [ -70.162221, -20.987563 ], [ -70.150141, -20.962801 ], [ -70.130469, -20.946578 ], [ -70.127462, -20.935275 ], [ -70.141121, -20.915463 ], [ -70.136575, -20.900684 ], [ -70.141133, -20.880917 ], [ -70.147817, -20.867364 ], [ -70.154007, -20.856211 ], [ -70.168416, -20.842015 ], [ -70.183566, -20.828563 ], [ -70.194169, -20.815833 ], [ -70.212327, -20.813703 ], [ -70.213844, -20.811577 ], [ -70.1972, -20.804529 ], [ -70.190418, -20.791783 ], [ -70.204094, -20.762707 ], [ -70.205637, -20.739353 ], [ -70.192128, -20.719903 ], [ -70.192128, -20.713067 ], [ -70.197174, -20.711602 ], [ -70.199371, -20.710138 ], [ -70.201487, -20.708266 ], [ -70.2058, -20.706231 ], [ -70.195627, -20.676935 ], [ -70.194203, -20.644627 ], [ -70.203826, -20.541958 ], [ -70.2058, -20.52809 ], [ -70.198883, -20.515883 ], [ -70.176503, -20.491795 ], [ -70.171448, -20.476168 ], [ -70.166686, -20.448069 ], [ -70.17162, -20.421645 ], [ -70.174916, -20.403578 ], [ -70.188873, -20.379571 ], [ -70.192128, -20.366795 ], [ -70.186879, -20.354262 ], [ -70.163889, -20.339125 ], [ -70.145742, -20.330415 ], [ -70.141672, -20.30169 ], [ -70.136871, -20.294122 ], [ -70.130727, -20.266778 ], [ -70.160471, -20.22088 ], [ -70.164866, -20.208754 ], [ -70.162343, -20.196547 ], [ -70.156484, -20.19256 ], [ -70.149648, -20.18906 ], [ -70.144358, -20.178643 ], [ -70.145172, -20.171563 ], [ -70.150787, -20.14837 ], [ -70.151194, -20.137628 ], [ -70.145253, -20.123142 ], [ -70.127065, -20.091729 ], [ -70.12328, -20.072198 ], [ -70.125356, -20.066176 ], [ -70.134836, -20.051365 ], [ -70.136871, -20.041599 ], [ -70.134755, -20.031427 ], [ -70.125559, -20.009698 ], [ -70.12328, -19.999933 ], [ -70.124867, -19.978204 ], [ -70.134592, -19.949314 ], [ -70.138051, -19.916192 ], [ -70.144358, -19.890069 ], [ -70.142893, -19.879327 ], [ -70.136952, -19.860528 ], [ -70.136871, -19.849054 ], [ -70.158599, -19.818455 ], [ -70.158599, -19.790704 ], [ -70.149322, -19.737237 ], [ -70.151194, -19.719415 ], [ -70.174957, -19.660414 ], [ -70.177887, -19.640232 ], [ -70.184145, -19.629386 ], [ -70.208998, -19.616768 ], [ -70.238224, -19.60328 ], [ -70.242544, -19.598203 ], [ -70.21442, -19.596359 ], [ -70.208363, -19.580255 ], [ -70.202748, -19.569024 ], [ -70.203969, -19.552423 ], [ -70.199574, -19.534356 ], [ -70.207631, -19.489841 ], [ -70.213984, -19.461097 ], [ -70.226136, -19.436904 ], [ -70.226308, -19.410821 ], [ -70.24059, -19.373305 ], [ -70.266021, -19.334731 ], [ -70.26415, -19.328302 ], [ -70.260813, -19.3235 ], [ -70.269928, -19.313246 ], [ -70.282135, -19.303806 ], [ -70.28775, -19.300958 ], [ -70.288401, -19.291925 ], [ -70.282582, -19.273207 ], [ -70.280873, -19.263442 ], [ -70.282216, -19.223403 ], [ -70.27953, -19.204278 ], [ -70.266225, -19.178399 ], [ -70.270334, -19.171482 ], [ -70.277211, -19.166111 ], [ -70.280873, -19.160414 ], [ -70.275299, -19.133071 ], [ -70.274729, -19.122817 ], [ -70.277415, -19.108982 ], [ -70.312734, -19.021905 ], [ -70.313803, -19.007085 ], [ -70.308964, -18.971466 ], [ -70.320123, -18.944282 ], [ -70.330164, -18.879214 ], [ -70.345187, -18.839358 ], [ -70.353098, -18.797052 ], [ -70.356597, -18.77337 ], [ -70.354237, -18.763116 ], [ -70.342926, -18.735935 ], [ -70.342926, -18.708266 ], [ -70.341542, -18.696466 ], [ -70.336171, -18.675714 ], [ -70.336171, -18.663507 ], [ -70.339223, -18.653985 ], [ -70.348053, -18.643324 ], [ -70.350453, -18.636326 ], [ -70.335247, -18.617575 ], [ -70.338857, -18.57822 ], [ -70.334299, -18.545994 ], [ -70.325429, -18.524021 ], [ -70.322499, -18.51336 ], [ -70.322865, -18.50213 ], [ -70.328359, -18.480076 ], [ -70.329335, -18.471856 ], [ -70.306369, -18.460555 ], [ -70.303561, -18.445439 ], [ -70.31371, -18.430108 ], [ -70.325917, -18.413751 ], [ -70.349477, -18.383181 ], [ -70.37009, -18.362701 ], [ -70.392575, -18.339559 ], [ -70.419739, -18.316416 ], [ -70.469403, -18.286094 ], [ -70.531252, -18.243259 ], [ -70.562195, -18.224477 ], [ -70.597806, -18.205705 ], [ -70.634406, -18.186868 ], [ -70.683256, -18.161698 ], [ -70.733388, -18.115492 ], [ -70.736684, -18.111098 ], [ -70.742177, -18.100356 ], [ -70.74767, -18.094415 ], [ -70.752349, -18.091729 ], [ -70.762441, -18.090427 ], [ -70.768178, -18.088149 ], [ -70.826161, -18.036716 ], [ -70.843495, -18.026625 ], [ -70.878896, -18.016697 ], [ -70.891672, -18.005629 ], [ -70.904897, -17.966567 ], [ -70.914622, -17.946547 ], [ -70.928863, -17.937921 ], [ -70.944895, -17.931573 ], [ -70.98705, -17.900811 ], [ -71.007151, -17.890232 ], [ -71.066314, -17.871759 ], [ -71.086578, -17.869073 ], [ -71.138092, -17.820733 ], [ -71.159576, -17.808201 ], [ -71.173085, -17.796319 ], [ -71.203521, -17.762628 ], [ -71.219228, -17.75156 ], [ -71.267812, -17.731215 ], [ -71.304555, -17.705987 ], [ -71.325795, -17.695245 ], [ -71.346913, -17.691013 ], [ -71.380035, -17.695245 ], [ -71.384429, -17.697849 ], [ -71.385162, -17.68727 ], [ -71.378651, -17.675714 ], [ -71.364003, -17.656183 ], [ -71.359609, -17.633071 ], [ -71.362782, -17.613214 ], [ -71.368398, -17.593194 ], [ -71.377675, -17.492364 ], [ -71.381947, -17.47381 ], [ -71.395823, -17.434177 ], [ -71.400258, -17.400323 ], [ -71.404449, -17.396091 ], [ -71.410756, -17.394301 ], [ -71.418609, -17.389337 ], [ -71.445912, -17.355157 ], [ -71.481313, -17.331231 ], [ -71.483876, -17.328383 ], [ -71.497711, -17.297133 ], [ -71.514516, -17.284601 ], [ -71.530588, -17.279718 ], [ -71.569447, -17.273207 ], [ -71.593088, -17.265558 ], [ -71.602528, -17.259535 ], [ -71.619985, -17.244317 ], [ -71.63683, -17.233657 ], [ -71.641469, -17.231622 ], [ -71.807607, -17.191339 ], [ -71.845693, -17.174574 ], [ -71.877919, -17.149102 ], [ -71.924428, -17.095636 ], [ -71.948598, -17.0735 ], [ -72.003082, -17.042576 ], [ -72.024566, -17.033624 ], [ -72.047271, -17.027765 ], [ -72.109934, -17.023126 ], [ -72.118153, -17.019301 ], [ -72.123525, -17.009373 ], [ -72.122182, -16.988214 ], [ -72.124379, -16.977716 ], [ -72.138051, -16.964776 ], [ -72.178538, -16.942153 ], [ -72.187001, -16.933364 ], [ -72.197255, -16.916436 ], [ -72.221099, -16.905938 ], [ -72.268951, -16.895196 ], [ -72.293365, -16.880629 ], [ -72.297963, -16.86297 ], [ -72.297353, -16.84352 ], [ -72.306508, -16.824151 ], [ -72.362213, -16.761326 ], [ -72.385081, -16.745701 ], [ -72.396352, -16.742364 ], [ -72.405629, -16.742364 ], [ -72.413971, -16.741306 ], [ -72.422922, -16.734796 ], [ -72.433258, -16.72031 ], [ -72.440094, -16.714451 ], [ -72.450185, -16.712091 ], [ -72.456451, -16.709161 ], [ -72.478098, -16.695082 ], [ -72.488026, -16.690362 ], [ -72.529652, -16.683526 ], [ -72.587758, -16.659356 ], [ -72.692353, -16.660654 ], [ -72.781321, -16.629327 ], [ -72.888336, -16.55462 ], [ -73.060246, -16.494881 ], [ -73.093821, -16.460138 ], [ -73.137929, -16.438572 ], [ -73.17516, -16.413263 ], [ -73.192535, -16.407159 ], [ -73.231679, -16.407973 ], [ -73.250396, -16.403009 ], [ -73.265736, -16.393731 ], [ -73.280141, -16.38836 ], [ -73.296213, -16.395603 ], [ -73.304677, -16.381931 ], [ -73.317291, -16.340427 ], [ -73.325999, -16.330743 ], [ -73.336049, -16.326267 ], [ -73.365102, -16.31992 ], [ -73.420318, -16.293145 ], [ -73.481801, -16.278904 ], [ -73.598909, -16.239849 ], [ -73.676202, -16.227873 ], [ -73.700687, -16.244594 ], [ -73.700278, -16.220696 ], [ -73.718495, -16.206231 ], [ -73.727935, -16.196059 ], [ -73.735015, -16.190118 ], [ -73.771358, -16.178202 ], [ -73.842641, -16.146661 ], [ -73.872182, -16.128676 ], [ -73.934421, -16.086441 ], [ -74.004077, -16.037059 ], [ -74.032826, -16.012302 ], [ -74.033165, -16.000783 ], [ -74.027904, -15.988803 ], [ -74.035758, -15.973242 ], [ -74.04662, -15.960138 ], [ -74.077104, -15.946034 ], [ -74.161692, -15.901056 ], [ -74.177398, -15.896905 ], [ -74.220611, -15.89129 ], [ -74.236928, -15.881036 ], [ -74.250174, -15.86615 ], [ -74.253363, -15.855734 ], [ -74.265739, -15.847661 ], [ -74.289951, -15.8396 ], [ -74.327937, -15.848055 ], [ -74.363118, -15.839255 ], [ -74.398012, -15.826863 ], [ -74.441721, -15.798028 ], [ -74.446401, -15.79225 ], [ -74.448964, -15.772719 ], [ -74.451527, -15.762628 ], [ -74.456695, -15.754571 ], [ -74.457647, -15.740821 ], [ -74.463068, -15.726724 ], [ -74.488515, -15.717706 ], [ -74.538318, -15.70264 ], [ -74.680979, -15.642022 ], [ -74.751223, -15.604643 ], [ -74.84756, -15.566294 ], [ -74.868645, -15.538051 ], [ -74.979115, -15.482354 ], [ -75.006418, -15.461196 ], [ -75.019887, -15.457127 ], [ -75.034779, -15.459242 ], [ -75.041615, -15.462172 ], [ -75.048695, -15.460707 ], [ -75.064565, -15.44964 ], [ -75.094879, -15.417169 ], [ -75.106109, -15.408624 ], [ -75.125722, -15.402602 ], [ -75.145497, -15.399509 ], [ -75.160797, -15.393324 ], [ -75.166982, -15.377618 ], [ -75.172109, -15.37363 ], [ -75.189416, -15.369545 ], [ -75.19099, -15.362101 ], [ -75.189461, -15.358371 ], [ -75.175592, -15.351614 ], [ -75.155422, -15.34642 ], [ -75.151641, -15.332988 ], [ -75.16686, -15.311293 ], [ -75.195953, -15.293634 ], [ -75.23644, -15.276788 ], [ -75.263173, -15.250421 ], [ -75.243804, -15.251397 ], [ -75.232777, -15.245782 ], [ -75.228424, -15.235772 ], [ -75.229644, -15.223728 ], [ -75.23412, -15.214532 ], [ -75.241119, -15.205336 ], [ -75.289622, -15.161065 ], [ -75.30956, -15.152032 ], [ -75.361806, -15.144789 ], [ -75.376454, -15.134047 ], [ -75.385243, -15.116957 ], [ -75.394154, -15.093927 ], [ -75.441029, -15.027765 ], [ -75.44811, -15.007989 ], [ -75.4558, -14.998142 ], [ -75.491607, -14.974542 ], [ -75.502756, -14.963637 ], [ -75.504384, -14.956964 ], [ -75.502756, -14.92547 ], [ -75.506581, -14.918227 ], [ -75.550649, -14.884942 ], [ -75.632883, -14.845798 ], [ -75.659914, -14.831718 ], [ -75.680533, -14.821027 ], [ -75.704742, -14.805759 ], [ -75.748332, -14.77098 ], [ -75.798207, -14.747328 ], [ -75.801666, -14.742446 ], [ -75.809967, -14.736993 ], [ -75.819895, -14.732192 ], [ -75.828277, -14.730239 ], [ -75.839426, -14.726332 ], [ -75.846913, -14.717055 ], [ -75.852935, -14.705987 ], [ -75.85969, -14.696059 ], [ -75.86677, -14.689548 ], [ -75.874176, -14.684259 ], [ -75.915883, -14.663832 ], [ -75.930653, -14.649347 ], [ -75.92729, -14.626831 ], [ -75.930417, -14.603423 ], [ -75.932769, -14.580015 ], [ -75.946075, -14.55889 ], [ -75.963275, -14.53476 ], [ -75.973434, -14.528741 ], [ -75.976511, -14.517386 ], [ -75.971848, -14.508342 ], [ -75.964832, -14.49249 ], [ -75.968939, -14.48376 ], [ -75.980636, -14.461099 ], [ -76.003407, -14.449802 ], [ -76.03718, -14.429295 ], [ -76.049143, -14.418064 ], [ -76.06843, -14.391371 ], [ -76.081858, -14.377699 ], [ -76.092152, -14.373142 ], [ -76.116607, -14.370701 ], [ -76.126576, -14.36712 ], [ -76.133209, -14.359633 ], [ -76.143553, -14.327895 ], [ -76.116113, -14.324874 ], [ -76.108277, -14.31574 ], [ -76.106709, -14.30586 ], [ -76.113762, -14.292927 ], [ -76.123163, -14.273908 ], [ -76.129303, -14.263442 ], [ -76.137074, -14.241876 ], [ -76.149159, -14.223891 ], [ -76.164703, -14.216404 ], [ -76.181142, -14.210626 ], [ -76.189524, -14.196954 ], [ -76.194895, -14.181085 ], [ -76.20226, -14.168552 ], [ -76.215443, -14.161228 ], [ -76.24994, -14.147806 ], [ -76.251567, -14.169807 ], [ -76.271193, -14.20093 ], [ -76.290435, -14.167413 ], [ -76.282056, -14.140924 ], [ -76.282806, -14.103695 ], [ -76.291737, -14.080987 ], [ -76.2812, -14.073314 ], [ -76.280873, -14.057387 ], [ -76.267907, -14.049715 ], [ -76.274181, -14.03904 ], [ -76.27182, -14.030684 ], [ -76.269449, -14.020059 ], [ -76.278864, -14.008602 ], [ -76.284576, -13.991632 ], [ -76.272805, -13.987398 ], [ -76.270439, -13.9625 ], [ -76.277429, -13.945103 ], [ -76.29531, -13.934502 ], [ -76.297841, -13.922133 ], [ -76.296864, -13.914972 ], [ -76.293772, -13.907485 ], [ -76.292714, -13.900486 ], [ -76.297841, -13.89422 ], [ -76.308461, -13.891778 ], [ -76.315053, -13.896661 ], [ -76.317844, -13.912702 ], [ -76.32486, -13.921 ], [ -76.337301, -13.916453 ], [ -76.354399, -13.919437 ], [ -76.373027, -13.908831 ], [ -76.39396, -13.90802 ], [ -76.393544, -13.881931 ], [ -76.391103, -13.867852 ], [ -76.377602, -13.835888 ], [ -76.366713, -13.822024 ], [ -76.371361, -13.809178 ], [ -76.362016, -13.801642 ], [ -76.344132, -13.805447 ], [ -76.325754, -13.791192 ], [ -76.308095, -13.791762 ], [ -76.295904, -13.793436 ], [ -76.290473, -13.80477 ], [ -76.300602, -13.819102 ], [ -76.302952, -13.832689 ], [ -76.29361, -13.840256 ], [ -76.280588, -13.846856 ], [ -76.261773, -13.861428 ], [ -76.253985, -13.850868 ], [ -76.253183, -13.829732 ], [ -76.247717, -13.808602 ], [ -76.232899, -13.764073 ], [ -76.224317, -13.733871 ], [ -76.224924, -13.713637 ], [ -76.221344, -13.686619 ], [ -76.209706, -13.653985 ], [ -76.19815, -13.622491 ], [ -76.181264, -13.539483 ], [ -76.187856, -13.464939 ], [ -76.196034, -13.428155 ], [ -76.221102, -13.357556 ], [ -76.274281, -13.287286 ], [ -76.306955, -13.257045 ], [ -76.370961, -13.173598 ], [ -76.45095, -13.071711 ], [ -76.483347, -13.036296 ], [ -76.490948, -13.012079 ], [ -76.505483, -12.990167 ], [ -76.516474, -12.946153 ], [ -76.511673, -12.91082 ], [ -76.516233, -12.869919 ], [ -76.531972, -12.843927 ], [ -76.542307, -12.831964 ], [ -76.611073, -12.774347 ], [ -76.630035, -12.750665 ], [ -76.672475, -12.668552 ], [ -76.681793, -12.655369 ], [ -76.680653, -12.628676 ], [ -76.681467, -12.619317 ], [ -76.68932, -12.609633 ], [ -76.704767, -12.594411 ], [ -76.73618, -12.552415 ], [ -76.780017, -12.523389 ], [ -76.799079, -12.509342 ], [ -76.811757, -12.48268 ], [ -76.791127, -12.45672 ], [ -76.78243, -12.419213 ], [ -76.790886, -12.381047 ], [ -76.825429, -12.352472 ], [ -76.853646, -12.302644 ], [ -76.948964, -12.250095 ], [ -77.006256, -12.226332 ], [ -77.017201, -12.225763 ], [ -77.020863, -12.220636 ], [ -77.038319, -12.20436 ], [ -77.044545, -12.194757 ], [ -77.046946, -12.180759 ], [ -77.044179, -12.172052 ], [ -77.04011, -12.164483 ], [ -77.038319, -12.153741 ], [ -77.053944, -12.11419 ], [ -77.088979, -12.088962 ], [ -77.11441, -12.081313 ], [ -77.132883, -12.075779 ], [ -77.174916, -12.071873 ], [ -77.166493, -12.053318 ], [ -77.1551, -12.038995 ], [ -77.14509, -12.023045 ], [ -77.140736, -11.9992 ], [ -77.145904, -11.932061 ], [ -77.154368, -11.909438 ], [ -77.161855, -11.87949 ], [ -77.166371, -11.869561 ], [ -77.181711, -11.84588 ], [ -77.187245, -11.825291 ], [ -77.181441, -11.800578 ], [ -77.196374, -11.776822 ], [ -77.196336, -11.767835 ], [ -77.177978, -11.770371 ], [ -77.16706, -11.756536 ], [ -77.171086, -11.736138 ], [ -77.195424, -11.691339 ], [ -77.199818, -11.670099 ], [ -77.210927, -11.646417 ], [ -77.225453, -11.627211 ], [ -77.240061, -11.619399 ], [ -77.253, -11.614841 ], [ -77.264231, -11.604262 ], [ -77.281361, -11.582127 ], [ -77.284739, -11.575372 ], [ -77.27774, -11.565851 ], [ -77.277943, -11.557306 ], [ -77.28189, -11.549493 ], [ -77.29898, -11.529962 ], [ -77.312734, -11.504815 ], [ -77.320465, -11.493748 ], [ -77.329457, -11.489028 ], [ -77.340321, -11.485935 ], [ -77.348012, -11.478285 ], [ -77.360463, -11.461114 ], [ -77.377797, -11.449884 ], [ -77.420806, -11.430759 ], [ -77.453359, -11.403741 ], [ -77.60851, -11.322442 ], [ -77.634185, -11.303399 ], [ -77.647257, -11.292316 ], [ -77.64485, -11.279903 ], [ -77.647017, -11.256763 ], [ -77.65209, -11.236992 ], [ -77.645134, -11.230824 ], [ -77.647968, -11.222346 ], [ -77.63985, -11.21393 ], [ -77.630631, -11.213418 ], [ -77.618557, -11.216306 ], [ -77.609333, -11.21072 ], [ -77.597799, -11.206837 ], [ -77.593677, -11.191069 ], [ -77.594684, -11.165117 ], [ -77.608331, -11.141922 ], [ -77.6186, -11.127194 ], [ -77.612762, -11.115396 ], [ -77.633368, -11.09269 ], [ -77.62869, -11.082572 ], [ -77.638982, -11.064979 ], [ -77.634316, -11.056558 ], [ -77.642866, -11.037282 ], [ -77.661307, -11.01446 ], [ -77.657221, -11.006015 ], [ -77.646806, -10.996477 ], [ -77.655881, -10.976119 ], [ -77.664381, -10.960266 ], [ -77.663142, -10.947298 ], [ -77.670539, -10.92752 ], [ -77.681349, -10.909967 ], [ -77.696156, -10.890698 ], [ -77.711554, -10.868034 ], [ -77.70917, -10.852247 ], [ -77.734934, -10.832289 ], [ -77.753155, -10.815769 ], [ -77.753052, -10.801091 ], [ -77.747803, -10.792072 ], [ -77.764877, -10.768851 ], [ -77.763676, -10.761524 ], [ -77.79247, -10.734959 ], [ -77.807682, -10.724044 ], [ -77.813466, -10.712172 ], [ -77.819203, -10.701349 ], [ -77.826894, -10.692804 ], [ -77.8485, -10.673761 ], [ -77.911973, -10.56639 ], [ -77.909571, -10.555114 ], [ -77.922592, -10.530785 ], [ -77.942047, -10.515802 ], [ -77.968495, -10.49391 ], [ -77.966299, -10.478073 ], [ -77.977159, -10.455981 ], [ -77.995464, -10.432118 ], [ -78.010976, -10.412774 ], [ -78.012929, -10.403253 ], [ -78.004831, -10.393746 ], [ -78.006427, -10.382482 ], [ -78.017812, -10.371759 ], [ -78.055804, -10.347524 ], [ -78.057337, -10.328351 ], [ -78.058173, -10.301908 ], [ -78.076894, -10.286554 ], [ -78.085548, -10.277426 ], [ -78.087668, -10.261594 ], [ -78.095511, -10.240667 ] ] } },
{ "type": "Feature", "properties": { "featurecla": "Coastline", "scalerank": 6, "min_zoom": 5.0 }, "geometry": { "type": "LineString", "coordinates": [ [ -67.245107, -55.839614 ], [ -67.256093, -55.828871 ], [ -67.281972, -55.820977 ], [ -67.358551, -55.810479 ], [ -67.38268, -55.8117 ], [ -67.403472, -55.818617 ], [ -67.417063, -55.833591 ], [ -67.402211, -55.836684 ], [ -67.371327, -55.831964 ], [ -67.358388, -55.836602 ], [ -67.350209, -55.847752 ], [ -67.345937, -55.85768 ], [ -67.33845, -55.864923 ], [ -67.320872, -55.867608 ], [ -67.258127, -55.891046 ], [ -67.22411, -55.897556 ], [ -67.204172, -55.880629 ], [ -67.210072, -55.87949 ], [ -67.219472, -55.875258 ], [ -67.22525, -55.873793 ], [ -67.214955, -55.861017 ], [ -67.217397, -55.851739 ], [ -67.228627, -55.844985 ], [ -67.245107, -55.839614 ] ] } },
{ "type": "Feature", "properties": { "featurecla": "Coastline", "scalerank": 6, "min_zoom": 6.0 }, "geometry": { "type": "LineString", "coordinates": [ [ -67.094309, -55.826104 ], [ -67.088694, -55.824395 ], [ -67.084218, -55.822361 ], [ -67.081451, -55.81878 ], [ -67.080637, -55.812433 ], [ -67.100819, -55.805434 ], [ -67.121165, -55.80755 ], [ -67.14037, -55.817315 ], [ -67.156972, -55.833591 ], [ -67.163726, -55.842218 ], [ -67.169179, -55.851658 ], [ -67.171864, -55.862074 ], [ -67.170033, -55.873793 ], [ -67.164906, -55.879653 ], [ -67.147694, -55.886163 ], [ -67.139272, -55.891534 ], [ -67.124013, -55.906996 ], [ -67.114329, -55.912693 ], [ -67.10143, -55.914809 ], [ -67.089955, -55.913751 ], [ -67.07844, -55.910089 ], [ -67.072377, -55.902927 ], [ -67.077504, -55.891534 ], [ -67.087554, -55.876153 ], [ -67.094716, -55.857192 ], [ -67.097401, -55.839044 ], [ -67.094309, -55.826104 ] ] } },
{ "type": "Feature", "properties": { "featurecla": "Coastline", "scalerank": 5, "min_zoom": 3.0 }, "geometry": { "type": "LineString", "coordinates": [ [ -67.501617, -55.821059 ], [ -67.50768, -55.815688 ], [ -67.513263, -55.809645 ], [ -67.52462, -55.807445 ], [ -67.55191, -55.811944 ], [ -67.567659, -55.807184 ], [ -67.589075, -55.80207 ], [ -67.5867, -55.809909 ], [ -67.569183, -55.820688 ], [ -67.560618, -55.837986 ], [ -67.583499, -55.840512 ], [ -67.618764, -55.826104 ], [ -67.658014, -55.822873 ], [ -67.670396, -55.815732 ], [ -67.688398, -55.82407 ], [ -67.711192, -55.825316 ], [ -67.73523, -55.826564 ], [ -67.76301, -55.825664 ], [ -67.788171, -55.820512 ], [ -67.800649, -55.812433 ], [ -67.827504, -55.816664 ], [ -67.847702, -55.823702 ], [ -67.875266, -55.826551 ], [ -67.899158, -55.828412 ], [ -67.913945, -55.836566 ], [ -67.909282, -55.85083 ], [ -67.901993, -55.862959 ], [ -67.903579, -55.874318 ], [ -67.877286, -55.885238 ], [ -67.854402, -55.882604 ], [ -67.83657, -55.879886 ], [ -67.824155, -55.88994 ], [ -67.80281, -55.897956 ], [ -67.799828, -55.88085 ], [ -67.793277, -55.872357 ], [ -67.77416, -55.867507 ], [ -67.754972, -55.859106 ], [ -67.748409, -55.849204 ], [ -67.732094, -55.85428 ], [ -67.725973, -55.863581 ], [ -67.721016, -55.868611 ], [ -67.731327, -55.877098 ], [ -67.712516, -55.886523 ], [ -67.693558, -55.889521 ], [ -67.695917, -55.880216 ], [ -67.686811, -55.867434 ], [ -67.675304, -55.861097 ], [ -67.665218, -55.863308 ], [ -67.64867, -55.859886 ], [ -67.63203, -55.859396 ], [ -67.632326, -55.873621 ], [ -67.644066, -55.88919 ], [ -67.646918, -55.904111 ], [ -67.640783, -55.914116 ], [ -67.621843, -55.918504 ], [ -67.608939, -55.908639 ], [ -67.609849, -55.890846 ], [ -67.594502, -55.884544 ], [ -67.568136, -55.898944 ], [ -67.543857, -55.889846 ], [ -67.529315, -55.857207 ], [ -67.531554, -55.840833 ], [ -67.507292, -55.830307 ], [ -67.472013, -55.842599 ], [ -67.475592, -55.829064 ], [ -67.471603, -55.817704 ], [ -67.481569, -55.807691 ], [ -67.498117, -55.812577 ], [ -67.501617, -55.821059 ] ] } },
{ "type": "Feature", "properties": { "featurecla": "Coastline", "scalerank": 6, "min_zoom": 6.0 }, "geometry": { "type": "LineString", "coordinates": [ [ -67.232086, -55.771417 ], [ -67.240102, -55.789727 ], [ -67.228505, -55.798435 ], [ -67.211659, -55.795343 ], [ -67.204172, -55.778253 ], [ -67.192291, -55.782892 ], [ -67.179921, -55.784601 ], [ -67.167877, -55.783298 ], [ -67.156972, -55.778253 ], [ -67.164906, -55.760837 ], [ -67.187815, -55.756931 ], [ -67.213979, -55.761977 ], [ -67.232086, -55.771417 ] ] } },
{ "type": "Feature", "properties": { "featurecla": "Coastline", "scalerank": 5, "min_zoom": 3.0 }, "geometry": { "type": "LineString", "coordinates": [ [ -67.376088, -55.750909 ], [ -67.354237, -55.754815 ], [ -67.343007, -55.758559 ], [ -67.339711, -55.768731 ], [ -67.341379, -55.791925 ], [ -67.319325, -55.786228 ], [ -67.290395, -55.783298 ], [ -67.26476, -55.777765 ], [ -67.252553, -55.76393 ], [ -67.255849, -55.753025 ], [ -67.26537, -55.7492 ], [ -67.275299, -55.74684 ], [ -67.279897, -55.740818 ], [ -67.277211, -55.73447 ], [ -67.268178, -55.719334 ], [ -67.269928, -55.716241 ], [ -67.34911, -55.710626 ], [ -67.361806, -55.706231 ], [ -67.358713, -55.686293 ], [ -67.350006, -55.67197 ], [ -67.337066, -55.661716 ], [ -67.320872, -55.654067 ], [ -67.327748, -55.644708 ], [ -67.345204, -55.633396 ], [ -67.348744, -55.623712 ], [ -67.345082, -55.608168 ], [ -67.348256, -55.600356 ], [ -67.361806, -55.593357 ], [ -67.356923, -55.593683 ], [ -67.355824, -55.592055 ], [ -67.356068, -55.589125 ], [ -67.35497, -55.58587 ], [ -67.348704, -55.575616 ], [ -67.35912, -55.573907 ], [ -67.41983, -55.587091 ], [ -67.431996, -55.595473 ], [ -67.436879, -55.61004 ], [ -67.432851, -55.623793 ], [ -67.423207, -55.63128 ], [ -67.412099, -55.637628 ], [ -67.403432, -55.647882 ], [ -67.404368, -55.68963 ], [ -67.406809, -55.699395 ], [ -67.420644, -55.707452 ], [ -67.428049, -55.697849 ], [ -67.435048, -55.682875 ], [ -67.447743, -55.675226 ], [ -67.466542, -55.672459 ], [ -67.491322, -55.658949 ], [ -67.505849, -55.654067 ], [ -67.539052, -55.660089 ], [ -67.550689, -55.70615 ], [ -67.581532, -55.709405 ], [ -67.581532, -55.716241 ], [ -67.568512, -55.727309 ], [ -67.551829, -55.73561 ], [ -67.532826, -55.741306 ], [ -67.513295, -55.744236 ], [ -67.476308, -55.742446 ], [ -67.464833, -55.744236 ], [ -67.456532, -55.749688 ], [ -67.452138, -55.756931 ], [ -67.445546, -55.762628 ], [ -67.430735, -55.76393 ], [ -67.422231, -55.760512 ], [ -67.403432, -55.744236 ], [ -67.393951, -55.742934 ], [ -67.388539, -55.744887 ], [ -67.383697, -55.748142 ], [ -67.376088, -55.750909 ] ] } },
{ "type": "Feature", "properties": { "featurecla": "Coastline", "scalerank": 6, "min_zoom": 5.0 }, "geometry": { "type": "LineString", "coordinates": [ [ -67.643137, -55.497328 ], [ -67.655344, -55.492446 ], [ -67.660512, -55.490981 ], [ -67.664906, -55.490492 ], [ -67.671702, -55.490655 ], [ -67.6787, -55.491632 ], [ -67.685455, -55.493829 ], [ -67.691396, -55.497166 ], [ -67.699371, -55.505466 ], [ -67.701243, -55.512953 ], [ -67.697621, -55.531183 ], [ -67.694203, -55.538344 ], [ -67.688344, -55.544203 ], [ -67.683827, -55.552179 ], [ -67.683949, -55.565362 ], [ -67.686676, -55.572686 ], [ -67.692291, -55.57936 ], [ -67.701487, -55.58408 ], [ -67.714955, -55.58587 ], [ -67.72468, -55.5888 ], [ -67.732086, -55.596368 ], [ -67.736887, -55.606378 ], [ -67.738596, -55.616876 ], [ -67.731191, -55.621515 ], [ -67.714589, -55.619887 ], [ -67.661041, -55.608657 ], [ -67.615305, -55.588067 ], [ -67.587758, -55.58587 ], [ -67.590647, -55.579034 ], [ -67.595204, -55.572198 ], [ -67.585317, -55.554132 ], [ -67.59557, -55.533136 ], [ -67.617584, -55.512872 ], [ -67.643137, -55.497328 ] ] } },
{ "type": "Feature", "properties": { "featurecla": "Coastline", "scalerank": 6, "min_zoom": 5.0 }, "geometry": { "type": "LineString", "coordinates": [ [ -69.714508, -55.344985 ], [ -69.801747, -55.332615 ], [ -69.780914, -55.365411 ], [ -69.774403, -55.380466 ], [ -69.783803, -55.383722 ], [ -69.789296, -55.390313 ], [ -69.794179, -55.398696 ], [ -69.801747, -55.40781 ], [ -69.702748, -55.408949 ], [ -69.686025, -55.407322 ], [ -69.671457, -55.401462 ], [ -69.701161, -55.384698 ], [ -69.706451, -55.376886 ], [ -69.688466, -55.37363 ], [ -69.655507, -55.385837 ], [ -69.637318, -55.38836 ], [ -69.64037, -55.377048 ], [ -69.656158, -55.36419 ], [ -69.674672, -55.355239 ], [ -69.714508, -55.344985 ] ] } },
{ "type": "Feature", "properties": { "featurecla": "Coastline", "scalerank": 6, "min_zoom": 6.0 }, "geometry": { "type": "LineString", "coordinates": [ [ -70.014027, -55.305922 ], [ -70.02359, -55.302667 ], [ -70.044545, -55.28867 ], [ -70.055002, -55.284845 ], [ -70.069325, -55.285252 ], [ -70.095041, -55.291762 ], [ -70.110219, -55.29225 ], [ -70.088206, -55.309015 ], [ -70.068023, -55.3117 ], [ -70.048329, -55.311456 ], [ -70.027659, -55.318943 ], [ -70.027659, -55.326349 ], [ -70.03189, -55.327407 ], [ -70.03482, -55.329034 ], [ -70.037587, -55.330743 ], [ -70.041331, -55.332615 ], [ -70.026112, -55.341485 ], [ -70.016998, -55.360935 ], [ -70.006459, -55.374444 ], [ -69.986684, -55.366143 ], [ -69.984609, -55.35947 ], [ -69.982167, -55.335056 ], [ -69.979848, -55.326349 ], [ -69.945139, -55.298517 ], [ -69.947825, -55.283868 ], [ -69.971506, -55.288263 ], [ -70.014027, -55.305922 ] ] } },
{ "type": "Feature", "properties": { "featurecla": "Coastline", "scalerank": 6, "min_zoom": 5.0 }, "geometry": { "type": "LineString", "coordinates": [ [ -66.855336, -55.271173 ], [ -66.849924, -55.26865 ], [ -66.8485, -55.261651 ], [ -66.849436, -55.253513 ], [ -66.851064, -55.247654 ], [ -66.857167, -55.237888 ], [ -66.865305, -55.233005 ], [ -66.875111, -55.23089 ], [ -66.992258, -55.228692 ], [ -67.026601, -55.236993 ], [ -67.039418, -55.243585 ], [ -67.055735, -55.254571 ], [ -67.069407, -55.267185 ], [ -67.074452, -55.278009 ], [ -67.066558, -55.292657 ], [ -67.055328, -55.299249 ], [ -67.05012, -55.307306 ], [ -67.06017, -55.326349 ], [ -66.938059, -55.334568 ], [ -66.896311, -55.332615 ], [ -66.867665, -55.322198 ], [ -66.839589, -55.302504 ], [ -66.829579, -55.282485 ], [ -66.855336, -55.271173 ] ] } },
{ "type": "Feature", "properties": { "featurecla": "Coastline", "scalerank": 5, "min_zoom": 4.0 }, "geometry": { "type": "LineString", "coordinates": [ [ -66.426747, -55.185479 ], [ -66.43635, -55.18141 ], [ -66.460601, -55.183038 ], [ -66.47175, -55.182387 ], [ -66.484527, -55.176853 ], [ -66.508616, -55.163018 ], [ -66.52245, -55.160333 ], [ -66.53482, -55.162774 ], [ -66.546132, -55.16839 ], [ -66.567291, -55.182387 ], [ -66.61913, -55.198012 ], [ -66.632192, -55.205987 ], [ -66.638051, -55.216729 ], [ -66.642974, -55.233331 ], [ -66.645253, -55.250746 ], [ -66.643056, -55.264337 ], [ -66.637522, -55.272068 ], [ -66.62975, -55.277927 ], [ -66.620839, -55.279474 ], [ -66.603912, -55.270766 ], [ -66.598297, -55.274998 ], [ -66.593495, -55.281427 ], [ -66.587799, -55.284845 ], [ -66.569325, -55.281671 ], [ -66.535227, -55.267511 ], [ -66.515492, -55.264337 ], [ -66.504018, -55.257989 ], [ -66.482655, -55.227227 ], [ -66.47175, -55.216485 ], [ -66.43635, -55.209649 ], [ -66.420806, -55.20086 ], [ -66.426747, -55.185479 ] ] } },
{ "type": "Feature", "properties": { "featurecla": "Coastline", "scalerank": 6, "min_zoom": 5.0 }, "geometry": { "type": "LineString", "coordinates": [ [ -66.869008, -55.024102 ], [ -66.895619, -55.01572 ], [ -66.978586, -55.004571 ], [ -67.023915, -54.992446 ], [ -67.047027, -54.991143 ], [ -67.066029, -55.001153 ], [ -67.070912, -55.009454 ], [ -67.070953, -55.016778 ], [ -67.066233, -55.022149 ], [ -67.035715, -55.028497 ], [ -66.990102, -55.047621 ], [ -66.927846, -55.062677 ], [ -66.851715, -55.106622 ], [ -66.806874, -55.112888 ], [ -66.830963, -55.06227 ], [ -66.848012, -55.039321 ], [ -66.869008, -55.024102 ] ] } },
{ "type": "Feature", "properties": { "featurecla": "Coastline", "scalerank": 3, "min_zoom": 0.0 }, "geometry": { "type": "LineString", "coordinates": [ [ -67.999257, -55.627537 ], [ -67.991526, -55.616388 ], [ -67.986724, -55.60589 ], [ -67.979604, -55.597589 ], [ -67.965159, -55.593357 ], [ -67.980133, -55.587579 ], [ -68.01122, -55.588556 ], [ -68.027211, -55.58587 ], [ -68.040435, -55.578709 ], [ -68.043813, -55.572035 ], [ -68.04483, -55.564874 ], [ -68.051096, -55.555108 ], [ -68.07136, -55.542576 ], [ -68.090728, -55.535903 ], [ -68.101389, -55.527602 ], [ -68.095448, -55.510024 ], [ -68.064849, -55.484063 ], [ -68.057485, -55.469008 ], [ -68.078725, -55.462335 ], [ -68.156809, -55.470473 ], [ -68.177358, -55.462335 ], [ -68.170318, -55.455173 ], [ -68.15685, -55.4485 ], [ -68.150054, -55.441827 ], [ -68.149892, -55.438084 ], [ -68.151357, -55.432387 ], [ -68.151275, -55.425551 ], [ -68.146637, -55.417901 ], [ -68.146474, -55.404392 ], [ -68.169097, -55.397231 ], [ -68.212148, -55.393976 ], [ -68.223948, -55.396091 ], [ -68.232086, -55.399021 ], [ -68.239573, -55.398533 ], [ -68.257436, -55.383966 ], [ -68.266347, -55.380141 ], [ -68.276235, -55.379164 ], [ -68.287262, -55.380466 ], [ -68.303334, -55.387628 ], [ -68.314768, -55.396742 ], [ -68.324371, -55.399509 ], [ -68.335072, -55.387302 ], [ -68.335846, -55.379571 ], [ -68.332916, -55.37184 ], [ -68.331125, -55.363377 ], [ -68.335072, -55.353123 ], [ -68.345326, -55.344008 ], [ -68.355784, -55.342543 ], [ -68.37975, -55.346287 ], [ -68.391103, -55.344415 ], [ -68.399241, -55.340265 ], [ -68.405344, -55.335626 ], [ -68.410756, -55.332615 ], [ -68.426178, -55.32879 ], [ -68.447987, -55.326349 ], [ -68.492909, -55.328871 ], [ -68.513254, -55.332778 ], [ -68.583811, -55.358819 ], [ -68.602528, -55.359959 ], [ -68.595815, -55.349216 ], [ -68.585276, -55.341729 ], [ -68.57315, -55.335056 ], [ -68.561594, -55.326349 ], [ -68.608266, -55.328383 ], [ -68.631703, -55.326593 ], [ -68.65038, -55.318943 ], [ -68.644643, -55.3117 ], [ -68.64802, -55.305108 ], [ -68.65685, -55.300388 ], [ -68.680328, -55.296563 ], [ -68.680287, -55.292087 ], [ -68.674916, -55.28631 ], [ -68.671457, -55.281427 ], [ -68.680043, -55.267185 ], [ -68.700551, -55.26572 ], [ -68.745961, -55.271173 ], [ -68.722157, -55.258559 ], [ -68.701731, -55.25506 ], [ -68.660959, -55.257501 ], [ -68.649403, -55.26393 ], [ -68.628245, -55.295099 ], [ -68.616811, -55.305922 ], [ -68.592519, -55.312758 ], [ -68.500071, -55.311456 ], [ -68.487457, -55.309177 ], [ -68.476715, -55.303969 ], [ -68.472239, -55.295343 ], [ -68.466542, -55.290704 ], [ -68.453684, -55.29225 ], [ -68.431549, -55.298517 ], [ -68.304921, -55.289239 ], [ -68.292795, -55.28631 ], [ -68.283803, -55.281427 ], [ -68.274729, -55.279718 ], [ -68.239166, -55.29225 ], [ -68.22761, -55.291762 ], [ -68.216379, -55.289158 ], [ -68.208079, -55.28281 ], [ -68.205312, -55.271173 ], [ -68.209218, -55.262872 ], [ -68.217844, -55.259698 ], [ -68.23884, -55.257501 ], [ -68.328847, -55.236993 ], [ -68.288197, -55.229669 ], [ -68.274241, -55.230157 ], [ -68.297027, -55.220636 ], [ -68.357533, -55.213067 ], [ -68.383127, -55.184503 ], [ -68.414052, -55.179946 ], [ -68.564036, -55.19199 ], [ -68.58552, -55.185479 ], [ -68.608795, -55.175388 ], [ -68.678578, -55.16839 ], [ -68.762441, -55.169041 ], [ -68.78661, -55.165216 ], [ -68.948476, -55.110935 ], [ -68.967844, -55.100763 ], [ -68.986155, -55.086196 ], [ -68.993153, -55.077244 ], [ -68.99767, -55.069513 ], [ -69.004954, -55.063246 ], [ -69.020253, -55.058282 ], [ -69.032867, -55.059666 ], [ -69.046213, -55.063165 ], [ -69.056996, -55.060805 ], [ -69.061879, -55.04461 ], [ -69.05191, -55.01922 ], [ -69.027984, -55.024591 ], [ -69.003896, -55.042087 ], [ -68.992991, -55.052016 ], [ -68.965566, -55.054457 ], [ -68.890533, -55.07879 ], [ -68.825917, -55.115167 ], [ -68.804921, -55.120294 ], [ -68.791737, -55.122003 ], [ -68.753407, -55.133966 ], [ -68.691314, -55.140802 ], [ -68.646637, -55.153009 ], [ -68.629506, -55.154474 ], [ -68.616078, -55.152276 ], [ -68.59024, -55.142999 ], [ -68.578684, -55.140802 ], [ -68.569447, -55.135431 ], [ -68.569976, -55.123142 ], [ -68.575754, -55.10947 ], [ -68.582102, -55.099786 ], [ -68.592437, -55.095147 ], [ -68.607533, -55.091404 ], [ -68.620229, -55.086602 ], [ -68.623036, -55.07879 ], [ -68.60261, -55.066095 ], [ -68.573598, -55.076755 ], [ -68.546132, -55.095961 ], [ -68.530588, -55.109796 ], [ -68.510813, -55.1124 ], [ -68.480621, -55.102797 ], [ -68.431264, -55.07879 ], [ -68.440053, -55.063897 ], [ -68.443837, -55.052504 ], [ -68.441396, -55.045668 ], [ -68.431264, -55.04461 ], [ -68.412668, -55.052504 ], [ -68.393625, -55.065362 ], [ -68.372711, -55.074965 ], [ -68.348704, -55.073175 ], [ -68.334828, -55.062433 ], [ -68.328359, -55.046157 ], [ -68.328603, -55.027927 ], [ -68.335072, -55.010431 ], [ -68.345693, -54.998468 ], [ -68.37385, -54.98089 ], [ -68.406117, -54.95436 ], [ -68.416982, -54.948419 ], [ -68.441151, -54.939711 ], [ -68.51358, -54.928888 ], [ -68.527455, -54.928481 ], [ -68.539133, -54.930922 ], [ -68.564443, -54.940118 ], [ -68.575266, -54.942153 ], [ -68.684722, -54.942153 ], [ -68.735463, -54.94964 ], [ -68.834381, -54.981541 ], [ -69.013499, -54.983168 ], [ -69.024159, -54.986423 ], [ -69.039662, -55.000421 ], [ -69.051015, -55.003595 ], [ -69.063059, -55.002048 ], [ -69.096018, -54.990655 ], [ -69.125844, -54.988539 ], [ -69.183705, -54.992446 ], [ -69.212717, -54.990655 ], [ -69.200551, -54.996759 ], [ -69.188832, -55.005466 ], [ -69.185536, -55.013279 ], [ -69.19872, -55.016697 ], [ -69.213287, -55.013442 ], [ -69.253651, -54.990655 ], [ -69.285634, -54.987074 ], [ -69.319651, -54.993341 ], [ -69.383412, -55.016697 ], [ -69.337636, -55.038995 ], [ -69.328765, -55.052016 ], [ -69.344635, -55.049249 ], [ -69.374582, -55.039809 ], [ -69.390207, -55.038344 ], [ -69.404164, -55.042901 ], [ -69.416737, -55.0499 ], [ -69.429799, -55.052667 ], [ -69.445465, -55.04461 ], [ -69.434804, -55.039158 ], [ -69.426503, -55.031345 ], [ -69.425933, -55.023045 ], [ -69.438629, -55.016697 ], [ -69.445709, -55.018324 ], [ -69.479604, -55.030938 ], [ -69.527577, -55.031996 ], [ -69.546213, -55.03753 ], [ -69.541656, -55.052016 ], [ -69.546783, -55.087986 ], [ -69.538197, -55.120864 ], [ -69.541493, -55.145115 ], [ -69.582021, -55.154474 ], [ -69.561513, -55.12713 ], [ -69.569976, -55.100518 ], [ -69.575266, -55.066339 ], [ -69.587473, -55.041192 ], [ -69.616811, -55.041436 ], [ -69.650258, -55.05169 ], [ -69.77302, -55.053399 ], [ -69.822174, -55.065118 ], [ -69.885976, -55.063572 ], [ -69.935292, -55.079278 ], [ -69.947581, -55.087091 ], [ -69.956451, -55.118829 ], [ -69.965932, -55.126642 ], [ -69.977162, -55.125095 ], [ -69.986684, -55.112888 ], [ -70.02184, -55.143162 ], [ -70.031077, -55.147638 ], [ -70.031484, -55.153253 ], [ -70.020009, -55.164239 ], [ -70.002105, -55.171157 ], [ -69.983266, -55.164972 ], [ -69.959584, -55.161798 ], [ -69.86734, -55.163751 ], [ -69.842681, -55.168145 ], [ -69.901601, -55.18613 ], [ -69.91161, -55.196059 ], [ -69.894032, -55.201104 ], [ -69.835276, -55.202325 ], [ -69.852406, -55.215509 ], [ -69.876088, -55.221449 ], [ -69.924672, -55.222752 ], [ -69.910553, -55.229181 ], [ -69.878407, -55.233005 ], [ -69.863149, -55.236993 ], [ -69.866851, -55.254083 ], [ -69.848053, -55.257908 ], [ -69.716908, -55.243748 ], [ -69.691884, -55.236993 ], [ -69.680491, -55.230645 ], [ -69.675282, -55.22503 ], [ -69.672515, -55.219415 ], [ -69.668284, -55.213067 ], [ -69.658193, -55.205662 ], [ -69.649485, -55.205824 ], [ -69.639027, -55.208917 ], [ -69.623606, -55.209649 ], [ -69.605865, -55.203302 ], [ -69.568959, -55.179946 ], [ -69.551584, -55.174981 ], [ -69.507883, -55.171808 ], [ -69.500071, -55.174981 ], [ -69.503896, -55.180597 ], [ -69.531117, -55.199151 ], [ -69.546376, -55.205824 ], [ -69.63915, -55.228774 ], [ -69.657704, -55.236993 ], [ -69.670033, -55.251235 ], [ -69.67398, -55.260349 ], [ -69.668284, -55.264337 ], [ -69.616282, -55.261651 ], [ -69.593007, -55.263279 ], [ -69.568959, -55.271173 ], [ -69.649973, -55.271661 ], [ -69.670806, -55.274184 ], [ -69.729644, -55.291111 ], [ -69.744985, -55.292087 ], [ -69.761871, -55.291436 ], [ -69.777252, -55.294203 ], [ -69.788075, -55.305922 ], [ -69.726674, -55.305922 ], [ -69.709869, -55.308282 ], [ -69.698476, -55.313897 ], [ -69.689198, -55.320571 ], [ -69.678822, -55.326349 ], [ -69.664215, -55.328302 ], [ -69.630686, -55.326593 ], [ -69.620188, -55.329522 ], [ -69.609853, -55.339939 ], [ -69.606516, -55.347914 ], [ -69.612538, -55.354425 ], [ -69.630442, -55.359959 ], [ -69.607655, -55.365492 ], [ -69.544789, -55.366143 ], [ -69.522939, -55.35947 ], [ -69.509348, -55.346124 ], [ -69.493764, -55.336114 ], [ -69.465932, -55.339451 ], [ -69.481068, -55.350274 ], [ -69.48705, -55.353123 ], [ -69.48705, -55.359959 ], [ -69.416086, -55.353123 ], [ -69.397694, -55.359959 ], [ -69.504058, -55.380466 ], [ -69.520579, -55.393976 ], [ -69.508046, -55.408624 ], [ -69.451527, -55.408868 ], [ -69.438629, -55.431899 ], [ -69.442372, -55.472426 ], [ -69.437082, -55.491306 ], [ -69.418121, -55.497166 ], [ -69.40331, -55.488051 ], [ -69.394846, -55.469171 ], [ -69.391021, -55.446384 ], [ -69.390207, -55.424737 ], [ -69.38622, -55.40488 ], [ -69.376088, -55.390395 ], [ -69.362864, -55.38893 ], [ -69.349233, -55.40781 ], [ -69.347401, -55.417657 ], [ -69.349233, -55.452325 ], [ -69.346425, -55.467218 ], [ -69.339223, -55.474867 ], [ -69.329416, -55.479913 ], [ -69.318837, -55.486912 ], [ -69.299387, -55.49033 ], [ -69.249094, -55.469171 ], [ -69.226389, -55.469822 ], [ -69.186391, -55.504083 ], [ -69.16161, -55.514337 ], [ -69.150624, -55.493748 ], [ -69.155141, -55.484959 ], [ -69.174306, -55.477716 ], [ -69.177968, -55.469822 ], [ -69.172231, -55.461684 ], [ -69.137034, -55.441827 ], [ -69.165191, -55.437107 ], [ -69.194976, -55.435642 ], [ -69.206166, -55.437758 ], [ -69.229482, -55.449314 ], [ -69.238678, -55.446466 ], [ -69.243967, -55.440118 ], [ -69.247955, -55.433038 ], [ -69.253651, -55.428155 ], [ -69.26358, -55.427911 ], [ -69.292836, -55.430271 ], [ -69.300852, -55.428155 ], [ -69.298899, -55.413751 ], [ -69.280426, -55.401462 ], [ -69.243398, -55.383884 ], [ -69.24059, -55.369561 ], [ -69.261871, -55.364353 ], [ -69.290151, -55.362726 ], [ -69.308258, -55.359959 ], [ -69.303212, -55.351983 ], [ -69.302317, -55.346612 ], [ -69.30606, -55.34295 ], [ -69.315094, -55.339451 ], [ -69.315094, -55.332615 ], [ -69.305816, -55.330662 ], [ -69.288401, -55.323663 ], [ -69.280385, -55.318943 ], [ -69.294057, -55.31227 ], [ -69.307037, -55.314548 ], [ -69.320546, -55.318943 ], [ -69.335601, -55.318943 ], [ -69.348988, -55.31463 ], [ -69.355214, -55.310479 ], [ -69.360097, -55.305434 ], [ -69.36974, -55.298517 ], [ -69.380442, -55.292657 ], [ -69.392812, -55.287367 ], [ -69.405832, -55.284438 ], [ -69.418121, -55.284845 ], [ -69.429067, -55.289727 ], [ -69.446848, -55.303481 ], [ -69.459096, -55.305922 ], [ -69.45226, -55.295587 ], [ -69.449818, -55.287286 ], [ -69.450063, -55.279718 ], [ -69.45165, -55.271173 ], [ -69.454661, -55.266046 ], [ -69.461537, -55.257501 ], [ -69.470448, -55.249119 ], [ -69.479604, -55.243829 ], [ -69.479604, -55.236993 ], [ -69.468577, -55.232843 ], [ -69.452545, -55.229425 ], [ -69.4381, -55.230645 ], [ -69.431793, -55.240411 ], [ -69.424957, -55.245864 ], [ -69.409047, -55.24684 ], [ -69.377187, -55.243829 ], [ -69.322336, -55.226739 ], [ -69.296132, -55.222263 ], [ -69.267323, -55.230157 ], [ -69.272125, -55.213474 ], [ -69.2919, -55.190362 ], [ -69.300852, -55.174981 ], [ -69.297109, -55.173517 ], [ -69.287831, -55.168145 ], [ -69.305572, -55.16546 ], [ -69.352122, -55.164239 ], [ -69.366607, -55.158136 ], [ -69.384755, -55.158136 ], [ -69.419504, -55.166111 ], [ -69.438629, -55.161879 ], [ -69.41454, -55.156427 ], [ -69.352447, -55.152276 ], [ -69.320953, -55.139581 ], [ -69.273834, -55.140802 ], [ -69.267323, -55.138849 ], [ -69.250478, -55.129978 ], [ -69.23998, -55.12713 ], [ -69.249745, -55.144301 ], [ -69.245961, -55.151951 ], [ -69.237375, -55.156508 ], [ -69.232533, -55.164972 ], [ -69.230865, -55.178399 ], [ -69.226471, -55.192478 ], [ -69.220082, -55.205662 ], [ -69.212717, -55.216485 ], [ -69.193593, -55.230564 ], [ -69.164866, -55.24212 ], [ -69.134104, -55.247735 ], [ -69.109039, -55.243829 ], [ -69.123118, -55.221449 ], [ -69.144399, -55.196384 ], [ -69.151438, -55.170831 ], [ -69.12267, -55.147638 ], [ -69.118804, -55.159845 ], [ -69.123891, -55.182875 ], [ -69.12267, -55.196059 ], [ -69.116607, -55.205662 ], [ -69.107981, -55.211521 ], [ -69.098053, -55.216404 ], [ -69.088531, -55.222752 ], [ -69.056793, -55.253513 ], [ -69.03718, -55.262302 ], [ -68.986684, -55.265232 ], [ -68.976552, -55.264418 ], [ -68.969106, -55.260919 ], [ -68.965688, -55.255141 ], [ -68.959462, -55.236993 ], [ -68.949086, -55.232192 ], [ -68.904205, -55.222752 ], [ -68.824778, -55.187595 ], [ -68.801137, -55.188653 ], [ -68.808502, -55.194513 ], [ -68.826405, -55.21266 ], [ -68.831614, -55.216485 ], [ -68.843495, -55.218683 ], [ -68.854848, -55.224705 ], [ -68.864247, -55.233494 ], [ -68.870107, -55.243829 ], [ -68.865305, -55.246352 ], [ -68.860748, -55.252862 ], [ -68.855824, -55.257501 ], [ -68.888743, -55.281508 ], [ -68.896799, -55.29225 ], [ -68.897817, -55.303155 ], [ -68.896392, -55.316502 ], [ -68.897857, -55.327813 ], [ -68.907623, -55.332615 ], [ -68.91747, -55.334731 ], [ -68.927642, -55.340102 ], [ -68.966054, -55.368422 ], [ -68.971303, -55.37713 ], [ -68.963043, -55.382257 ], [ -68.95051, -55.381117 ], [ -68.786, -55.331964 ], [ -68.760243, -55.332615 ], [ -68.808665, -55.353123 ], [ -68.808665, -55.359959 ], [ -68.767893, -55.378106 ], [ -68.753407, -55.380466 ], [ -68.772328, -55.38006 ], [ -68.827952, -55.387302 ], [ -68.884023, -55.385186 ], [ -68.904205, -55.387302 ], [ -68.955963, -55.402602 ], [ -68.965688, -55.40781 ], [ -68.971059, -55.421157 ], [ -68.967356, -55.429946 ], [ -68.948598, -55.445571 ], [ -68.935943, -55.453383 ], [ -68.90925, -55.462986 ], [ -68.904205, -55.472833 ], [ -68.897694, -55.481866 ], [ -68.882558, -55.494317 ], [ -68.865346, -55.505304 ], [ -68.852691, -55.510024 ], [ -68.832916, -55.508071 ], [ -68.79894, -55.499119 ], [ -68.7801, -55.497166 ], [ -68.7683, -55.492608 ], [ -68.776519, -55.482192 ], [ -68.801137, -55.462335 ], [ -68.772206, -55.4638 ], [ -68.774485, -55.451267 ], [ -68.801137, -55.421319 ], [ -68.773305, -55.428806 ], [ -68.731516, -55.464939 ], [ -68.711781, -55.466078 ], [ -68.684682, -55.45794 ], [ -68.602528, -55.462335 ], [ -68.610219, -55.450453 ], [ -68.615142, -55.437433 ], [ -68.617502, -55.423272 ], [ -68.616811, -55.40781 ], [ -68.603017, -55.411798 ], [ -68.59789, -55.421075 ], [ -68.596791, -55.430841 ], [ -68.595082, -55.435642 ], [ -68.585601, -55.434828 ], [ -68.579742, -55.429783 ], [ -68.575836, -55.424005 ], [ -68.571848, -55.421319 ], [ -68.560902, -55.421157 ], [ -68.555776, -55.423517 ], [ -68.554189, -55.43255 ], [ -68.554189, -55.452325 ], [ -68.538075, -55.472589 ], [ -68.500478, -55.490981 ], [ -68.457509, -55.503106 ], [ -68.425038, -55.503839 ], [ -68.380116, -55.480401 ], [ -68.353627, -55.475274 ], [ -68.341868, -55.493748 ], [ -68.32901, -55.503188 ], [ -68.269846, -55.516534 ], [ -68.252512, -55.524509 ], [ -68.248647, -55.541762 ], [ -68.256093, -55.558689 ], [ -68.283803, -55.589532 ], [ -68.289784, -55.610121 ], [ -68.267486, -55.617852 ], [ -68.235341, -55.617446 ], [ -68.211537, -55.613702 ], [ -68.176666, -55.59588 ], [ -68.163726, -55.593357 ], [ -68.15331, -55.596287 ], [ -68.151967, -55.603611 ], [ -68.15689, -55.623712 ], [ -68.1551, -55.626723 ], [ -68.14623, -55.634942 ], [ -68.143219, -55.641046 ], [ -68.144032, -55.647068 ], [ -68.150258, -55.655857 ], [ -68.150054, -55.661554 ], [ -68.143788, -55.672947 ], [ -68.13561, -55.681248 ], [ -68.115956, -55.695733 ], [ -68.098297, -55.712091 ], [ -68.089223, -55.715265 ], [ -68.071523, -55.716241 ], [ -68.061594, -55.713067 ], [ -68.036773, -55.695733 ], [ -67.992909, -55.677016 ], [ -67.985585, -55.675226 ], [ -67.984853, -55.664158 ], [ -67.998199, -55.660414 ], [ -68.033355, -55.661554 ], [ -68.02717, -55.65016 ], [ -68.017812, -55.641371 ], [ -67.999257, -55.627537 ] ] } },
{ "type": "Feature", "properties": { "featurecla": "Coastline", "scalerank": 3, "min_zoom": 0.0 }, "geometry": { "type": "LineString", "coordinates": [ [ -67.883168, -55.243829 ], [ -67.821645, -55.261489 ], [ -67.800649, -55.264337 ], [ -67.73526, -55.25628 ], [ -67.711903, -55.257501 ], [ -67.676381, -55.264825 ], [ -67.663442, -55.264337 ], [ -67.647369, -55.261489 ], [ -67.643951, -55.258884 ], [ -67.645253, -55.254002 ], [ -67.642974, -55.243829 ], [ -67.62975, -55.212172 ], [ -67.622304, -55.200291 ], [ -67.608795, -55.188653 ], [ -67.568471, -55.177179 ], [ -67.502919, -55.172133 ], [ -67.444, -55.182306 ], [ -67.423248, -55.216485 ], [ -67.430328, -55.227797 ], [ -67.453603, -55.241469 ], [ -67.458608, -55.254083 ], [ -67.456654, -55.266778 ], [ -67.451161, -55.27158 ], [ -67.443267, -55.274509 ], [ -67.433827, -55.281427 ], [ -67.413319, -55.292739 ], [ -67.352284, -55.302992 ], [ -67.270619, -55.306899 ], [ -67.225575, -55.291111 ], [ -67.08849, -55.190525 ], [ -67.080637, -55.178643 ], [ -67.077016, -55.166681 ], [ -67.059682, -55.144952 ], [ -67.053334, -55.133966 ], [ -67.051869, -55.12363 ], [ -67.054555, -55.10475 ], [ -67.053375, -55.093683 ], [ -67.061879, -55.072035 ], [ -67.078603, -55.057387 ], [ -67.098134, -55.04518 ], [ -67.115387, -55.030938 ], [ -67.149078, -54.994887 ], [ -67.183095, -54.968032 ], [ -67.222727, -54.948419 ], [ -67.301829, -54.928888 ], [ -67.461822, -54.922052 ], [ -67.64981, -54.921075 ], [ -67.679311, -54.9249 ], [ -67.701812, -54.931736 ], [ -67.724192, -54.935154 ], [ -67.805776, -54.913751 ], [ -67.941803, -54.90545 ], [ -68.211537, -54.907973 ], [ -68.21703, -54.910577 ], [ -68.22175, -54.915134 ], [ -68.224924, -54.919203 ], [ -68.225819, -54.921075 ], [ -68.254872, -54.923923 ], [ -68.345286, -54.921075 ], [ -68.360504, -54.930922 ], [ -68.356923, -54.953383 ], [ -68.343414, -54.976983 ], [ -68.328847, -54.990655 ], [ -68.301259, -54.995538 ], [ -68.262929, -54.995294 ], [ -68.225819, -54.989923 ], [ -68.201568, -54.97975 ], [ -68.18635, -54.978204 ], [ -68.176869, -54.997654 ], [ -68.170562, -55.038344 ], [ -68.168691, -55.044041 ], [ -68.165395, -55.049249 ], [ -68.16393, -55.054864 ], [ -68.16747, -55.0617 ], [ -68.177317, -55.071466 ], [ -68.181752, -55.077081 ], [ -68.185455, -55.090265 ], [ -68.188385, -55.096612 ], [ -68.1881, -55.104425 ], [ -68.164296, -55.146417 ], [ -68.15689, -55.154474 ], [ -68.14684, -55.160821 ], [ -68.115956, -55.174981 ], [ -68.139312, -55.18377 ], [ -68.149566, -55.189142 ], [ -68.15689, -55.196059 ], [ -68.135081, -55.218845 ], [ -68.110504, -55.230239 ], [ -68.081858, -55.233087 ], [ -67.985585, -55.223565 ], [ -67.957346, -55.210545 ], [ -67.937815, -55.182387 ], [ -67.93102, -55.182387 ], [ -67.923207, -55.195001 ], [ -67.914174, -55.195245 ], [ -67.906809, -55.186293 ], [ -67.903676, -55.171563 ], [ -67.898101, -55.168715 ], [ -67.885487, -55.178969 ], [ -67.862701, -55.202325 ], [ -67.836293, -55.210382 ], [ -67.757924, -55.224379 ], [ -67.738596, -55.236993 ], [ -67.860504, -55.232354 ], [ -67.883168, -55.243829 ] ] } },
{ "type": "Feature", "properties": { "featurecla": "Coastline", "scalerank": 3, "min_zoom": 0.0 }, "geometry": { "type": "LineString", "coordinates": [ [ -70.295155, -55.082452 ], [ -70.302642, -55.077895 ], [ -70.33552, -55.078383 ], [ -70.342926, -55.069106 ], [ -70.327219, -55.062677 ], [ -70.296946, -55.057387 ], [ -70.27774, -55.048517 ], [ -70.295155, -55.030938 ], [ -70.309438, -55.027927 ], [ -70.363433, -55.030938 ], [ -70.376332, -55.034275 ], [ -70.397613, -55.048761 ], [ -70.408111, -55.052016 ], [ -70.464426, -55.047133 ], [ -70.49356, -55.040623 ], [ -70.513661, -55.030938 ], [ -70.505971, -55.030043 ], [ -70.494008, -55.025649 ], [ -70.486928, -55.024102 ], [ -70.497385, -55.018976 ], [ -70.507924, -55.016778 ], [ -70.531646, -55.016697 ], [ -70.542226, -55.018976 ], [ -70.557932, -55.028741 ], [ -70.565826, -55.030938 ], [ -70.651438, -55.030938 ], [ -70.699818, -55.01865 ], [ -70.716298, -55.016697 ], [ -70.729848, -55.01336 ], [ -70.730295, -55.004815 ], [ -70.719716, -54.983168 ], [ -70.690663, -54.99391 ], [ -70.661529, -55.000177 ], [ -70.596791, -55.003595 ], [ -70.597157, -54.986505 ], [ -70.575429, -54.986017 ], [ -70.524526, -54.996759 ], [ -70.509674, -54.988214 ], [ -70.505442, -54.950779 ], [ -70.493804, -54.942153 ], [ -70.445424, -54.938409 ], [ -70.315663, -54.907973 ], [ -70.315663, -54.900567 ], [ -70.350453, -54.893731 ], [ -70.392242, -54.899102 ], [ -70.492055, -54.899998 ], [ -70.549957, -54.926935 ], [ -70.593129, -54.933689 ], [ -70.610463, -54.942153 ], [ -70.615061, -54.95322 ], [ -70.603342, -54.958591 ], [ -70.562652, -54.962091 ], [ -70.562652, -54.968927 ], [ -70.645253, -54.968927 ], [ -70.676381, -54.96087 ], [ -70.6905, -54.96087 ], [ -70.706125, -54.968927 ], [ -70.713612, -54.963067 ], [ -70.721913, -54.95908 ], [ -70.730824, -54.956638 ], [ -70.740549, -54.955824 ], [ -70.749908, -54.953709 ], [ -70.76358, -54.944431 ], [ -70.77123, -54.942153 ], [ -70.776601, -54.939874 ], [ -70.782338, -54.935317 ], [ -70.788564, -54.932224 ], [ -70.795481, -54.934177 ], [ -70.796132, -54.936782 ], [ -70.79483, -54.945489 ], [ -70.796539, -54.95322 ], [ -70.795481, -54.976332 ], [ -70.809722, -54.967706 ], [ -70.821116, -54.965997 ], [ -70.84675, -54.968927 ], [ -70.864125, -54.96559 ], [ -70.866119, -54.957615 ], [ -70.850087, -54.934177 ], [ -70.86441, -54.930841 ], [ -70.877797, -54.935479 ], [ -70.891225, -54.942966 ], [ -70.905385, -54.948419 ], [ -70.925404, -54.949314 ], [ -70.9676, -54.945896 ], [ -70.987213, -54.948419 ], [ -71.012847, -54.96502 ], [ -70.992584, -54.978448 ], [ -70.952504, -54.9874 ], [ -70.919016, -54.990655 ], [ -70.930328, -55.001235 ], [ -70.97411, -54.996759 ], [ -70.993479, -55.003595 ], [ -70.996693, -55.015069 ], [ -70.991811, -55.025486 ], [ -70.991119, -55.033624 ], [ -71.007151, -55.038344 ], [ -71.007151, -55.04461 ], [ -70.989573, -55.04518 ], [ -70.979156, -55.047459 ], [ -70.95995, -55.058282 ], [ -70.940989, -55.072035 ], [ -70.929758, -55.076837 ], [ -70.91218, -55.07879 ], [ -70.899078, -55.076267 ], [ -70.882639, -55.063409 ], [ -70.870595, -55.058282 ], [ -70.856842, -55.058526 ], [ -70.847646, -55.063735 ], [ -70.840484, -55.070082 ], [ -70.833323, -55.073175 ], [ -70.83023, -55.074884 ], [ -70.82787, -55.079034 ], [ -70.823638, -55.083429 ], [ -70.815338, -55.086196 ], [ -70.808583, -55.084649 ], [ -70.805002, -55.080173 ], [ -70.802317, -55.075372 ], [ -70.798899, -55.073175 ], [ -70.783518, -55.070408 ], [ -70.773915, -55.063897 ], [ -70.765696, -55.056817 ], [ -70.754506, -55.052016 ], [ -70.728993, -55.053969 ], [ -70.722524, -55.068536 ], [ -70.730377, -55.086602 ], [ -70.74767, -55.099786 ], [ -70.735015, -55.111993 ], [ -70.71581, -55.122817 ], [ -70.700347, -55.125584 ], [ -70.69929, -55.112888 ], [ -70.678944, -55.112888 ], [ -70.666575, -55.106622 ], [ -70.645253, -55.086196 ], [ -70.644683, -55.083754 ], [ -70.645823, -55.075616 ], [ -70.645253, -55.073175 ], [ -70.640207, -55.072524 ], [ -70.634348, -55.074151 ], [ -70.63036, -55.076837 ], [ -70.620432, -55.076837 ], [ -70.600331, -55.07643 ], [ -70.589996, -55.073175 ], [ -70.601918, -55.061782 ], [ -70.608022, -55.058852 ], [ -70.617299, -55.058282 ], [ -70.606313, -55.048923 ], [ -70.590077, -55.05047 ], [ -70.575307, -55.060235 ], [ -70.562734, -55.091078 ], [ -70.547963, -55.098321 ], [ -70.513661, -55.106622 ], [ -70.513661, -55.112888 ], [ -70.533681, -55.118341 ], [ -70.551381, -55.127211 ], [ -70.564076, -55.140313 ], [ -70.568918, -55.158136 ], [ -70.567047, -55.177016 ], [ -70.560618, -55.199151 ], [ -70.548085, -55.213556 ], [ -70.527943, -55.209649 ], [ -70.524037, -55.193943 ], [ -70.548329, -55.160821 ], [ -70.538482, -55.154474 ], [ -70.513295, -55.157485 ], [ -70.495717, -55.167413 ], [ -70.488515, -55.184666 ], [ -70.494456, -55.209649 ], [ -70.4794, -55.203871 ], [ -70.45995, -55.183201 ], [ -70.446034, -55.174981 ], [ -70.427724, -55.171563 ], [ -70.390614, -55.169041 ], [ -70.370269, -55.161879 ], [ -70.384389, -55.144464 ], [ -70.428212, -55.13893 ], [ -70.446034, -55.12713 ], [ -70.452504, -55.105239 ], [ -70.43692, -55.101821 ], [ -70.413808, -55.10589 ], [ -70.397572, -55.106622 ], [ -70.41808, -55.07879 ], [ -70.399892, -55.080662 ], [ -70.377512, -55.088311 ], [ -70.358469, -55.100763 ], [ -70.350453, -55.116632 ], [ -70.33845, -55.128513 ], [ -70.311594, -55.126642 ], [ -70.267242, -55.112888 ], [ -70.276235, -55.103204 ], [ -70.28539, -55.100193 ], [ -70.292348, -55.095798 ], [ -70.295155, -55.082452 ] ] } },
{ "type": "Feature", "properties": { "featurecla": "Coastline", "scalerank": 5, "min_zoom": 4.0 }, "geometry": { "type": "LineString", "coordinates": [ [ -69.904164, -54.996759 ], [ -69.901438, -55.008559 ], [ -69.902333, -55.017511 ], [ -69.907541, -55.024591 ], [ -69.917795, -55.030938 ], [ -69.917795, -55.038344 ], [ -69.862172, -55.038995 ], [ -69.837066, -55.032892 ], [ -69.816029, -55.016697 ], [ -69.796986, -55.029718 ], [ -69.776438, -55.034601 ], [ -69.637278, -55.024102 ], [ -69.628814, -55.019952 ], [ -69.611399, -55.007094 ], [ -69.602447, -55.003595 ], [ -69.591298, -55.004002 ], [ -69.547841, -55.010431 ], [ -69.525054, -55.009861 ], [ -69.498647, -55.005792 ], [ -69.484853, -54.995538 ], [ -69.500071, -54.976332 ], [ -69.485178, -54.975193 ], [ -69.473704, -54.979181 ], [ -69.455434, -54.993748 ], [ -69.442535, -54.998468 ], [ -69.426869, -54.997491 ], [ -69.368804, -54.985528 ], [ -69.339019, -54.983168 ], [ -69.331899, -54.979669 ], [ -69.338124, -54.971612 ], [ -69.356068, -54.955824 ], [ -69.259674, -54.97088 ], [ -69.208404, -54.970147 ], [ -69.164296, -54.955824 ], [ -69.172353, -54.954034 ], [ -69.234934, -54.931899 ], [ -69.300852, -54.928481 ], [ -69.326324, -54.923272 ], [ -69.371449, -54.906508 ], [ -69.397694, -54.900567 ], [ -69.426381, -54.899591 ], [ -69.447336, -54.904392 ], [ -69.463938, -54.914239 ], [ -69.493642, -54.942153 ], [ -69.502187, -54.94671 ], [ -69.513743, -54.948419 ], [ -69.530019, -54.946059 ], [ -69.531077, -54.940851 ], [ -69.520579, -54.928481 ], [ -69.509348, -54.908136 ], [ -69.506581, -54.898045 ], [ -69.513743, -54.893731 ], [ -69.671457, -54.866469 ], [ -69.728342, -54.864516 ], [ -69.760121, -54.868341 ], [ -69.774403, -54.87949 ], [ -69.76773, -54.887953 ], [ -69.751943, -54.892185 ], [ -69.72289, -54.893731 ], [ -69.713612, -54.895766 ], [ -69.7058, -54.900974 ], [ -69.691884, -54.914239 ], [ -69.701894, -54.909926 ], [ -69.712799, -54.907973 ], [ -69.723541, -54.908949 ], [ -69.733469, -54.914239 ], [ -69.702463, -54.931329 ], [ -69.698354, -54.939386 ], [ -69.703603, -54.945977 ], [ -69.71349, -54.948826 ], [ -69.72289, -54.945245 ], [ -69.737375, -54.936619 ], [ -69.750885, -54.938084 ], [ -69.763295, -54.945571 ], [ -69.774403, -54.955824 ], [ -69.778554, -54.93906 ], [ -69.77953, -54.920994 ], [ -69.785634, -54.906508 ], [ -69.805165, -54.900567 ], [ -69.825592, -54.876397 ], [ -69.836334, -54.872247 ], [ -69.848948, -54.873712 ], [ -69.861806, -54.877537 ], [ -69.894602, -54.881117 ], [ -69.915598, -54.886895 ], [ -69.928293, -54.897638 ], [ -69.924672, -54.914239 ], [ -69.908762, -54.92547 ], [ -69.842681, -54.942153 ], [ -69.842681, -54.948419 ], [ -69.916086, -54.946384 ], [ -69.950347, -54.952895 ], [ -69.948842, -54.972589 ], [ -69.936106, -54.979669 ], [ -69.923329, -54.981215 ], [ -69.912221, -54.984552 ], [ -69.904164, -54.996759 ] ] } },
{ "type": "Feature", "properties": { "featurecla": "Coastline", "scalerank": 6, "min_zoom": 5.0 }, "geometry": { "type": "LineString", "coordinates": [ [ -70.421783, -54.845961 ], [ -70.541615, -54.832289 ], [ -70.607086, -54.832289 ], [ -70.622467, -54.837986 ], [ -70.639475, -54.84881 ], [ -70.657297, -54.855645 ], [ -70.675364, -54.849054 ], [ -70.689605, -54.846775 ], [ -70.710927, -54.852146 ], [ -70.74767, -54.866469 ], [ -70.74767, -54.873305 ], [ -70.732737, -54.885349 ], [ -70.733388, -54.886895 ], [ -70.724355, -54.886163 ], [ -70.719879, -54.880792 ], [ -70.71703, -54.875177 ], [ -70.71288, -54.873305 ], [ -70.691558, -54.875909 ], [ -70.687245, -54.879083 ], [ -70.692454, -54.886895 ], [ -70.678538, -54.898207 ], [ -70.65453, -54.901951 ], [ -70.580881, -54.897882 ], [ -70.507436, -54.87949 ], [ -70.45287, -54.87949 ], [ -70.40099, -54.873305 ], [ -70.396881, -54.869073 ], [ -70.401967, -54.859633 ], [ -70.411733, -54.850274 ], [ -70.421783, -54.845961 ] ] } },
{ "type": "Feature", "properties": { "featurecla": "Coastline", "scalerank": 3, "min_zoom": 0.5 }, "geometry": { "type": "LineString", "coordinates": [ [ -70.983795, -54.928481 ], [ -70.945627, -54.930271 ], [ -70.926584, -54.928399 ], [ -70.911529, -54.921075 ], [ -70.925771, -54.916436 ], [ -70.957143, -54.914158 ], [ -70.966176, -54.907973 ], [ -70.963287, -54.903904 ], [ -70.955474, -54.896905 ], [ -70.94815, -54.886895 ], [ -70.946889, -54.873305 ], [ -70.963206, -54.878351 ], [ -70.977366, -54.879327 ], [ -70.987904, -54.873712 ], [ -70.993479, -54.859063 ], [ -71.006174, -54.85768 ], [ -71.026031, -54.861586 ], [ -71.046051, -54.868585 ], [ -71.059234, -54.876397 ], [ -71.07787, -54.880141 ], [ -71.124745, -54.858819 ], [ -71.144887, -54.859063 ], [ -71.144195, -54.847101 ], [ -71.147817, -54.84002 ], [ -71.155141, -54.83587 ], [ -71.165395, -54.832289 ], [ -71.180287, -54.831476 ], [ -71.191518, -54.836521 ], [ -71.203521, -54.845961 ], [ -71.295766, -54.838556 ], [ -71.31017, -54.840509 ], [ -71.323069, -54.838556 ], [ -71.34557, -54.828546 ], [ -71.357777, -54.825128 ], [ -71.367747, -54.828546 ], [ -71.382802, -54.830743 ], [ -71.404124, -54.829848 ], [ -71.416493, -54.83587 ], [ -71.404937, -54.859063 ], [ -71.459584, -54.87949 ], [ -71.440989, -54.89422 ], [ -71.426015, -54.90252 ], [ -71.416005, -54.913751 ], [ -71.412465, -54.938165 ], [ -71.402821, -54.942641 ], [ -71.381703, -54.928643 ], [ -71.350331, -54.900567 ], [ -71.334625, -54.902276 ], [ -71.336415, -54.911554 ], [ -71.350331, -54.928481 ], [ -71.353017, -54.93434 ], [ -71.358062, -54.937107 ], [ -71.361155, -54.940199 ], [ -71.357818, -54.948419 ], [ -71.350982, -54.95436 ], [ -71.344879, -54.95379 ], [ -71.339019, -54.950372 ], [ -71.332997, -54.948419 ], [ -71.318186, -54.941583 ], [ -71.307851, -54.925063 ], [ -71.304067, -54.904962 ], [ -71.308827, -54.886895 ], [ -71.298004, -54.887953 ], [ -71.28954, -54.885675 ], [ -71.284088, -54.879815 ], [ -71.282094, -54.869887 ], [ -71.279042, -54.865411 ], [ -71.272288, -54.867283 ], [ -71.261586, -54.873305 ], [ -71.223744, -54.866469 ], [ -71.209828, -54.867934 ], [ -71.208363, -54.872003 ], [ -71.210317, -54.878513 ], [ -71.203765, -54.895115 ], [ -71.2058, -54.901788 ], [ -71.204823, -54.906427 ], [ -71.192983, -54.907973 ], [ -71.182485, -54.907322 ], [ -71.120676, -54.892267 ], [ -71.107289, -54.894789 ], [ -71.09024, -54.907973 ], [ -71.107655, -54.909112 ], [ -71.125803, -54.914483 ], [ -71.14151, -54.922947 ], [ -71.151723, -54.934177 ], [ -71.118031, -54.933689 ], [ -71.06428, -54.94964 ], [ -71.035064, -54.942153 ], [ -71.029205, -54.937107 ], [ -71.02184, -54.925714 ], [ -71.014556, -54.921075 ], [ -71.004954, -54.919692 ], [ -70.997385, -54.92254 ], [ -70.990793, -54.926528 ], [ -70.983795, -54.928481 ] ] } },
{ "type": "Feature", "properties": { "featurecla": "Coastline", "scalerank": 6, "min_zoom": 5.0 }, "geometry": { "type": "LineString", "coordinates": [ [ -71.946848, -54.702569 ], [ -71.955556, -54.688246 ], [ -71.966705, -54.679864 ], [ -71.979115, -54.67311 ], [ -71.991526, -54.664321 ], [ -72.011586, -54.639907 ], [ -72.019439, -54.632989 ], [ -72.028188, -54.629327 ], [ -72.037709, -54.628513 ], [ -72.071604, -54.63128 ], [ -72.090932, -54.636 ], [ -72.104319, -54.644789 ], [ -72.100819, -54.657892 ], [ -72.08788, -54.671319 ], [ -72.08019, -54.674412 ], [ -72.066314, -54.675226 ], [ -72.063385, -54.670994 ], [ -72.065745, -54.66131 ], [ -72.06428, -54.651625 ], [ -72.049875, -54.647393 ], [ -72.040273, -54.650486 ], [ -72.033599, -54.657892 ], [ -72.021962, -54.675226 ], [ -71.991526, -54.698907 ], [ -71.986073, -54.707696 ], [ -71.987457, -54.715265 ], [ -71.993316, -54.721775 ], [ -72.001332, -54.727716 ], [ -72.009674, -54.737888 ], [ -72.007069, -54.74684 ], [ -71.997467, -54.753106 ], [ -71.984975, -54.755304 ], [ -71.969838, -54.754164 ], [ -71.953603, -54.751235 ], [ -71.938385, -54.745782 ], [ -71.926381, -54.736749 ], [ -71.920888, -54.722752 ], [ -71.921254, -54.705255 ], [ -71.92927, -54.69492 ], [ -71.946848, -54.702569 ] ] } },
{ "type": "Feature", "properties": { "featurecla": "Coastline", "scalerank": 6, "min_zoom": 5.0 }, "geometry": { "type": "LineString", "coordinates": [ [ -72.339833, -54.331476 ], [ -72.340321, -54.331313 ], [ -72.357289, -54.328383 ], [ -72.382965, -54.314874 ], [ -72.398061, -54.311619 ], [ -72.40689, -54.306085 ], [ -72.415883, -54.304132 ], [ -72.424957, -54.305922 ], [ -72.433461, -54.311619 ], [ -72.426869, -54.330173 ], [ -72.447743, -54.335219 ], [ -72.501698, -54.331476 ], [ -72.499623, -54.349216 ], [ -72.541737, -54.343032 ], [ -72.532786, -54.363051 ], [ -72.501698, -54.393487 ], [ -72.477773, -54.42311 ], [ -72.470693, -54.427667 ], [ -72.451772, -54.41839 ], [ -72.435211, -54.377211 ], [ -72.412343, -54.366795 ], [ -72.407867, -54.368748 ], [ -72.404408, -54.373224 ], [ -72.39977, -54.377699 ], [ -72.39151, -54.379815 ], [ -72.360829, -54.379815 ], [ -72.35676, -54.376072 ], [ -72.361969, -54.367364 ], [ -72.371205, -54.358087 ], [ -72.378814, -54.352634 ], [ -72.35558, -54.349786 ], [ -72.327992, -54.360284 ], [ -72.305328, -54.365167 ], [ -72.296946, -54.345798 ], [ -72.301381, -54.332778 ], [ -72.311513, -54.329034 ], [ -72.339833, -54.331476 ] ] } },
{ "type": "Feature", "properties": { "featurecla": "Coastline", "scalerank": 5, "min_zoom": 6.0 }, "geometry": { "type": "LineString", "coordinates": [ [ -70.384592, -54.188084 ], [ -70.455434, -54.153578 ], [ -70.491689, -54.14837 ], [ -70.521108, -54.174412 ], [ -70.511545, -54.192641 ], [ -70.49706, -54.209893 ], [ -70.479115, -54.224705 ], [ -70.459096, -54.235935 ], [ -70.434478, -54.242283 ], [ -70.381703, -54.249688 ], [ -70.360422, -54.260024 ], [ -70.339752, -54.265802 ], [ -70.269439, -54.271091 ], [ -70.254221, -54.266534 ], [ -70.24592, -54.255629 ], [ -70.229604, -54.246515 ], [ -70.218658, -54.234633 ], [ -70.226308, -54.215427 ], [ -70.235219, -54.212335 ], [ -70.256215, -54.212009 ], [ -70.267242, -54.209161 ], [ -70.27359, -54.204522 ], [ -70.286936, -54.190525 ], [ -70.28775, -54.188084 ], [ -70.313222, -54.184666 ], [ -70.362131, -54.18963 ], [ -70.384592, -54.188084 ] ] } },
{ "type": "Feature", "properties": { "featurecla": "Coastline", "scalerank": 6, "min_zoom": 5.0 }, "geometry": { "type": "LineString", "coordinates": [ [ -72.296946, -54.07879 ], [ -72.314565, -54.063084 ], [ -72.340443, -54.069594 ], [ -72.36734, -54.084242 ], [ -72.393137, -54.094496 ], [ -72.386708, -54.099216 ], [ -72.371409, -54.106134 ], [ -72.364817, -54.10711 ], [ -72.343414, -54.106134 ], [ -72.296946, -54.113539 ], [ -72.322621, -54.118748 ], [ -72.360097, -54.121515 ], [ -72.389719, -54.128839 ], [ -72.391835, -54.147719 ], [ -72.377187, -54.139744 ], [ -72.363189, -54.137953 ], [ -72.330434, -54.140313 ], [ -72.344797, -54.159601 ], [ -72.36852, -54.167657 ], [ -72.41926, -54.168227 ], [ -72.440053, -54.171319 ], [ -72.493316, -54.190525 ], [ -72.51537, -54.202325 ], [ -72.481313, -54.215427 ], [ -72.48998, -54.227716 ], [ -72.494537, -54.232029 ], [ -72.501698, -54.235935 ], [ -72.501698, -54.242771 ], [ -72.474436, -54.253025 ], [ -72.460561, -54.255955 ], [ -72.443715, -54.256931 ], [ -72.426503, -54.254653 ], [ -72.417633, -54.24863 ], [ -72.410471, -54.239679 ], [ -72.398061, -54.229099 ], [ -72.378529, -54.22381 ], [ -72.348541, -54.249444 ], [ -72.319895, -54.256931 ], [ -72.301503, -54.251397 ], [ -72.298166, -54.238865 ], [ -72.30309, -54.215427 ], [ -72.296742, -54.200942 ], [ -72.292063, -54.197849 ], [ -72.283315, -54.200291 ], [ -72.265248, -54.202325 ], [ -72.25064, -54.197524 ], [ -72.249623, -54.186212 ], [ -72.253733, -54.172784 ], [ -72.25475, -54.16131 ], [ -72.246978, -54.148614 ], [ -72.237213, -54.144627 ], [ -72.206288, -54.147719 ], [ -72.206288, -54.140313 ], [ -72.221262, -54.132257 ], [ -72.230784, -54.128676 ], [ -72.241689, -54.126642 ], [ -72.239735, -54.112074 ], [ -72.256215, -54.100193 ], [ -72.279164, -54.089532 ], [ -72.296946, -54.07879 ] ] } },
{ "type": "Feature", "properties": { "featurecla": "Coastline", "scalerank": 6, "min_zoom": 5.0 }, "geometry": { "type": "LineString", "coordinates": [ [ -73.180084, -54.071954 ], [ -73.187856, -54.053643 ], [ -73.207387, -54.05877 ], [ -73.23054, -54.070489 ], [ -73.249013, -54.071954 ], [ -73.242828, -54.042576 ], [ -73.274973, -54.028253 ], [ -73.358266, -54.023614 ], [ -73.379872, -54.025811 ], [ -73.391591, -54.031834 ], [ -73.412913, -54.051446 ], [ -73.427968, -54.058201 ], [ -73.459096, -54.064548 ], [ -73.474355, -54.071954 ], [ -73.452707, -54.07822 ], [ -73.41808, -54.080987 ], [ -73.386057, -54.080255 ], [ -73.371938, -54.075372 ], [ -73.365549, -54.068943 ], [ -73.35143, -54.064711 ], [ -73.337392, -54.065851 ], [ -73.330963, -54.075372 ], [ -73.332346, -54.094334 ], [ -73.330434, -54.102716 ], [ -73.323557, -54.113539 ], [ -73.313385, -54.121189 ], [ -73.27892, -54.126642 ], [ -73.253245, -54.125665 ], [ -73.255238, -54.113539 ], [ -73.233266, -54.111505 ], [ -73.205312, -54.122654 ], [ -73.178456, -54.127211 ], [ -73.159657, -54.106134 ], [ -73.16686, -54.105076 ], [ -73.17984, -54.100518 ], [ -73.187001, -54.099298 ], [ -73.184722, -54.092869 ], [ -73.18224, -54.078383 ], [ -73.180084, -54.071954 ] ] } },
{ "type": "Feature", "properties": { "featurecla": "Coastline", "scalerank": 3, "min_zoom": 0.0 }, "geometry": { "type": "LineString", "coordinates": [ [ -71.63093, -54.07879 ], [ -71.611928, -54.077407 ], [ -71.59968, -54.080336 ], [ -71.596344, -54.087823 ], [ -71.604156, -54.099298 ], [ -71.614247, -54.105727 ], [ -71.652008, -54.119806 ], [ -71.672271, -54.132013 ], [ -71.69107, -54.148126 ], [ -71.699818, -54.166192 ], [ -71.689849, -54.184991 ], [ -71.672353, -54.205336 ], [ -71.664052, -54.221449 ], [ -71.651519, -54.232029 ], [ -71.621246, -54.235935 ], [ -71.612213, -54.229587 ], [ -71.60554, -54.201837 ], [ -71.600453, -54.195489 ], [ -71.587717, -54.193617 ], [ -71.549631, -54.181817 ], [ -71.561187, -54.19492 ], [ -71.576894, -54.203058 ], [ -71.590647, -54.212498 ], [ -71.596791, -54.229099 ], [ -71.590647, -54.243829 ], [ -71.575592, -54.255466 ], [ -71.542144, -54.269952 ], [ -71.540028, -54.231215 ], [ -71.535308, -54.222263 ], [ -71.510487, -54.217055 ], [ -71.499867, -54.211033 ], [ -71.509592, -54.186782 ], [ -71.5006, -54.179864 ], [ -71.487782, -54.175388 ], [ -71.481313, -54.171319 ], [ -71.486073, -54.159438 ], [ -71.505483, -54.149835 ], [ -71.507965, -54.140313 ], [ -71.492584, -54.135186 ], [ -71.462026, -54.136895 ], [ -71.432118, -54.134454 ], [ -71.418609, -54.116795 ], [ -71.416615, -54.11004 ], [ -71.412099, -54.114028 ], [ -71.404937, -54.126642 ], [ -71.408559, -54.126153 ], [ -71.413075, -54.131768 ], [ -71.416982, -54.139255 ], [ -71.418609, -54.143976 ], [ -71.413442, -54.151951 ], [ -71.385487, -54.149347 ], [ -71.371449, -54.153904 ], [ -71.399078, -54.164158 ], [ -71.429311, -54.171482 ], [ -71.445953, -54.185317 ], [ -71.432932, -54.215427 ], [ -71.411, -54.233331 ], [ -71.381174, -54.24627 ], [ -71.354807, -54.244561 ], [ -71.343495, -54.218845 ], [ -71.341705, -54.212498 ], [ -71.33731, -54.206964 ], [ -71.331695, -54.204034 ], [ -71.326487, -54.205743 ], [ -71.323313, -54.212823 ], [ -71.325307, -54.219822 ], [ -71.328725, -54.225518 ], [ -71.329823, -54.229099 ], [ -71.32311, -54.241388 ], [ -71.313344, -54.254815 ], [ -71.300771, -54.261407 ], [ -71.27892, -54.250095 ], [ -71.270985, -54.249119 ], [ -71.264312, -54.246759 ], [ -71.261586, -54.239353 ], [ -71.247914, -54.222263 ], [ -71.238515, -54.216729 ], [ -71.231191, -54.21559 ], [ -71.223459, -54.219496 ], [ -71.213206, -54.229099 ], [ -71.221913, -54.238377 ], [ -71.243642, -54.24977 ], [ -71.247914, -54.260024 ], [ -71.244374, -54.263604 ], [ -71.237864, -54.266371 ], [ -71.234446, -54.270603 ], [ -71.240549, -54.277439 ], [ -71.246653, -54.27809 ], [ -71.263661, -54.271742 ], [ -71.27123, -54.269952 ], [ -71.285959, -54.272882 ], [ -71.293202, -54.279555 ], [ -71.298899, -54.286798 ], [ -71.308827, -54.291111 ], [ -71.322743, -54.289239 ], [ -71.335846, -54.284763 ], [ -71.347727, -54.284845 ], [ -71.357818, -54.297296 ], [ -71.347524, -54.309177 ], [ -71.331532, -54.313735 ], [ -71.295155, -54.317804 ], [ -71.240549, -54.345798 ], [ -71.220815, -54.362726 ], [ -71.207509, -54.369236 ], [ -71.192698, -54.366795 ], [ -71.193674, -54.358982 ], [ -71.186147, -54.339532 ], [ -71.176829, -54.327732 ], [ -71.16926, -54.349786 ], [ -71.154368, -54.374607 ], [ -71.148305, -54.379815 ], [ -71.113881, -54.379815 ], [ -71.106516, -54.376642 ], [ -71.101186, -54.369561 ], [ -71.097279, -54.362481 ], [ -71.093658, -54.359308 ], [ -71.089711, -54.356622 ], [ -71.086252, -54.349867 ], [ -71.083811, -54.341974 ], [ -71.082834, -54.335138 ], [ -71.087392, -54.331801 ], [ -71.117584, -54.328302 ], [ -71.141713, -54.316583 ], [ -71.149322, -54.309503 ], [ -71.157948, -54.297296 ], [ -71.137929, -54.299737 ], [ -71.099477, -54.314223 ], [ -71.079457, -54.317804 ], [ -71.069447, -54.321384 ], [ -71.06314, -54.327732 ], [ -71.056467, -54.330011 ], [ -71.045277, -54.321466 ], [ -71.042877, -54.313409 ], [ -71.047109, -54.30462 ], [ -71.054596, -54.296645 ], [ -71.062367, -54.291111 ], [ -71.048451, -54.291681 ], [ -71.034169, -54.289646 ], [ -71.020334, -54.28574 ], [ -71.007721, -54.280532 ], [ -70.992421, -54.272068 ], [ -70.990142, -54.265802 ], [ -71.007151, -54.249444 ], [ -71.025787, -54.240981 ], [ -71.027984, -54.2374 ], [ -71.010854, -54.235935 ], [ -70.998647, -54.232354 ], [ -70.993276, -54.22381 ], [ -70.994211, -54.212823 ], [ -71.000885, -54.202325 ], [ -70.994862, -54.188897 ], [ -70.996693, -54.174574 ], [ -71.004954, -54.166436 ], [ -71.017974, -54.171319 ], [ -71.034332, -54.193048 ], [ -71.045522, -54.201593 ], [ -71.062367, -54.202325 ], [ -71.052968, -54.182306 ], [ -71.021392, -54.148045 ], [ -71.014556, -54.123224 ], [ -71.012522, -54.100844 ], [ -71.016225, -54.095392 ], [ -71.028879, -54.085626 ], [ -71.069814, -54.065118 ], [ -71.090077, -54.064874 ], [ -71.112457, -54.070489 ], [ -71.130686, -54.08294 ], [ -71.138092, -54.102716 ], [ -71.138092, -54.143976 ], [ -71.143422, -54.152765 ], [ -71.155141, -54.155369 ], [ -71.16686, -54.153904 ], [ -71.172231, -54.150811 ], [ -71.162709, -54.105645 ], [ -71.163645, -54.086521 ], [ -71.179677, -54.085626 ], [ -71.188344, -54.098077 ], [ -71.214508, -54.150079 ], [ -71.216908, -54.164727 ], [ -71.209462, -54.176365 ], [ -71.211903, -54.184177 ], [ -71.221059, -54.184666 ], [ -71.233632, -54.174412 ], [ -71.236969, -54.166274 ], [ -71.236399, -54.158298 ], [ -71.233632, -54.147719 ], [ -71.241078, -54.129002 ], [ -71.253407, -54.111586 ], [ -71.269643, -54.101739 ], [ -71.28893, -54.106134 ], [ -71.282541, -54.094822 ], [ -71.270172, -54.084731 ], [ -71.261138, -54.074314 ], [ -71.264719, -54.061782 ], [ -71.271148, -54.05047 ], [ -71.276723, -54.024021 ], [ -71.282094, -54.009942 ], [ -71.301503, -53.991469 ], [ -71.337961, -53.976251 ], [ -71.37564, -53.969171 ], [ -71.398793, -53.975763 ], [ -71.376943, -54.004002 ], [ -71.379303, -54.041192 ], [ -71.396352, -54.062758 ], [ -71.418609, -54.044041 ], [ -71.435862, -54.004164 ], [ -71.447336, -53.983819 ], [ -71.456451, -53.979181 ], [ -71.45287, -53.97031 ], [ -71.452463, -53.957696 ], [ -71.455678, -53.946466 ], [ -71.463287, -53.941583 ], [ -71.479848, -53.942641 ], [ -71.485707, -53.946059 ], [ -71.488149, -53.952325 ], [ -71.494293, -53.962091 ], [ -71.498118, -53.971612 ], [ -71.497711, -53.980564 ], [ -71.500844, -53.987074 ], [ -71.514801, -53.989435 ], [ -71.523997, -53.986017 ], [ -71.532867, -53.978123 ], [ -71.53954, -53.968032 ], [ -71.542144, -53.958673 ], [ -71.554351, -53.941827 ], [ -71.582183, -53.940851 ], [ -71.612172, -53.948012 ], [ -71.63093, -53.955255 ], [ -71.657053, -53.983168 ], [ -71.650543, -54.012628 ], [ -71.634267, -54.044203 ], [ -71.63093, -54.07879 ] ] } },
{ "type": "Feature", "properties": { "featurecla": "Coastline", "scalerank": 3, "min_zoom": 0.0 }, "geometry": { "type": "LineString", "coordinates": [ [ -72.015126, -54.202325 ], [ -71.958608, -54.205011 ], [ -71.930572, -54.212498 ], [ -71.905263, -54.229099 ], [ -71.936879, -54.245864 ], [ -71.96231, -54.297784 ], [ -71.987864, -54.317804 ], [ -71.970611, -54.325291 ], [ -71.94872, -54.327081 ], [ -71.905263, -54.325291 ], [ -71.88565, -54.328709 ], [ -71.865224, -54.334893 ], [ -71.846059, -54.337986 ], [ -71.830149, -54.331476 ], [ -71.850006, -54.320245 ], [ -71.857411, -54.317804 ], [ -71.857411, -54.311619 ], [ -71.849721, -54.309259 ], [ -71.830149, -54.297296 ], [ -71.861318, -54.28867 ], [ -71.871083, -54.283624 ], [ -71.85851, -54.279229 ], [ -71.847239, -54.272719 ], [ -71.839263, -54.263116 ], [ -71.836985, -54.249444 ], [ -71.817535, -54.25449 ], [ -71.773834, -54.25921 ], [ -71.761871, -54.263116 ], [ -71.744618, -54.246352 ], [ -71.744456, -54.231052 ], [ -71.757151, -54.219659 ], [ -71.798329, -54.209242 ], [ -71.812001, -54.194513 ], [ -71.823638, -54.17669 ], [ -71.836985, -54.16131 ], [ -71.896148, -54.130466 ], [ -71.915517, -54.116795 ], [ -71.920155, -54.108575 ], [ -71.932525, -54.071954 ], [ -71.93871, -54.063735 ], [ -71.944936, -54.057794 ], [ -71.950103, -54.050226 ], [ -71.953033, -54.037856 ], [ -71.953684, -54.025974 ], [ -71.952301, -54.014907 ], [ -71.947174, -54.006931 ], [ -71.936269, -54.003676 ], [ -71.925526, -54.007908 ], [ -71.919342, -54.017022 ], [ -71.918324, -54.026137 ], [ -71.922678, -54.03045 ], [ -71.926259, -54.038751 ], [ -71.907867, -54.057224 ], [ -71.871083, -54.085626 ], [ -71.808095, -54.148126 ], [ -71.766103, -54.163995 ], [ -71.71345, -54.147719 ], [ -71.660634, -54.103774 ], [ -71.652008, -54.089044 ], [ -71.663157, -54.072442 ], [ -71.689117, -54.076349 ], [ -71.718739, -54.085707 ], [ -71.740793, -54.085626 ], [ -71.736073, -54.079197 ], [ -71.727122, -54.058364 ], [ -71.73644, -54.054376 ], [ -71.746653, -54.051853 ], [ -71.757436, -54.050714 ], [ -71.768666, -54.051446 ], [ -71.746978, -54.039972 ], [ -71.722279, -54.03753 ], [ -71.702016, -54.030694 ], [ -71.693593, -54.006931 ], [ -71.700592, -53.985447 ], [ -71.718007, -53.98504 ], [ -71.761871, -54.003676 ], [ -71.788075, -54.005955 ], [ -71.792226, -53.997979 ], [ -71.780263, -53.987726 ], [ -71.735219, -53.978692 ], [ -71.713246, -53.968683 ], [ -71.652903, -53.926365 ], [ -71.667633, -53.918145 ], [ -71.69579, -53.912367 ], [ -71.727284, -53.898614 ], [ -71.74234, -53.896661 ], [ -71.75593, -53.898207 ], [ -71.76537, -53.907403 ], [ -71.784006, -53.89658 ], [ -71.792592, -53.897068 ], [ -71.798004, -53.904555 ], [ -71.809071, -53.934177 ], [ -71.82901, -53.964776 ], [ -71.830149, -53.969496 ], [ -71.851877, -53.974054 ], [ -71.851796, -53.958266 ], [ -71.840891, -53.935724 ], [ -71.830149, -53.920587 ], [ -71.866444, -53.886489 ], [ -71.903879, -53.861749 ], [ -71.945709, -53.852797 ], [ -71.995229, -53.865899 ], [ -71.984486, -53.870864 ], [ -71.974599, -53.876886 ], [ -71.966379, -53.884373 ], [ -71.96052, -53.893813 ], [ -71.983306, -53.887465 ], [ -71.995513, -53.886 ], [ -72.00829, -53.886407 ], [ -72.002105, -53.902927 ], [ -72.008453, -53.911554 ], [ -72.020741, -53.917169 ], [ -72.032541, -53.924249 ], [ -72.039703, -53.934666 ], [ -72.040191, -53.942804 ], [ -72.039296, -53.951104 ], [ -72.042388, -53.962091 ], [ -72.050445, -53.95379 ], [ -72.060292, -53.948826 ], [ -72.071441, -53.947035 ], [ -72.083404, -53.9485 ], [ -72.065826, -53.960219 ], [ -72.05724, -53.968357 ], [ -72.055491, -53.975763 ], [ -72.064768, -53.983575 ], [ -72.07787, -53.983819 ], [ -72.091054, -53.979262 ], [ -72.100819, -53.972752 ], [ -72.106109, -53.963149 ], [ -72.111073, -53.950372 ], [ -72.117747, -53.939142 ], [ -72.128041, -53.934177 ], [ -72.232004, -53.925063 ], [ -72.259104, -53.929864 ], [ -72.258168, -53.945082 ], [ -72.245513, -53.964125 ], [ -72.239735, -53.980564 ], [ -72.22936, -53.991957 ], [ -72.203196, -53.99627 ], [ -72.203033, -54.005141 ], [ -72.228017, -54.058364 ], [ -72.221181, -54.073175 ], [ -72.205312, -54.091892 ], [ -72.186106, -54.104913 ], [ -72.169057, -54.102716 ], [ -72.135243, -54.071954 ], [ -72.11734, -54.059828 ], [ -72.103871, -54.058364 ], [ -72.09789, -54.065525 ], [ -72.091664, -54.087172 ], [ -72.086781, -54.09588 ], [ -72.077504, -54.101251 ], [ -72.053131, -54.107517 ], [ -72.042388, -54.113539 ], [ -72.092519, -54.111586 ], [ -72.114573, -54.116876 ], [ -72.124379, -54.133477 ], [ -72.081654, -54.131931 ], [ -72.060414, -54.133559 ], [ -72.042388, -54.140313 ], [ -72.058502, -54.14544 ], [ -72.094309, -54.148045 ], [ -72.110707, -54.153904 ], [ -72.042633, -54.196547 ], [ -72.015126, -54.202325 ] ] } },
{ "type": "Feature", "properties": { "featurecla": "Coastline", "scalerank": 3, "min_zoom": 0.0 }, "geometry": { "type": "LineString", "coordinates": [ [ -70.455036, -53.611598 ], [ -70.462611, -53.576361 ], [ -70.469534, -53.566315 ], [ -70.48644, -53.561293 ], [ -70.51061, -53.558038 ], [ -70.535553, -53.560479 ], [ -70.547495, -53.576986 ], [ -70.546592, -53.596776 ], [ -70.566453, -53.626053 ], [ -70.608632, -53.653253 ], [ -70.627268, -53.661065 ], [ -70.663668, -53.685607 ], [ -70.700592, -53.690606 ], [ -70.71288, -53.70143 ], [ -70.712392, -53.706964 ], [ -70.709706, -53.714044 ], [ -70.706125, -53.720798 ], [ -70.702626, -53.725356 ], [ -70.69929, -53.731215 ], [ -70.700836, -53.735935 ], [ -70.704213, -53.740492 ], [ -70.706125, -53.746352 ], [ -70.69929, -53.787205 ], [ -70.632558, -53.813897 ], [ -70.600541, -53.829152 ], [ -70.606114, -53.865125 ], [ -70.634404, -53.873345 ], [ -70.672078, -53.849697 ], [ -70.718061, -53.842262 ], [ -70.77657, -53.824679 ], [ -70.788645, -53.831801 ], [ -70.819942, -53.836947 ], [ -70.85537, -53.839512 ], [ -70.881505, -53.842264 ], [ -70.857533, -53.86004 ], [ -70.881093, -53.865899 ], [ -70.900543, -53.873712 ], [ -70.89269, -53.891046 ], [ -70.863759, -53.920587 ], [ -70.887807, -53.921563 ], [ -70.897532, -53.931248 ], [ -70.897328, -53.947931 ], [ -70.884836, -53.998793 ], [ -70.884185, -54.027032 ], [ -70.865956, -54.052667 ], [ -70.830474, -54.075779 ], [ -70.806467, -54.095961 ], [ -70.822743, -54.113539 ], [ -70.685618, -54.188084 ], [ -70.593414, -54.2138 ], [ -70.540435, -54.221612 ], [ -70.513661, -54.215427 ], [ -70.523549, -54.212823 ], [ -70.53482, -54.207452 ], [ -70.544342, -54.200942 ], [ -70.549062, -54.195489 ], [ -70.549062, -54.183364 ], [ -70.544097, -54.174574 ], [ -70.538197, -54.166762 ], [ -70.53539, -54.157647 ], [ -70.538808, -54.13421 ], [ -70.548411, -54.120538 ], [ -70.58259, -54.099298 ], [ -70.572865, -54.094903 ], [ -70.56786, -54.087986 ], [ -70.566762, -54.078058 ], [ -70.568918, -54.065118 ], [ -70.593373, -54.03281 ], [ -70.635081, -54.001397 ], [ -70.671132, -53.967706 ], [ -70.669962, -53.950342 ], [ -70.648948, -53.938694 ], [ -70.610504, -53.948419 ], [ -70.53539, -54.003676 ], [ -70.495655, -54.033231 ], [ -70.439252, -54.060409 ], [ -70.384771, -54.05036 ], [ -70.342795, -54.028069 ], [ -70.336277, -54.007403 ], [ -70.359446, -53.978774 ], [ -70.395823, -53.936293 ], [ -70.408111, -53.927992 ], [ -70.426137, -53.921157 ], [ -70.444325, -53.905206 ], [ -70.452219, -53.886895 ], [ -70.419719, -53.871226 ], [ -70.431318, -53.826605 ], [ -70.421639, -53.802527 ], [ -70.44534, -53.762847 ], [ -70.469269, -53.691737 ], [ -70.473156, -53.665345 ], [ -70.462056, -53.64327 ], [ -70.455036, -53.611598 ] ] } },
{ "type": "Feature", "properties": { "featurecla": "Coastline", "scalerank": 6, "min_zoom": 5.0 }, "geometry": { "type": "LineString", "coordinates": [ [ -73.824452, -53.472101 ], [ -73.82726, -53.462335 ], [ -73.834462, -53.454767 ], [ -73.844228, -53.449884 ], [ -73.854848, -53.448175 ], [ -73.860585, -53.458917 ], [ -73.84435, -53.482354 ], [ -73.833363, -53.505792 ], [ -73.854848, -53.516534 ], [ -73.868153, -53.517185 ], [ -73.883453, -53.520115 ], [ -73.892323, -53.5263 ], [ -73.885894, -53.536879 ], [ -73.874338, -53.539727 ], [ -73.824452, -53.536879 ], [ -73.832509, -53.550877 ], [ -73.843658, -53.557794 ], [ -73.853627, -53.565606 ], [ -73.8579, -53.581638 ], [ -73.848541, -53.588311 ], [ -73.82726, -53.586684 ], [ -73.804189, -53.580255 ], [ -73.789662, -53.57171 ], [ -73.783599, -53.556573 ], [ -73.784576, -53.545668 ], [ -73.77953, -53.539158 ], [ -73.755238, -53.536879 ], [ -73.716624, -53.541436 ], [ -73.701772, -53.538181 ], [ -73.687856, -53.523207 ], [ -73.706451, -53.508233 ], [ -73.730214, -53.499688 ], [ -73.808502, -53.484145 ], [ -73.819732, -53.479669 ], [ -73.824452, -53.472101 ] ] } },
{ "type": "Feature", "properties": { "featurecla": "Coastline", "scalerank": 5, "min_zoom": 6.0 }, "geometry": { "type": "LineString", "coordinates": [ [ -73.392445, -53.413995 ], [ -73.392445, -53.407322 ], [ -73.43456, -53.39422 ], [ -73.448476, -53.391534 ], [ -73.505686, -53.392999 ], [ -73.514312, -53.395196 ], [ -73.534332, -53.404962 ], [ -73.546702, -53.407322 ], [ -73.556711, -53.404555 ], [ -73.569163, -53.391534 ], [ -73.577992, -53.386814 ], [ -73.5926, -53.385837 ], [ -73.598053, -53.392673 ], [ -73.59789, -53.424005 ], [ -73.548492, -53.443292 ], [ -73.537017, -53.455011 ], [ -73.558339, -53.453709 ], [ -73.579416, -53.449395 ], [ -73.599762, -53.447931 ], [ -73.619008, -53.455011 ], [ -73.606068, -53.464614 ], [ -73.593821, -53.471775 ], [ -73.56371, -53.482354 ], [ -73.574941, -53.491143 ], [ -73.593414, -53.490004 ], [ -73.613271, -53.482517 ], [ -73.628896, -53.472101 ], [ -73.63915, -53.46795 ], [ -73.653432, -53.467218 ], [ -73.680735, -53.468683 ], [ -73.691151, -53.467218 ], [ -73.765981, -53.42547 ], [ -73.779408, -53.420831 ], [ -73.798166, -53.418552 ], [ -73.803212, -53.422052 ], [ -73.803334, -53.434503 ], [ -73.799224, -53.435968 ], [ -73.781361, -53.451267 ], [ -73.779408, -53.455011 ], [ -73.765004, -53.457452 ], [ -73.707672, -53.475518 ], [ -73.691151, -53.484633 ], [ -73.661855, -53.510919 ], [ -73.649729, -53.516534 ], [ -73.601308, -53.523207 ], [ -73.594228, -53.526544 ], [ -73.577992, -53.544366 ], [ -73.559641, -53.546645 ], [ -73.55248, -53.54046 ], [ -73.543284, -53.510349 ], [ -73.529775, -53.53045 ], [ -73.520497, -53.552423 ], [ -73.507232, -53.568617 ], [ -73.481801, -53.57171 ], [ -73.471018, -53.566339 ], [ -73.452219, -53.548272 ], [ -73.443959, -53.544366 ], [ -73.413319, -53.545099 ], [ -73.400624, -53.541436 ], [ -73.392445, -53.530694 ], [ -73.434234, -53.494724 ], [ -73.443959, -53.48919 ], [ -73.452992, -53.486017 ], [ -73.467885, -53.471856 ], [ -73.474965, -53.468683 ], [ -73.485911, -53.471287 ], [ -73.491119, -53.476007 ], [ -73.496897, -53.478774 ], [ -73.509104, -53.475518 ], [ -73.488026, -53.451593 ], [ -73.457265, -53.435724 ], [ -73.392445, -53.413995 ] ] } },
{ "type": "Feature", "properties": { "featurecla": "Coastline", "scalerank": 3, "min_zoom": 0.0 }, "geometry": { "type": "LineString", "coordinates": [ [ -72.529652, -54.075372 ], [ -72.519114, -54.045668 ], [ -72.518666, -54.030206 ], [ -72.532786, -54.023614 ], [ -72.523305, -54.008477 ], [ -72.517201, -53.99505 ], [ -72.51537, -53.982599 ], [ -72.501576, -53.991876 ], [ -72.485504, -53.996352 ], [ -72.468861, -53.995782 ], [ -72.453277, -53.989435 ], [ -72.459055, -54.026788 ], [ -72.454213, -54.038263 ], [ -72.433461, -54.044041 ], [ -72.423085, -54.041762 ], [ -72.397043, -54.032485 ], [ -72.388417, -54.034112 ], [ -72.379791, -54.039972 ], [ -72.367747, -54.044041 ], [ -72.354807, -54.045505 ], [ -72.343414, -54.044041 ], [ -72.329905, -54.034601 ], [ -72.320546, -54.018976 ], [ -72.317779, -54.00213 ], [ -72.323598, -53.989435 ], [ -72.385162, -53.981052 ], [ -72.419789, -53.969496 ], [ -72.405995, -53.963556 ], [ -72.391957, -53.962498 ], [ -72.379709, -53.959568 ], [ -72.371409, -53.9485 ], [ -72.390289, -53.940606 ], [ -72.40567, -53.931248 ], [ -72.416086, -53.917576 ], [ -72.419789, -53.897068 ], [ -72.409535, -53.893162 ], [ -72.386627, -53.904067 ], [ -72.350901, -53.927992 ], [ -72.344065, -53.910089 ], [ -72.356191, -53.878351 ], [ -72.350901, -53.859633 ], [ -72.391835, -53.845392 ], [ -72.369944, -53.831801 ], [ -72.348622, -53.831313 ], [ -72.328481, -53.839614 ], [ -72.296254, -53.861505 ], [ -72.274648, -53.872328 ], [ -72.250885, -53.877537 ], [ -72.231109, -53.869317 ], [ -72.220367, -53.851658 ], [ -72.227651, -53.835545 ], [ -72.217152, -53.821222 ], [ -72.200266, -53.813653 ], [ -72.157338, -53.807794 ], [ -72.138661, -53.797621 ], [ -72.15274, -53.796157 ], [ -72.187001, -53.776544 ], [ -72.226186, -53.76629 ], [ -72.268381, -53.763442 ], [ -72.273264, -53.75921 ], [ -72.234242, -53.728774 ], [ -72.347524, -53.710138 ], [ -72.364573, -53.690851 ], [ -72.373036, -53.687758 ], [ -72.390777, -53.699395 ], [ -72.406606, -53.714451 ], [ -72.408925, -53.721938 ], [ -72.420644, -53.728448 ], [ -72.427805, -53.741143 ], [ -72.436635, -53.749282 ], [ -72.453277, -53.742364 ], [ -72.436147, -53.715509 ], [ -72.438059, -53.705499 ], [ -72.474843, -53.697361 ], [ -72.484446, -53.687107 ], [ -72.48469, -53.674005 ], [ -72.474436, -53.661065 ], [ -72.454742, -53.653741 ], [ -72.416737, -53.655938 ], [ -72.401763, -53.65016 ], [ -72.397288, -53.633477 ], [ -72.415517, -53.622654 ], [ -72.437245, -53.615411 ], [ -72.443715, -53.609308 ], [ -72.436838, -53.59531 ], [ -72.446523, -53.583591 ], [ -72.464182, -53.575128 ], [ -72.481313, -53.57171 ], [ -72.497792, -53.57586 ], [ -72.533518, -53.591404 ], [ -72.546132, -53.588474 ], [ -72.557973, -53.57879 ], [ -72.655873, -53.536798 ], [ -72.673004, -53.536879 ], [ -72.673004, -53.544366 ], [ -72.654612, -53.560479 ], [ -72.641916, -53.577407 ], [ -72.634429, -53.597589 ], [ -72.630483, -53.659926 ], [ -72.632069, -53.667901 ], [ -72.642323, -53.671482 ], [ -72.667877, -53.66961 ], [ -72.673004, -53.671075 ], [ -72.678578, -53.673272 ], [ -72.68928, -53.667657 ], [ -72.696116, -53.656996 ], [ -72.690094, -53.643731 ], [ -72.680328, -53.632745 ], [ -72.675933, -53.622491 ], [ -72.676096, -53.611586 ], [ -72.67984, -53.599054 ], [ -72.690989, -53.584405 ], [ -72.731028, -53.554295 ], [ -72.748158, -53.544366 ], [ -72.743276, -53.537774 ], [ -72.734486, -53.516534 ], [ -72.75829, -53.509861 ], [ -72.77066, -53.504571 ], [ -72.776031, -53.499444 ], [ -72.780873, -53.483005 ], [ -72.792795, -53.47796 ], [ -72.808339, -53.477634 ], [ -72.823842, -53.475518 ], [ -72.844553, -53.459405 ], [ -72.858469, -53.452732 ], [ -72.864858, -53.458754 ], [ -72.861562, -53.470473 ], [ -72.847035, -53.484796 ], [ -72.837514, -53.510837 ], [ -72.824818, -53.523696 ], [ -72.814931, -53.539239 ], [ -72.817047, -53.564874 ], [ -72.822987, -53.575291 ], [ -72.840159, -53.598321 ], [ -72.843739, -53.609308 ], [ -72.848215, -53.614516 ], [ -72.858022, -53.619887 ], [ -72.867787, -53.627048 ], [ -72.872304, -53.636895 ], [ -72.865102, -53.659763 ], [ -72.864247, -53.671563 ], [ -72.872304, -53.680352 ], [ -72.884145, -53.681329 ], [ -72.889231, -53.672947 ], [ -72.892812, -53.653578 ], [ -72.905344, -53.639907 ], [ -72.910959, -53.632094 ], [ -72.913238, -53.623224 ], [ -72.910024, -53.61297 ], [ -72.895985, -53.599786 ], [ -72.88683, -53.568943 ], [ -72.876536, -53.55169 ], [ -72.872548, -53.534845 ], [ -72.885894, -53.516534 ], [ -72.89802, -53.510837 ], [ -72.911204, -53.509861 ], [ -72.921946, -53.514907 ], [ -72.926259, -53.527032 ], [ -72.92984, -53.530532 ], [ -72.936676, -53.527032 ], [ -72.940989, -53.518324 ], [ -72.936838, -53.50628 ], [ -72.92634, -53.490167 ], [ -72.91808, -53.471775 ], [ -72.913401, -53.450779 ], [ -72.913238, -53.427016 ], [ -72.93517, -53.435724 ], [ -72.984771, -53.41131 ], [ -73.015614, -53.407322 ], [ -73.015614, -53.413995 ], [ -73.002268, -53.421808 ], [ -72.993886, -53.432875 ], [ -72.989573, -53.447524 ], [ -72.988352, -53.46559 ], [ -72.992584, -53.485121 ], [ -73.002024, -53.493259 ], [ -73.011383, -53.48919 ], [ -73.016957, -53.464532 ], [ -73.020619, -53.45794 ], [ -73.040191, -53.434991 ], [ -73.040517, -53.428888 ], [ -73.037831, -53.4249 ], [ -73.036204, -53.420831 ], [ -73.032623, -53.390313 ], [ -73.037709, -53.385512 ], [ -73.05724, -53.386814 ], [ -73.09081, -53.400486 ], [ -73.114166, -53.405694 ], [ -73.138539, -53.407322 ], [ -73.161529, -53.411391 ], [ -73.17516, -53.420831 ], [ -73.17398, -53.430271 ], [ -73.152577, -53.434503 ], [ -73.134918, -53.440362 ], [ -73.132924, -53.454767 ], [ -73.135569, -53.472752 ], [ -73.131703, -53.48919 ], [ -73.119537, -53.498224 ], [ -73.103668, -53.504653 ], [ -73.088206, -53.513849 ], [ -73.077138, -53.530694 ], [ -73.169586, -53.4992 ], [ -73.223012, -53.49391 ], [ -73.262074, -53.510349 ], [ -73.276194, -53.494317 ], [ -73.29776, -53.482843 ], [ -73.344594, -53.468683 ], [ -73.387359, -53.462172 ], [ -73.39981, -53.462498 ], [ -73.415395, -53.464614 ], [ -73.42101, -53.466892 ], [ -73.421254, -53.47088 ], [ -73.420318, -53.478936 ], [ -73.412831, -53.493259 ], [ -73.339996, -53.547947 ], [ -73.315785, -53.555108 ], [ -73.262074, -53.558038 ], [ -73.288564, -53.589532 ], [ -73.291249, -53.60589 ], [ -73.276357, -53.626397 ], [ -73.258656, -53.635186 ], [ -73.207631, -53.644952 ], [ -73.15807, -53.648126 ], [ -73.134836, -53.646254 ], [ -73.115468, -53.639581 ], [ -73.098256, -53.626397 ], [ -73.08845, -53.610528 ], [ -73.080963, -53.602472 ], [ -73.070221, -53.599054 ], [ -73.058339, -53.598403 ], [ -73.047719, -53.596368 ], [ -73.038197, -53.591974 ], [ -73.029286, -53.584731 ], [ -73.037262, -53.600518 ], [ -73.0808, -53.636895 ], [ -73.0808, -53.648207 ], [ -73.059397, -53.65309 ], [ -73.012196, -53.653578 ], [ -72.996327, -53.647638 ], [ -72.976552, -53.63714 ], [ -72.958485, -53.633233 ], [ -72.947377, -53.646742 ], [ -72.95287, -53.664483 ], [ -72.973948, -53.669854 ], [ -73.204213, -53.666192 ], [ -73.262074, -53.653578 ], [ -73.280263, -53.646254 ], [ -73.300445, -53.634454 ], [ -73.316803, -53.619317 ], [ -73.323557, -53.602716 ], [ -73.336293, -53.588962 ], [ -73.36559, -53.577325 ], [ -73.420318, -53.564874 ], [ -73.435455, -53.563246 ], [ -73.446929, -53.564223 ], [ -73.457875, -53.569757 ], [ -73.471262, -53.581638 ], [ -73.482818, -53.587986 ], [ -73.495595, -53.588474 ], [ -73.565094, -53.579522 ], [ -73.584706, -53.582778 ], [ -73.604726, -53.599054 ], [ -73.610911, -53.606622 ], [ -73.615346, -53.614028 ], [ -73.618072, -53.623305 ], [ -73.619008, -53.636895 ], [ -73.616078, -53.651625 ], [ -73.608754, -53.656834 ], [ -73.598744, -53.658868 ], [ -73.587961, -53.664483 ], [ -73.563344, -53.667901 ], [ -73.526235, -53.664483 ], [ -73.496693, -53.664972 ], [ -73.494862, -53.680352 ], [ -73.484853, -53.70086 ], [ -73.519276, -53.721368 ], [ -73.565785, -53.740411 ], [ -73.591664, -53.756036 ], [ -73.534169, -53.75213 ], [ -73.362457, -53.713311 ], [ -73.313873, -53.71559 ], [ -73.302113, -53.712579 ], [ -73.274892, -53.70086 ], [ -73.262074, -53.70143 ], [ -73.245351, -53.715753 ], [ -73.260732, -53.727146 ], [ -73.310455, -53.742364 ], [ -73.310455, -53.750421 ], [ -73.293324, -53.751235 ], [ -73.279937, -53.756443 ], [ -73.26887, -53.764255 ], [ -73.258656, -53.77337 ], [ -73.252838, -53.786065 ], [ -73.257151, -53.798272 ], [ -73.26891, -53.814711 ], [ -73.276479, -53.817804 ], [ -73.29308, -53.819757 ], [ -73.309722, -53.824314 ], [ -73.317291, -53.835219 ], [ -73.313059, -53.844496 ], [ -73.294301, -53.851821 ], [ -73.290028, -53.862888 ], [ -73.287913, -53.879571 ], [ -73.280873, -53.881524 ], [ -73.268219, -53.88006 ], [ -73.249013, -53.886407 ], [ -73.236399, -53.89658 ], [ -73.240712, -53.899998 ], [ -73.252553, -53.901951 ], [ -73.262074, -53.907485 ], [ -73.26476, -53.919122 ], [ -73.262196, -53.925958 ], [ -73.264719, -53.932061 ], [ -73.282582, -53.941583 ], [ -73.295969, -53.945733 ], [ -73.324452, -53.950616 ], [ -73.337758, -53.955255 ], [ -73.308949, -53.97381 ], [ -73.274403, -53.984063 ], [ -73.204091, -53.989435 ], [ -73.19225, -53.991957 ], [ -73.145375, -54.009942 ], [ -73.135854, -54.01214 ], [ -73.129465, -54.012628 ], [ -73.123443, -54.014337 ], [ -73.115305, -54.02044 ], [ -73.108306, -54.03045 ], [ -73.104075, -54.035333 ], [ -73.098256, -54.037856 ], [ -73.083119, -54.031915 ], [ -73.062408, -54.016697 ], [ -73.044057, -53.999119 ], [ -73.036204, -53.986017 ], [ -73.046213, -53.97381 ], [ -73.091868, -53.951267 ], [ -73.1044, -53.934177 ], [ -73.101674, -53.910414 ], [ -73.076487, -53.875665 ], [ -73.070221, -53.856052 ], [ -73.066477, -53.831313 ], [ -73.05602, -53.812758 ], [ -73.040639, -53.808038 ], [ -73.02184, -53.824314 ], [ -73.016103, -53.861749 ], [ -73.007314, -53.873712 ], [ -72.965484, -53.851983 ], [ -72.955434, -53.857599 ], [ -72.943674, -53.868259 ], [ -72.919423, -53.872735 ], [ -72.897206, -53.867283 ], [ -72.845204, -53.841485 ], [ -72.816274, -53.820977 ], [ -72.801666, -53.817478 ], [ -72.788808, -53.820082 ], [ -72.782867, -53.831801 ], [ -72.80956, -53.859633 ], [ -72.787099, -53.858168 ], [ -72.749501, -53.841567 ], [ -72.727651, -53.838637 ], [ -72.732981, -53.853204 ], [ -72.742543, -53.860935 ], [ -72.768625, -53.872735 ], [ -72.741811, -53.876072 ], [ -72.645131, -53.859633 ], [ -72.662587, -53.872247 ], [ -72.680572, -53.878839 ], [ -72.721425, -53.886407 ], [ -72.743072, -53.89365 ], [ -72.756012, -53.902602 ], [ -72.782867, -53.927992 ], [ -72.84142, -53.947198 ], [ -72.850575, -53.955255 ], [ -72.840159, -53.960382 ], [ -72.776031, -53.975763 ], [ -72.786285, -53.985447 ], [ -72.797353, -53.992283 ], [ -72.809682, -53.995864 ], [ -72.823842, -53.99627 ], [ -72.807769, -54.005792 ], [ -72.772939, -54.016778 ], [ -72.762441, -54.03045 ], [ -72.860951, -54.016778 ], [ -72.885894, -54.023614 ], [ -72.880727, -54.034438 ], [ -72.795969, -54.058364 ], [ -72.826283, -54.067804 ], [ -72.933746, -54.058364 ], [ -73.004506, -54.064548 ], [ -73.026845, -54.074884 ], [ -73.00886, -54.092462 ], [ -72.995107, -54.096856 ], [ -72.984242, -54.096612 ], [ -72.955556, -54.091241 ], [ -72.943715, -54.086684 ], [ -72.936838, -54.085626 ], [ -72.933909, -54.087823 ], [ -72.924794, -54.097101 ], [ -72.919423, -54.099298 ], [ -72.910064, -54.094985 ], [ -72.897125, -54.087335 ], [ -72.885081, -54.083917 ], [ -72.878489, -54.092462 ], [ -72.882802, -54.105645 ], [ -72.896555, -54.112563 ], [ -72.926259, -54.119806 ], [ -72.897369, -54.121189 ], [ -72.843088, -54.133559 ], [ -72.817047, -54.126642 ], [ -72.793528, -54.097263 ], [ -72.786285, -54.092462 ], [ -72.727651, -54.099298 ], [ -72.72411, -54.10117 ], [ -72.714263, -54.103774 ], [ -72.706899, -54.103285 ], [ -72.710601, -54.09588 ], [ -72.711415, -54.091892 ], [ -72.709828, -54.086114 ], [ -72.706776, -54.080987 ], [ -72.703481, -54.07879 ], [ -72.692616, -54.07586 ], [ -72.680043, -54.06878 ], [ -72.658762, -54.051446 ], [ -72.654368, -54.044122 ], [ -72.650258, -54.034845 ], [ -72.644643, -54.026951 ], [ -72.635487, -54.023614 ], [ -72.625722, -54.027439 ], [ -72.623443, -54.036879 ], [ -72.626291, -54.048272 ], [ -72.632069, -54.058364 ], [ -72.608754, -54.076755 ], [ -72.574371, -54.095473 ], [ -72.543284, -54.10003 ], [ -72.529652, -54.075372 ] ] } },
{ "type": "Feature", "properties": { "featurecla": "Coastline", "scalerank": 6, "min_zoom": 5.0 }, "geometry": { "type": "LineString", "coordinates": [ [ -74.145904, -53.242771 ], [ -74.223622, -53.28102 ], [ -74.235951, -53.294041 ], [ -74.237701, -53.298598 ], [ -74.241282, -53.299981 ], [ -74.243723, -53.30283 ], [ -74.242177, -53.310968 ], [ -74.238881, -53.31463 ], [ -74.225087, -53.32464 ], [ -74.217356, -53.32586 ], [ -74.202219, -53.330743 ], [ -74.193715, -53.331476 ], [ -74.188466, -53.329278 ], [ -74.176625, -53.320001 ], [ -74.170481, -53.317804 ], [ -74.145131, -53.315525 ], [ -74.116119, -53.307387 ], [ -74.098012, -53.292657 ], [ -74.10497, -53.270115 ], [ -74.091705, -53.266209 ], [ -74.077748, -53.26393 ], [ -74.065745, -53.260024 ], [ -74.058095, -53.250258 ], [ -74.07079, -53.23089 ], [ -74.095815, -53.228448 ], [ -74.123931, -53.23504 ], [ -74.145904, -53.242771 ] ] } },
{ "type": "Feature", "properties": { "featurecla": "Coastline", "scalerank": 6, "min_zoom": 5.0 }, "geometry": { "type": "LineString", "coordinates": [ [ -73.43342, -52.865411 ], [ -73.449696, -52.872735 ], [ -73.478505, -52.866306 ], [ -73.50886, -52.852472 ], [ -73.529612, -52.838067 ], [ -73.552358, -52.853204 ], [ -73.611724, -52.82171 ], [ -73.632639, -52.831231 ], [ -73.603912, -52.849867 ], [ -73.592437, -52.86061 ], [ -73.601308, -52.865411 ], [ -73.615387, -52.863458 ], [ -73.64623, -52.854425 ], [ -73.674428, -52.85003 ], [ -73.68456, -52.849705 ], [ -73.693512, -52.852797 ], [ -73.704661, -52.862237 ], [ -73.718088, -52.865981 ], [ -73.73648, -52.866469 ], [ -73.748199, -52.869236 ], [ -73.741851, -52.879571 ], [ -73.758901, -52.891697 ], [ -73.798085, -52.898614 ], [ -73.81078, -52.913751 ], [ -73.787343, -52.913181 ], [ -73.728831, -52.893324 ], [ -73.715403, -52.89186 ], [ -73.673329, -52.893324 ], [ -73.661977, -52.891697 ], [ -73.632639, -52.879571 ], [ -73.609609, -52.878106 ], [ -73.596832, -52.879164 ], [ -73.587961, -52.882745 ], [ -73.577219, -52.889337 ], [ -73.568837, -52.889581 ], [ -73.560618, -52.887384 ], [ -73.55012, -52.885919 ], [ -73.501943, -52.885919 ], [ -73.491689, -52.888279 ], [ -73.472483, -52.898126 ], [ -73.460683, -52.900079 ], [ -73.460683, -52.906915 ], [ -73.478383, -52.907322 ], [ -73.489084, -52.912693 ], [ -73.492502, -52.92197 ], [ -73.488637, -52.934259 ], [ -73.476308, -52.945245 ], [ -73.457102, -52.953058 ], [ -73.436269, -52.957289 ], [ -73.419301, -52.957696 ], [ -73.402903, -52.952407 ], [ -73.390126, -52.941583 ], [ -73.381744, -52.927016 ], [ -73.378774, -52.910333 ], [ -73.385325, -52.897638 ], [ -73.43342, -52.865411 ] ] } },
{ "type": "Feature", "properties": { "featurecla": "Coastline", "scalerank": 3, "min_zoom": 0.0 }, "geometry": { "type": "LineString", "coordinates": [ [ -73.207428, -53.317804 ], [ -73.207428, -53.310968 ], [ -73.20344, -53.309666 ], [ -73.194447, -53.304132 ], [ -73.266469, -53.268731 ], [ -73.286244, -53.263279 ], [ -73.343251, -53.272068 ], [ -73.366038, -53.271173 ], [ -73.358266, -53.256443 ], [ -73.363026, -53.253106 ], [ -73.371938, -53.242771 ], [ -73.358754, -53.245294 ], [ -73.320424, -53.242771 ], [ -73.311676, -53.238865 ], [ -73.318023, -53.229913 ], [ -73.337758, -53.214776 ], [ -73.355214, -53.204522 ], [ -73.406077, -53.187595 ], [ -73.392445, -53.180759 ], [ -73.39859, -53.170994 ], [ -73.408111, -53.166681 ], [ -73.420033, -53.165948 ], [ -73.43342, -53.167087 ], [ -73.422027, -53.152439 ], [ -73.435129, -53.140232 ], [ -73.459543, -53.132908 ], [ -73.481801, -53.132908 ], [ -73.497711, -53.143243 ], [ -73.485341, -53.171075 ], [ -73.502309, -53.187595 ], [ -73.491322, -53.193617 ], [ -73.48176, -53.201593 ], [ -73.473866, -53.211114 ], [ -73.468129, -53.222263 ], [ -73.482249, -53.225844 ], [ -73.493031, -53.230157 ], [ -73.499867, -53.238051 ], [ -73.502309, -53.252618 ], [ -73.506581, -53.26393 ], [ -73.516347, -53.261407 ], [ -73.533315, -53.248956 ], [ -73.529775, -53.244317 ], [ -73.532826, -53.233982 ], [ -73.543284, -53.214776 ], [ -73.549672, -53.208103 ], [ -73.577992, -53.187595 ], [ -73.554433, -53.167657 ], [ -73.545237, -53.155857 ], [ -73.54308, -53.141046 ], [ -73.551178, -53.118422 ], [ -73.555491, -53.113946 ], [ -73.567942, -53.103692 ], [ -73.570546, -53.099298 ], [ -73.570546, -53.1124 ], [ -73.595937, -53.110772 ], [ -73.601308, -53.109063 ], [ -73.604848, -53.100356 ], [ -73.602854, -53.091404 ], [ -73.599192, -53.083673 ], [ -73.59789, -53.078871 ], [ -73.608225, -53.066583 ], [ -73.62328, -53.059828 ], [ -73.641103, -53.057224 ], [ -73.659983, -53.057794 ], [ -73.645823, -53.100681 ], [ -73.638824, -53.1124 ], [ -73.61498, -53.131117 ], [ -73.610341, -53.14186 ], [ -73.628896, -53.14658 ], [ -73.63622, -53.141209 ], [ -73.660064, -53.117771 ], [ -73.66983, -53.1124 ], [ -73.682973, -53.107517 ], [ -73.728831, -53.071466 ], [ -73.755523, -53.05755 ], [ -73.772043, -53.052423 ], [ -73.789662, -53.050958 ], [ -73.78954, -53.052992 ], [ -73.792551, -53.057712 ], [ -73.798329, -53.062433 ], [ -73.807037, -53.06463 ], [ -73.814198, -53.061456 ], [ -73.819651, -53.054376 ], [ -73.823964, -53.047296 ], [ -73.82787, -53.044122 ], [ -73.841705, -53.037774 ], [ -73.866038, -53.009535 ], [ -73.875885, -53.003188 ], [ -73.893056, -53.005548 ], [ -73.902333, -53.012302 ], [ -73.904286, -53.023045 ], [ -73.899526, -53.037286 ], [ -73.945465, -53.025323 ], [ -73.961578, -53.023614 ], [ -73.954742, -53.023614 ], [ -73.960032, -53.021417 ], [ -73.964711, -53.018487 ], [ -73.97525, -53.009373 ], [ -73.93932, -53.008477 ], [ -73.934316, -53.003188 ], [ -73.938222, -52.996189 ], [ -73.947133, -52.993097 ], [ -73.967763, -52.989435 ], [ -74.007802, -52.966567 ], [ -74.025624, -52.963556 ], [ -74.029897, -52.982029 ], [ -74.074574, -52.947931 ], [ -74.089345, -52.946547 ], [ -74.132883, -52.934259 ], [ -74.123931, -52.945733 ], [ -74.112375, -52.952569 ], [ -74.083852, -52.961602 ], [ -74.119781, -52.983005 ], [ -74.142974, -52.989679 ], [ -74.153391, -52.978611 ], [ -74.156606, -52.970392 ], [ -74.177602, -52.944513 ], [ -74.188303, -52.940525 ], [ -74.197865, -52.94492 ], [ -74.205719, -52.951837 ], [ -74.211415, -52.955336 ], [ -74.218373, -52.953871 ], [ -74.229644, -52.948175 ], [ -74.235951, -52.947931 ], [ -74.239858, -52.950779 ], [ -74.245107, -52.959731 ], [ -74.248931, -52.961602 ], [ -74.261464, -52.960219 ], [ -74.270985, -52.957615 ], [ -74.326894, -52.924086 ], [ -74.342641, -52.925714 ], [ -74.358795, -52.947931 ], [ -74.401479, -52.921808 ], [ -74.407216, -52.913751 ], [ -74.381174, -52.888604 ], [ -74.370961, -52.872654 ], [ -74.382436, -52.865411 ], [ -74.417877, -52.870864 ], [ -74.43399, -52.868748 ], [ -74.440785, -52.855401 ], [ -74.449127, -52.849379 ], [ -74.489329, -52.835382 ], [ -74.502838, -52.824965 ], [ -74.49767, -52.818455 ], [ -74.494456, -52.8117 ], [ -74.489166, -52.797052 ], [ -74.572133, -52.779067 ], [ -74.598459, -52.769789 ], [ -74.642649, -52.744724 ], [ -74.674428, -52.721287 ], [ -74.685129, -52.717706 ], [ -74.691518, -52.71852 ], [ -74.695221, -52.721449 ], [ -74.697987, -52.725193 ], [ -74.701487, -52.728204 ], [ -74.702056, -52.730564 ], [ -74.700917, -52.739353 ], [ -74.701487, -52.741876 ], [ -74.705881, -52.742771 ], [ -74.7176, -52.740899 ], [ -74.721913, -52.741876 ], [ -74.728139, -52.744887 ], [ -74.735341, -52.746515 ], [ -74.742787, -52.7492 ], [ -74.749867, -52.755548 ], [ -74.730865, -52.772638 ], [ -74.708485, -52.785577 ], [ -74.608713, -52.821384 ], [ -74.592193, -52.83766 ], [ -74.582021, -52.845798 ], [ -74.571156, -52.851739 ], [ -74.582997, -52.864841 ], [ -74.587636, -52.871515 ], [ -74.591624, -52.879571 ], [ -74.589223, -52.880629 ], [ -74.58609, -52.886977 ], [ -74.584869, -52.895685 ], [ -74.596547, -52.922947 ], [ -74.580637, -52.932387 ], [ -74.531077, -52.941583 ], [ -74.524729, -52.940851 ], [ -74.519358, -52.941013 ], [ -74.517079, -52.944513 ], [ -74.517649, -52.958754 ], [ -74.517079, -52.961602 ], [ -74.507558, -52.965916 ], [ -74.499338, -52.968032 ], [ -74.425038, -52.97381 ], [ -74.407216, -52.969008 ], [ -74.407338, -52.987074 ], [ -74.409332, -52.99505 ], [ -74.413442, -53.003188 ], [ -74.402211, -53.011 ], [ -74.402415, -53.01865 ], [ -74.406606, -53.025079 ], [ -74.407216, -53.02988 ], [ -74.397125, -53.03631 ], [ -74.380767, -53.043227 ], [ -74.36559, -53.046319 ], [ -74.358795, -53.040704 ], [ -74.354888, -53.030532 ], [ -74.345855, -53.029555 ], [ -74.336415, -53.03338 ], [ -74.330922, -53.037286 ], [ -74.324941, -53.049005 ], [ -74.325592, -53.059503 ], [ -74.328928, -53.070245 ], [ -74.330922, -53.081964 ], [ -74.327382, -53.092218 ], [ -74.318349, -53.097345 ], [ -74.306304, -53.099216 ], [ -74.293691, -53.099298 ], [ -74.289662, -53.097101 ], [ -74.290191, -53.087335 ], [ -74.286855, -53.085138 ], [ -74.262603, -53.091241 ], [ -74.239858, -53.08294 ], [ -74.232004, -53.072849 ], [ -74.236073, -53.058364 ], [ -74.248931, -53.037286 ], [ -74.219635, -53.047133 ], [ -74.169749, -53.089776 ], [ -74.139394, -53.099298 ], [ -74.130523, -53.096612 ], [ -74.121002, -53.091729 ], [ -74.111195, -53.089614 ], [ -74.101552, -53.09531 ], [ -74.094106, -53.101983 ], [ -74.086293, -53.104913 ], [ -74.067738, -53.105564 ], [ -74.060455, -53.103285 ], [ -74.054433, -53.09352 ], [ -74.04662, -53.091241 ], [ -74.030263, -53.090916 ], [ -74.023549, -53.089044 ], [ -74.016225, -53.085138 ], [ -74.047353, -53.066339 ], [ -74.0572, -53.057794 ], [ -74.03482, -53.056248 ], [ -73.9405, -53.078871 ], [ -73.923085, -53.080336 ], [ -73.912099, -53.07936 ], [ -73.89269, -53.071466 ], [ -73.886057, -53.064874 ], [ -73.884104, -53.058364 ], [ -73.880442, -53.057712 ], [ -73.859364, -53.078302 ], [ -73.83434, -53.109063 ], [ -73.819814, -53.113051 ], [ -73.778432, -53.108168 ], [ -73.769846, -53.109063 ], [ -73.7683, -53.129164 ], [ -73.761138, -53.150649 ], [ -73.744537, -53.165785 ], [ -73.714589, -53.167087 ], [ -73.72643, -53.142511 ], [ -73.728831, -53.132908 ], [ -73.710032, -53.141534 ], [ -73.694895, -53.154555 ], [ -73.666168, -53.187595 ], [ -73.660553, -53.196222 ], [ -73.658681, -53.202732 ], [ -73.654612, -53.206638 ], [ -73.642568, -53.20794 ], [ -73.635487, -53.205011 ], [ -73.621327, -53.191583 ], [ -73.61148, -53.187595 ], [ -73.611643, -53.201349 ], [ -73.605946, -53.211114 ], [ -73.596181, -53.217869 ], [ -73.584218, -53.222263 ], [ -73.599762, -53.227634 ], [ -73.600006, -53.241469 ], [ -73.590728, -53.257745 ], [ -73.577992, -53.270115 ], [ -73.55842, -53.27809 ], [ -73.514475, -53.284601 ], [ -73.494862, -53.290623 ], [ -73.507883, -53.300958 ], [ -73.53185, -53.2999 ], [ -73.581125, -53.290623 ], [ -73.603627, -53.293227 ], [ -73.609609, -53.300063 ], [ -73.60204, -53.309015 ], [ -73.584218, -53.317804 ], [ -73.559641, -53.323663 ], [ -73.478098, -53.32464 ], [ -73.457997, -53.320001 ], [ -73.444895, -53.308526 ], [ -73.433909, -53.294692 ], [ -73.420318, -53.283136 ], [ -73.401723, -53.302667 ], [ -73.375152, -53.324395 ], [ -73.34557, -53.342869 ], [ -73.317291, -53.352634 ], [ -73.310455, -53.350763 ], [ -73.303049, -53.345961 ], [ -73.297434, -53.340916 ], [ -73.296213, -53.338311 ], [ -73.289052, -53.341241 ], [ -73.276357, -53.352634 ], [ -73.247182, -53.365167 ], [ -73.230946, -53.368097 ], [ -73.217397, -53.362481 ], [ -73.189443, -53.358168 ], [ -73.107818, -53.36891 ], [ -73.09081, -53.355727 ], [ -73.105458, -53.340916 ], [ -73.139719, -53.327813 ], [ -73.178619, -53.319268 ], [ -73.207428, -53.317804 ] ] } },
{ "type": "Feature", "properties": { "featurecla": "Coastline", "scalerank": 6, "min_zoom": 6.0 }, "geometry": { "type": "LineString", "coordinates": [ [ -73.330963, -52.694024 ], [ -73.362904, -52.703302 ], [ -73.371938, -52.707696 ], [ -73.39981, -52.728204 ], [ -73.38858, -52.7374 ], [ -73.369211, -52.728611 ], [ -73.330963, -52.70086 ], [ -73.330963, -52.694024 ] ] } },
{ "type": "Feature", "properties": { "featurecla": "Coastline", "scalerank": 0, "min_zoom": 0.0 }, "geometry": { "type": "LineString", "coordinates": [ [ -65.155588, -54.640558 ], [ -65.309316, -54.62656 ], [ -65.379709, -54.644789 ], [ -65.406239, -54.645278 ], [ -65.456899, -54.640558 ], [ -65.69811, -54.662367 ], [ -65.767934, -54.650486 ], [ -65.844228, -54.647393 ], [ -65.854807, -54.644708 ], [ -65.888905, -54.626886 ], [ -65.902943, -54.624282 ], [ -65.930409, -54.622654 ], [ -65.944163, -54.62005 ], [ -66.287465, -54.519464 ], [ -66.376872, -54.48547 ], [ -66.418007, -54.476974 ], [ -66.448245, -54.473408 ], [ -66.482213, -54.4658 ], [ -66.492314, -54.441344 ], [ -66.528226, -54.429649 ], [ -66.554211, -54.404426 ], [ -66.654023, -54.346542 ], [ -66.701731, -54.288263 ], [ -66.766582, -54.249842 ], [ -66.907302, -54.212803 ], [ -66.943056, -54.199919 ], [ -66.961361, -54.181683 ], [ -67.027323, -54.155868 ], [ -67.140844, -54.123398 ], [ -67.29776, -54.053806 ], [ -67.571523, -53.907973 ], [ -67.583363, -53.893243 ], [ -67.587758, -53.869317 ], [ -67.577014, -53.85176 ], [ -67.549239, -53.847408 ], [ -67.558248, -53.836189 ], [ -67.630274, -53.813181 ], [ -67.660151, -53.800079 ], [ -67.68271, -53.803339 ], [ -67.708779, -53.804568 ], [ -67.698648, -53.790117 ], [ -67.702461, -53.774746 ], [ -67.724355, -53.759535 ], [ -67.793784, -53.727174 ], [ -67.983632, -53.601332 ], [ -67.992421, -53.588474 ], [ -68.047678, -53.523207 ], [ -68.055735, -53.503025 ], [ -68.066274, -53.456801 ], [ -68.078725, -53.437921 ], [ -68.082509, -53.429783 ], [ -68.07636, -53.395298 ], [ -68.091905, -53.375618 ], [ -68.111402, -53.343802 ], [ -68.189332, -53.313737 ], [ -68.296074, -53.320169 ], [ -68.364825, -53.30895 ], [ -68.410646, -53.299929 ], [ -68.451351, -53.297717 ], [ -68.508707, -53.26815 ], [ -68.550751, -53.238537 ], [ -68.563575, -53.202042 ], [ -68.554799, -53.167052 ], [ -68.520715, -53.120631 ], [ -68.460063, -53.086332 ], [ -68.409961, -53.04854 ], [ -68.380876, -53.03101 ], [ -68.349569, -53.016162 ], [ -68.324974, -53.008048 ], [ -68.30484, -53.006669 ], [ -68.280426, -53.015395 ], [ -68.252838, -53.087172 ], [ -68.241322, -53.108331 ], [ -68.23054, -53.118585 ], [ -68.225819, -53.102472 ], [ -68.229237, -53.087335 ], [ -68.265981, -52.980645 ], [ -68.285878, -52.943536 ], [ -68.311431, -52.912042 ], [ -68.341868, -52.885919 ], [ -68.410308, -52.848565 ], [ -68.428131, -52.834649 ], [ -68.492747, -52.762872 ], [ -68.557851, -52.704278 ], [ -68.566029, -52.69492 ], [ -68.585805, -52.662774 ], [ -68.594879, -52.654229 ], [ -68.627594, -52.639581 ], [ -68.628407, -52.639255 ], [ -68.656321, -52.626397 ], [ -68.673899, -52.615411 ], [ -68.745961, -52.556899 ], [ -68.767405, -52.548435 ], [ -68.779026, -52.548254 ], [ -68.792609, -52.557803 ], [ -68.800631, -52.574892 ], [ -68.813158, -52.591282 ], [ -68.835804, -52.604899 ], [ -68.877663, -52.623235 ], [ -68.920657, -52.640175 ], [ -68.965865, -52.650932 ], [ -69.020253, -52.65016 ], [ -69.088531, -52.680352 ], [ -69.140248, -52.68377 ], [ -69.185943, -52.667739 ], [ -69.225942, -52.639255 ], [ -69.276224, -52.579816 ], [ -69.297301, -52.563245 ], [ -69.318241, -52.539829 ], [ -69.328066, -52.524703 ], [ -69.344565, -52.506105 ], [ -69.374159, -52.47029 ], [ -69.396316, -52.455745 ], [ -69.417565, -52.451472 ], [ -69.429555, -52.454848 ], [ -69.440541, -52.458917 ], [ -69.45226, -52.46502 ], [ -69.471303, -52.47088 ], [ -69.506947, -52.488539 ], [ -69.583892, -52.509861 ], [ -69.603871, -52.521173 ], [ -69.618153, -52.53753 ], [ -69.623606, -52.560317 ], [ -69.617909, -52.579685 ], [ -69.607249, -52.596938 ], [ -69.60143, -52.615655 ], [ -69.591011, -52.641873 ], [ -69.604653, -52.654864 ], [ -69.618297, -52.667845 ], [ -69.640382, -52.685773 ], [ -69.672819, -52.716686 ], [ -69.691559, -52.732613 ], [ -69.700308, -52.747632 ], [ -69.713988, -52.760581 ], [ -69.734351, -52.774459 ], [ -69.784349, -52.777946 ], [ -69.824403, -52.78252 ], [ -69.853216, -52.799299 ], [ -69.9114, -52.847904 ], [ -69.949762, -52.849437 ], [ -70.001133, -52.841734 ], [ -70.046662, -52.810941 ], [ -70.114563, -52.756648 ], [ -70.128615, -52.732282 ], [ -70.160122, -52.729805 ], [ -70.198655, -52.737296 ], [ -70.274729, -52.73561 ], [ -70.368765, -52.745689 ], [ -70.416127, -52.758071 ], [ -70.425893, -52.766371 ], [ -70.425526, -52.776625 ], [ -70.415517, -52.778741 ], [ -70.335846, -52.777032 ], [ -70.28266, -52.798449 ], [ -70.267131, -52.825869 ], [ -70.257202, -52.868296 ], [ -70.286187, -52.882949 ], [ -70.303658, -52.901803 ], [ -70.300891, -52.91493 ], [ -70.275468, -52.906263 ], [ -70.263241, -52.893365 ], [ -70.244496, -52.879164 ], [ -70.229644, -52.869073 ], [ -70.21939, -52.865167 ], [ -70.204823, -52.866306 ], [ -70.177887, -52.872735 ], [ -70.172515, -52.875584 ], [ -70.161936, -52.884047 ], [ -70.154897, -52.885919 ], [ -70.148997, -52.884454 ], [ -70.143788, -52.881524 ], [ -70.138173, -52.879164 ], [ -70.130727, -52.879571 ], [ -70.110422, -52.887791 ], [ -70.089175, -52.911063 ], [ -70.098091, -52.946176 ], [ -70.10898, -52.963018 ], [ -70.116337, -52.981021 ], [ -70.134229, -53.011951 ], [ -70.183495, -53.029381 ], [ -70.243452, -53.061725 ], [ -70.296963, -53.057919 ], [ -70.323945, -53.061536 ], [ -70.335239, -53.051296 ], [ -70.318044, -53.041492 ], [ -70.315715, -53.026428 ], [ -70.330393, -53.017142 ], [ -70.342926, -53.00628 ], [ -70.32934, -52.992999 ], [ -70.313714, -52.980147 ], [ -70.314865, -52.968048 ], [ -70.328113, -52.964832 ], [ -70.34004, -52.969679 ], [ -70.362411, -52.98342 ], [ -70.3949, -52.998008 ], [ -70.418993, -53.011716 ], [ -70.426404, -53.026714 ], [ -70.432267, -53.044736 ], [ -70.431817, -53.070934 ], [ -70.440191, -53.106061 ], [ -70.436205, -53.128295 ], [ -70.433951, -53.151514 ], [ -70.434777, -53.168642 ], [ -70.447192, -53.181556 ], [ -70.452882, -53.194578 ], [ -70.462591, -53.220654 ], [ -70.461764, -53.272145 ], [ -70.473541, -53.309259 ], [ -70.466786, -53.329522 ], [ -70.459096, -53.345147 ], [ -70.442535, -53.362481 ], [ -70.419586, -53.375584 ], [ -70.393422, -53.383722 ], [ -70.367177, -53.386814 ], [ -70.344716, -53.391778 ], [ -70.328521, -53.404067 ], [ -70.301991, -53.434503 ], [ -70.280181, -53.450372 ], [ -70.256703, -53.461033 ], [ -70.230946, -53.466892 ], [ -70.202707, -53.468683 ], [ -70.179555, -53.463962 ], [ -70.139027, -53.441664 ], [ -70.116444, -53.434503 ], [ -70.058705, -53.427016 ], [ -70.021602, -53.436326 ], [ -69.987087, -53.417856 ], [ -69.950293, -53.39943 ], [ -69.897822, -53.386644 ], [ -69.80497, -53.382436 ], [ -69.675473, -53.358358 ], [ -69.463307, -53.35636 ], [ -69.397834, -53.354205 ], [ -69.352651, -53.355727 ], [ -69.350901, -53.363214 ], [ -69.333159, -53.38976 ], [ -69.329172, -53.415373 ], [ -69.318613, -53.450523 ], [ -69.324009, -53.492278 ], [ -69.360842, -53.521675 ], [ -69.65144, -53.636231 ], [ -69.806765, -53.665483 ], [ -69.879277, -53.657886 ], [ -69.915777, -53.661475 ], [ -69.925464, -53.678857 ], [ -69.980364, -53.687585 ], [ -70.05872, -53.712122 ], [ -70.136952, -53.738702 ], [ -70.17516, -53.760512 ], [ -70.185292, -53.811293 ], [ -70.178212, -53.833429 ], [ -70.155914, -53.873712 ], [ -70.147084, -53.922296 ], [ -70.13622, -53.937677 ], [ -70.12092, -53.95086 ], [ -70.103383, -53.969496 ], [ -70.082997, -54.012302 ], [ -70.073598, -54.052341 ], [ -70.056752, -54.087009 ], [ -70.014027, -54.113539 ], [ -69.973215, -54.118748 ], [ -69.925852, -54.137628 ], [ -69.921213, -54.140313 ], [ -69.912343, -54.142836 ], [ -69.883656, -54.16131 ], [ -69.616811, -54.222263 ], [ -69.58495, -54.222426 ], [ -69.568512, -54.224786 ], [ -69.557729, -54.237481 ], [ -69.538726, -54.253595 ], [ -69.531117, -54.256931 ], [ -69.506907, -54.260024 ], [ -69.279612, -54.321547 ], [ -69.232533, -54.345798 ], [ -69.194, -54.37184 ], [ -69.171742, -54.38242 ], [ -69.091379, -54.391371 ], [ -69.040761, -54.407159 ], [ -68.989003, -54.43141 ], [ -68.991689, -54.440525 ], [ -68.996734, -54.450942 ], [ -68.996409, -54.45908 ], [ -68.994944, -54.468438 ], [ -69.009674, -54.471449 ], [ -69.040761, -54.469334 ], [ -69.07018, -54.452895 ], [ -69.082346, -54.448663 ], [ -69.098134, -54.447198 ], [ -69.147532, -54.448663 ], [ -69.15746, -54.453058 ], [ -69.164377, -54.462498 ], [ -69.169667, -54.471775 ], [ -69.174875, -54.476007 ], [ -69.17516, -54.487726 ], [ -69.160064, -54.542169 ], [ -69.15746, -54.558526 ], [ -69.169911, -54.57822 ], [ -69.18163, -54.572849 ], [ -69.202138, -54.541192 ], [ -69.224436, -54.527276 ], [ -69.247548, -54.525486 ], [ -69.269439, -54.532403 ], [ -69.287831, -54.545017 ], [ -69.303212, -54.563409 ], [ -69.316477, -54.583429 ], [ -69.331654, -54.599705 ], [ -69.352651, -54.606378 ], [ -69.373036, -54.615899 ], [ -69.372548, -54.638116 ], [ -69.368235, -54.663181 ], [ -69.377187, -54.681573 ], [ -69.388173, -54.676039 ], [ -69.39509, -54.668227 ], [ -69.39623, -54.658624 ], [ -69.390207, -54.647393 ], [ -69.41747, -54.623305 ], [ -69.380279, -54.589288 ], [ -69.373647, -54.57936 ], [ -69.365224, -54.560479 ], [ -69.356068, -54.551202 ], [ -69.34496, -54.545017 ], [ -69.308258, -54.531345 ], [ -69.291412, -54.517836 ], [ -69.276275, -54.501886 ], [ -69.259145, -54.488539 ], [ -69.236318, -54.482843 ], [ -69.226674, -54.476983 ], [ -69.227854, -54.4638 ], [ -69.23412, -54.44964 ], [ -69.23998, -54.441339 ], [ -69.249582, -54.436456 ], [ -69.287831, -54.427667 ], [ -69.500478, -54.342218 ], [ -69.522939, -54.337498 ], [ -69.543609, -54.341241 ], [ -69.565256, -54.356052 ], [ -69.570872, -54.372817 ], [ -69.558746, -54.38893 ], [ -69.527984, -54.414646 ], [ -69.522043, -54.436456 ], [ -69.536, -54.442071 ], [ -69.558583, -54.436456 ], [ -69.578603, -54.424493 ], [ -69.582021, -54.419041 ], [ -69.584137, -54.406915 ], [ -69.588775, -54.400974 ], [ -69.59435, -54.398126 ], [ -69.605458, -54.39544 ], [ -69.609934, -54.393487 ], [ -69.629262, -54.382094 ], [ -69.637196, -54.376072 ], [ -69.643422, -54.366795 ], [ -69.638051, -54.35589 ], [ -69.652415, -54.340997 ], [ -69.691884, -54.317804 ], [ -69.747141, -54.304783 ], [ -69.776479, -54.292739 ], [ -69.835113, -54.279962 ], [ -69.85912, -54.280369 ], [ -69.87682, -54.297296 ], [ -69.881947, -54.312677 ], [ -69.877797, -54.316827 ], [ -69.868235, -54.318048 ], [ -69.857004, -54.325291 ], [ -69.850942, -54.33294 ], [ -69.848948, -54.33766 ], [ -69.849517, -54.349216 ], [ -69.844309, -54.36004 ], [ -69.821197, -54.368585 ], [ -69.813791, -54.379571 ], [ -69.809885, -54.381524 ], [ -69.808013, -54.384373 ], [ -69.822174, -54.404067 ], [ -69.815541, -54.421157 ], [ -69.799306, -54.433201 ], [ -69.779124, -54.443455 ], [ -69.760813, -54.455662 ], [ -69.746816, -54.46852 ], [ -69.741322, -54.47796 ], [ -69.740305, -54.489679 ], [ -69.745717, -54.498712 ], [ -69.763783, -54.519708 ], [ -69.764231, -54.52752 ], [ -69.756663, -54.536391 ], [ -69.75414, -54.542901 ], [ -69.757476, -54.548517 ], [ -69.767568, -54.554864 ], [ -69.77538, -54.554864 ], [ -69.790273, -54.540948 ], [ -69.801747, -54.53753 ], [ -69.793691, -54.523533 ], [ -69.784779, -54.502862 ], [ -69.785227, -54.484145 ], [ -69.811879, -54.473891 ], [ -69.818267, -54.469985 ], [ -69.824859, -54.468357 ], [ -69.836049, -54.475356 ], [ -69.848785, -54.481622 ], [ -69.853179, -54.482843 ], [ -69.857981, -54.485935 ], [ -69.874257, -54.499607 ], [ -69.883656, -54.503351 ], [ -69.884023, -54.46087 ], [ -69.880238, -54.455662 ], [ -69.872874, -54.449314 ], [ -69.870595, -54.435154 ], [ -69.874867, -54.420994 ], [ -69.887074, -54.414646 ], [ -69.904286, -54.41074 ], [ -69.907582, -54.401462 ], [ -69.906728, -54.390069 ], [ -69.91161, -54.379815 ], [ -69.924672, -54.373793 ], [ -69.938588, -54.373224 ], [ -69.966868, -54.379815 ], [ -69.952545, -54.352634 ], [ -69.973948, -54.34531 ], [ -69.976959, -54.33172 ], [ -69.972971, -54.314711 ], [ -69.973012, -54.297296 ], [ -69.983225, -54.283868 ], [ -70.000071, -54.272393 ], [ -70.034495, -54.256931 ], [ -70.055491, -54.250177 ], [ -70.072987, -54.248793 ], [ -70.090199, -54.253188 ], [ -70.110219, -54.263116 ], [ -70.12678, -54.2763 ], [ -70.132965, -54.287367 ], [ -70.139882, -54.296645 ], [ -70.158599, -54.304783 ], [ -70.19286, -54.311619 ], [ -70.199045, -54.320571 ], [ -70.185292, -54.3388 ], [ -70.165761, -54.349298 ], [ -70.095937, -54.359308 ], [ -70.074818, -54.369806 ], [ -70.072906, -54.377618 ], [ -70.086049, -54.383233 ], [ -70.135732, -54.38836 ], [ -70.144643, -54.391371 ], [ -70.136871, -54.427667 ], [ -70.150461, -54.423923 ], [ -70.192128, -54.400974 ], [ -70.226796, -54.369236 ], [ -70.245961, -54.357192 ], [ -70.288808, -54.349379 ], [ -70.299916, -54.342055 ], [ -70.310292, -54.333103 ], [ -70.322499, -54.325291 ], [ -70.424631, -54.293064 ], [ -70.540435, -54.256524 ], [ -70.932688, -54.113539 ], [ -70.928212, -54.126723 ], [ -70.917348, -54.142673 ], [ -70.902903, -54.155857 ], [ -70.887929, -54.16131 ], [ -70.869293, -54.165297 ], [ -70.822743, -54.195489 ], [ -70.858266, -54.188409 ], [ -70.876698, -54.182061 ], [ -70.891672, -54.174412 ], [ -70.898508, -54.181817 ], [ -70.887522, -54.198907 ], [ -70.880442, -54.222426 ], [ -70.86856, -54.246189 ], [ -70.843251, -54.263116 ], [ -70.8072, -54.269464 ], [ -70.65803, -54.264093 ], [ -70.577707, -54.274835 ], [ -70.55248, -54.287367 ], [ -70.510325, -54.320896 ], [ -70.498118, -54.340997 ], [ -70.513661, -54.359308 ], [ -70.50178, -54.36712 ], [ -70.459096, -54.383233 ], [ -70.458404, -54.406996 ], [ -70.455678, -54.416274 ], [ -70.449371, -54.424493 ], [ -70.427642, -54.437677 ], [ -70.252512, -54.486098 ], [ -70.20873, -54.512302 ], [ -70.153554, -54.529962 ], [ -70.130727, -54.545017 ], [ -70.175771, -54.54046 ], [ -70.260162, -54.504978 ], [ -70.301991, -54.496515 ], [ -70.290598, -54.517999 ], [ -70.27599, -54.532403 ], [ -70.257151, -54.542657 ], [ -70.233144, -54.551202 ], [ -70.24942, -54.575372 ], [ -70.280629, -54.5617 ], [ -70.329335, -54.517022 ], [ -70.346262, -54.506931 ], [ -70.395741, -54.486586 ], [ -70.439768, -54.478448 ], [ -70.458892, -54.467706 ], [ -70.494456, -54.441339 ], [ -70.528879, -54.430759 ], [ -70.542348, -54.42197 ], [ -70.555002, -54.415785 ], [ -70.559234, -54.414646 ], [ -70.562123, -54.412693 ], [ -70.563832, -54.402032 ], [ -70.565826, -54.397231 ], [ -70.585194, -54.390558 ], [ -70.610463, -54.399021 ], [ -70.634836, -54.414239 ], [ -70.651438, -54.427667 ], [ -70.67691, -54.457127 ], [ -70.696929, -54.494806 ], [ -70.701161, -54.533461 ], [ -70.678782, -54.565525 ], [ -70.650624, -54.582127 ], [ -70.64151, -54.589288 ], [ -70.634023, -54.600274 ], [ -70.641469, -54.602797 ], [ -70.684234, -54.594334 ], [ -70.705149, -54.581476 ], [ -70.740224, -54.551202 ], [ -70.748158, -54.562677 ], [ -70.757395, -54.593357 ], [ -70.764394, -54.599542 ], [ -70.771962, -54.594903 ], [ -70.777455, -54.58408 ], [ -70.78067, -54.571547 ], [ -70.781809, -54.561944 ], [ -70.774078, -54.544122 ], [ -70.719716, -54.496515 ], [ -70.711578, -54.480727 ], [ -70.712554, -54.469334 ], [ -70.71703, -54.458591 ], [ -70.719716, -54.445001 ], [ -70.721669, -54.441827 ], [ -70.725575, -54.438897 ], [ -70.728383, -54.434828 ], [ -70.727162, -54.427667 ], [ -70.723459, -54.425714 ], [ -70.707753, -54.420668 ], [ -70.702626, -54.418064 ], [ -70.610463, -54.3388 ], [ -70.619211, -54.334731 ], [ -70.628041, -54.332452 ], [ -70.648346, -54.331476 ], [ -70.654124, -54.330011 ], [ -70.664662, -54.324965 ], [ -70.671946, -54.325291 ], [ -70.675689, -54.327732 ], [ -70.682118, -54.336521 ], [ -70.685618, -54.3388 ], [ -70.724843, -54.346856 ], [ -70.745513, -54.34531 ], [ -70.74767, -54.331476 ], [ -70.771392, -54.319513 ], [ -70.800649, -54.315851 ], [ -70.860341, -54.317804 ], [ -70.883941, -54.323989 ], [ -70.906728, -54.336033 ], [ -70.929311, -54.344171 ], [ -70.952504, -54.3388 ], [ -70.936391, -54.389093 ], [ -70.934153, -54.415948 ], [ -70.949696, -54.427667 ], [ -70.961537, -54.431248 ], [ -70.966176, -54.440525 ], [ -70.966176, -54.465916 ], [ -70.972401, -54.469008 ], [ -71.010854, -54.448663 ], [ -71.125152, -54.433526 ], [ -71.144887, -54.435154 ], [ -71.139556, -54.451349 ], [ -71.09024, -54.510837 ], [ -71.130849, -54.491469 ], [ -71.149892, -54.476983 ], [ -71.167307, -54.441339 ], [ -71.18928, -54.428481 ], [ -71.300649, -54.390232 ], [ -71.33141, -54.384454 ], [ -71.352122, -54.375177 ], [ -71.364613, -54.372979 ], [ -71.3756, -54.376397 ], [ -71.383127, -54.382745 ], [ -71.391469, -54.385919 ], [ -71.404937, -54.379815 ], [ -71.409088, -54.387872 ], [ -71.415395, -54.39422 ], [ -71.423451, -54.398614 ], [ -71.432932, -54.400974 ], [ -71.405995, -54.413018 ], [ -71.344879, -54.417657 ], [ -71.323069, -54.427667 ], [ -71.335846, -54.438572 ], [ -71.367014, -54.444431 ], [ -71.389272, -54.457289 ], [ -71.396962, -54.457208 ], [ -71.402699, -54.452813 ], [ -71.404937, -54.445001 ], [ -71.406402, -54.436944 ], [ -71.410553, -54.435235 ], [ -71.417226, -54.435968 ], [ -71.434885, -54.43377 ], [ -71.452016, -54.435317 ], [ -71.459584, -54.435154 ], [ -71.496571, -54.424086 ], [ -71.520009, -54.409601 ], [ -71.535308, -54.407159 ], [ -71.526275, -54.413263 ], [ -71.517974, -54.42254 ], [ -71.514027, -54.43377 ], [ -71.517934, -54.445001 ], [ -71.52892, -54.448337 ], [ -71.544179, -54.443455 ], [ -71.559153, -54.435154 ], [ -71.569447, -54.427667 ], [ -71.58731, -54.405369 ], [ -71.598256, -54.401056 ], [ -71.614125, -54.410903 ], [ -71.617828, -54.420668 ], [ -71.614898, -54.431899 ], [ -71.60912, -54.442153 ], [ -71.604156, -54.448663 ], [ -71.579661, -54.462091 ], [ -71.516713, -54.46502 ], [ -71.494293, -54.476007 ], [ -71.495229, -54.493748 ], [ -71.562489, -54.491795 ], [ -71.563222, -54.510837 ], [ -71.614858, -54.501397 ], [ -71.689198, -54.440199 ], [ -71.734527, -54.427667 ], [ -71.734527, -54.421482 ], [ -71.715199, -54.414809 ], [ -71.725006, -54.40545 ], [ -71.749135, -54.397149 ], [ -71.772084, -54.393487 ], [ -71.786448, -54.39658 ], [ -71.79426, -54.403253 ], [ -71.798695, -54.410414 ], [ -71.802846, -54.414646 ], [ -71.813873, -54.416192 ], [ -71.850657, -54.414646 ], [ -71.842885, -54.419122 ], [ -71.836985, -54.424981 ], [ -71.832753, -54.432224 ], [ -71.830149, -54.441339 ], [ -71.846425, -54.441095 ], [ -71.852854, -54.445977 ], [ -71.850657, -54.454522 ], [ -71.840688, -54.465916 ], [ -71.830678, -54.469008 ], [ -71.781728, -54.476007 ], [ -71.75886, -54.471938 ], [ -71.737782, -54.465509 ], [ -71.716664, -54.46266 ], [ -71.693593, -54.469334 ], [ -71.691274, -54.491388 ], [ -71.657623, -54.513604 ], [ -71.583119, -54.545017 ], [ -71.631703, -54.546808 ], [ -71.710683, -54.510512 ], [ -71.748199, -54.510837 ], [ -71.740305, -54.518324 ], [ -71.716868, -54.548028 ], [ -71.706288, -54.554864 ], [ -71.683095, -54.563735 ], [ -71.671864, -54.57171 ], [ -71.705922, -54.568943 ], [ -71.79601, -54.545017 ], [ -71.831858, -54.542413 ], [ -71.849762, -54.538181 ], [ -71.857411, -54.52752 ], [ -71.85969, -54.512791 ], [ -71.865834, -54.501397 ], [ -71.885365, -54.482843 ], [ -71.912099, -54.476007 ], [ -71.91511, -54.472914 ], [ -71.91747, -54.468438 ], [ -71.921457, -54.464288 ], [ -71.941803, -54.460219 ], [ -71.9735, -54.448663 ], [ -72.002349, -54.45908 ], [ -71.990061, -54.478611 ], [ -71.940012, -54.510837 ], [ -71.951283, -54.511977 ], [ -71.968739, -54.510512 ], [ -71.986399, -54.506524 ], [ -71.998362, -54.499933 ], [ -72.004018, -54.498956 ], [ -72.007721, -54.505304 ], [ -72.006703, -54.513116 ], [ -71.998362, -54.517022 ], [ -71.980946, -54.531345 ], [ -71.989573, -54.539483 ], [ -71.996693, -54.548028 ], [ -72.001088, -54.558282 ], [ -72.001454, -54.57171 ], [ -71.947865, -54.549981 ], [ -71.932525, -54.551202 ], [ -71.953277, -54.564874 ], [ -71.946645, -54.570571 ], [ -71.912099, -54.57171 ], [ -71.901845, -54.570001 ], [ -71.893788, -54.56699 ], [ -71.88976, -54.568129 ], [ -71.891591, -54.579197 ], [ -71.895497, -54.585056 ], [ -71.902333, -54.59059 ], [ -71.918935, -54.599542 ], [ -71.914459, -54.60296 ], [ -71.905263, -54.613214 ], [ -71.926869, -54.607354 ], [ -71.944, -54.605076 ], [ -71.960764, -54.606866 ], [ -71.980946, -54.613214 ], [ -71.9735, -54.633233 ], [ -71.961903, -54.647149 ], [ -71.944325, -54.654555 ], [ -71.918935, -54.65488 ], [ -71.870839, -54.647149 ], [ -71.849721, -54.647556 ], [ -71.822662, -54.65488 ], [ -71.809193, -54.648533 ], [ -71.804514, -54.640395 ], [ -71.807362, -54.630955 ], [ -71.816518, -54.62005 ], [ -71.791615, -54.623224 ], [ -71.759592, -54.622817 ], [ -71.740468, -54.61419 ], [ -71.754465, -54.592706 ], [ -71.739735, -54.594822 ], [ -71.713938, -54.603611 ], [ -71.699818, -54.606378 ], [ -71.687652, -54.605727 ], [ -71.66454, -54.600274 ], [ -71.652008, -54.599542 ], [ -71.679921, -54.62184 ], [ -71.685048, -54.634698 ], [ -71.675608, -54.651056 ], [ -71.66983, -54.653985 ], [ -71.661122, -54.655857 ], [ -71.652089, -54.656183 ], [ -71.645172, -54.65488 ], [ -71.639475, -54.649998 ], [ -71.639516, -54.644789 ], [ -71.640614, -54.639418 ], [ -71.637766, -54.633722 ], [ -71.614125, -54.616632 ], [ -71.608469, -54.608494 ], [ -71.609202, -54.602309 ], [ -71.610707, -54.596449 ], [ -71.60733, -54.589288 ], [ -71.597768, -54.580987 ], [ -71.594228, -54.583185 ], [ -71.591135, -54.589288 ], [ -71.583119, -54.592706 ], [ -71.575022, -54.591078 ], [ -71.569895, -54.587823 ], [ -71.564524, -54.585138 ], [ -71.555776, -54.58587 ], [ -71.569325, -54.599705 ], [ -71.584137, -54.618829 ], [ -71.591624, -54.638767 ], [ -71.583119, -54.65488 ], [ -71.574941, -54.648696 ], [ -71.566396, -54.646742 ], [ -71.557851, -54.648696 ], [ -71.549631, -54.65488 ], [ -71.547231, -54.632501 ], [ -71.534169, -54.612563 ], [ -71.515126, -54.59824 ], [ -71.494293, -54.592706 ], [ -71.514027, -54.620782 ], [ -71.521799, -54.637791 ], [ -71.521067, -54.661065 ], [ -71.506581, -54.683526 ], [ -71.487864, -54.687433 ], [ -71.477366, -54.676446 ], [ -71.487538, -54.65488 ], [ -71.468332, -54.654555 ], [ -71.458363, -54.647068 ], [ -71.451894, -54.638116 ], [ -71.44286, -54.633722 ], [ -71.428944, -54.638767 ], [ -71.422719, -54.647556 ], [ -71.417104, -54.6513 ], [ -71.404937, -54.640558 ], [ -71.399892, -54.628025 ], [ -71.398752, -54.614516 ], [ -71.394643, -54.603936 ], [ -71.381093, -54.599542 ], [ -71.368642, -54.603448 ], [ -71.359853, -54.610284 ], [ -71.350453, -54.613458 ], [ -71.336049, -54.606378 ], [ -71.350901, -54.594985 ], [ -71.371938, -54.587498 ], [ -71.412465, -54.579197 ], [ -71.400299, -54.556085 ], [ -71.383046, -54.558852 ], [ -71.361318, -54.568292 ], [ -71.336049, -54.565525 ], [ -71.343658, -54.559828 ], [ -71.3544, -54.5499 ], [ -71.362172, -54.538263 ], [ -71.360911, -54.52752 ], [ -71.347076, -54.517185 ], [ -71.337961, -54.52158 ], [ -71.323069, -54.545017 ], [ -71.297963, -54.55934 ], [ -71.281239, -54.5499 ], [ -71.263051, -54.534356 ], [ -71.233632, -54.531345 ], [ -71.23998, -54.540297 ], [ -71.254791, -54.549981 ], [ -71.261586, -54.558526 ], [ -71.26537, -54.568617 ], [ -71.265004, -54.575128 ], [ -71.262929, -54.580743 ], [ -71.255767, -54.613865 ], [ -71.240387, -54.621026 ], [ -71.218332, -54.621759 ], [ -71.192698, -54.626886 ], [ -71.204335, -54.638442 ], [ -71.218414, -54.644301 ], [ -71.289622, -54.646905 ], [ -71.3037, -54.652439 ], [ -71.302602, -54.667739 ], [ -71.289662, -54.676446 ], [ -71.27009, -54.677423 ], [ -71.233632, -54.675226 ], [ -71.218617, -54.68141 ], [ -71.192128, -54.698907 ], [ -71.179677, -54.702569 ], [ -71.162668, -54.698175 ], [ -71.148264, -54.68727 ], [ -71.104848, -54.637384 ], [ -71.103342, -54.633722 ], [ -71.090077, -54.634942 ], [ -71.086415, -54.641209 ], [ -71.08609, -54.649102 ], [ -71.082834, -54.65488 ], [ -71.072336, -54.659763 ], [ -71.06078, -54.662205 ], [ -71.050038, -54.657403 ], [ -71.04186, -54.640558 ], [ -71.042307, -54.628351 ], [ -71.048085, -54.617446 ], [ -71.055979, -54.606215 ], [ -71.062367, -54.592706 ], [ -71.044057, -54.595961 ], [ -71.015207, -54.615492 ], [ -71.004018, -54.62005 ], [ -70.986155, -54.620864 ], [ -70.976959, -54.62005 ], [ -70.959218, -54.612237 ], [ -70.951568, -54.616388 ], [ -70.947987, -54.623305 ], [ -70.949696, -54.626886 ], [ -70.960846, -54.632013 ], [ -71.000885, -54.661065 ], [ -71.001861, -54.674574 ], [ -70.998158, -54.687107 ], [ -70.995758, -54.700128 ], [ -71.000885, -54.71559 ], [ -71.012318, -54.725763 ], [ -71.02831, -54.735121 ], [ -71.042592, -54.746189 ], [ -71.048695, -54.760919 ], [ -71.042348, -54.775567 ], [ -71.027577, -54.777032 ], [ -71.010406, -54.770603 ], [ -70.950185, -54.721368 ], [ -70.939849, -54.702081 ], [ -70.95995, -54.68906 ], [ -70.944814, -54.672133 ], [ -70.926381, -54.670017 ], [ -70.884185, -54.681573 ], [ -70.856191, -54.68141 ], [ -70.799713, -54.673761 ], [ -70.774322, -54.681573 ], [ -70.808258, -54.693048 ], [ -70.890859, -54.698175 ], [ -70.922109, -54.712579 ], [ -70.927235, -54.738214 ], [ -70.891998, -54.748956 ], [ -70.815907, -54.750421 ], [ -70.79955, -54.747003 ], [ -70.785756, -54.739353 ], [ -70.773264, -54.730239 ], [ -70.76065, -54.723077 ], [ -70.742299, -54.719171 ], [ -70.729156, -54.721775 ], [ -70.71642, -54.726739 ], [ -70.69929, -54.729913 ], [ -70.671457, -54.726739 ], [ -70.638173, -54.71738 ], [ -70.606353, -54.70379 ], [ -70.58259, -54.68906 ], [ -70.594553, -54.682794 ], [ -70.619049, -54.674086 ], [ -70.630971, -54.667739 ], [ -70.54308, -54.623468 ], [ -70.491038, -54.613865 ], [ -70.45287, -54.633722 ], [ -70.545562, -54.697686 ], [ -70.624582, -54.731541 ], [ -70.713246, -54.753839 ], [ -70.779693, -54.760186 ], [ -70.805002, -54.767511 ], [ -70.827382, -54.777439 ], [ -70.837026, -54.787693 ], [ -70.834096, -54.810317 ], [ -70.824941, -54.821466 ], [ -70.788645, -54.835382 ], [ -70.758778, -54.84059 ], [ -70.736806, -54.831313 ], [ -70.717641, -54.818048 ], [ -70.695872, -54.811212 ], [ -70.652252, -54.808201 ], [ -70.627065, -54.801935 ], [ -70.610463, -54.790704 ], [ -70.610504, -54.780694 ], [ -70.581166, -54.778985 ], [ -70.543202, -54.783949 ], [ -70.505442, -54.799493 ], [ -70.462229, -54.80934 ], [ -70.430898, -54.812433 ], [ -70.384592, -54.824884 ], [ -70.381703, -54.827325 ], [ -70.374501, -54.832208 ], [ -70.365346, -54.835219 ], [ -70.356597, -54.832289 ], [ -70.355214, -54.827081 ], [ -70.357086, -54.810479 ], [ -70.356597, -54.804376 ], [ -70.354644, -54.797784 ], [ -70.352773, -54.783949 ], [ -70.350453, -54.777032 ], [ -70.345326, -54.771254 ], [ -70.338246, -54.766534 ], [ -70.331939, -54.761163 ], [ -70.329335, -54.753839 ], [ -70.322418, -54.746515 ], [ -70.289377, -54.727146 ], [ -70.277821, -54.723077 ], [ -70.263092, -54.715265 ], [ -70.254465, -54.699802 ], [ -70.244537, -54.68906 ], [ -70.226308, -54.695082 ], [ -70.238596, -54.714451 ], [ -70.271311, -54.751397 ], [ -70.308339, -54.779962 ], [ -70.323801, -54.79754 ], [ -70.32665, -54.817071 ], [ -70.309438, -54.838556 ], [ -70.277903, -54.853123 ], [ -70.239735, -54.857843 ], [ -70.200307, -54.85475 ], [ -70.164866, -54.845961 ], [ -70.144399, -54.827569 ], [ -70.142934, -54.807061 ], [ -70.138783, -54.797133 ], [ -70.110219, -54.811212 ], [ -70.105946, -54.794203 ], [ -70.096547, -54.780938 ], [ -70.087148, -54.778578 ], [ -70.082916, -54.794529 ], [ -70.086781, -54.80641 ], [ -70.094106, -54.820571 ], [ -70.098297, -54.835382 ], [ -70.092844, -54.849054 ], [ -70.080068, -54.849867 ], [ -69.993276, -54.835056 ], [ -69.982249, -54.83115 ], [ -69.978505, -54.822198 ], [ -69.979848, -54.804376 ], [ -69.984609, -54.786879 ], [ -69.997711, -54.756036 ], [ -70.000356, -54.733331 ], [ -69.995229, -54.712172 ], [ -69.983225, -54.690199 ], [ -69.969553, -54.676853 ], [ -69.959381, -54.681573 ], [ -69.958079, -54.69378 ], [ -69.963124, -54.701918 ], [ -69.969797, -54.709405 ], [ -69.973012, -54.719334 ], [ -69.973012, -54.760919 ], [ -69.966624, -54.778416 ], [ -69.950673, -54.796157 ], [ -69.930572, -54.810724 ], [ -69.91161, -54.818617 ], [ -69.88093, -54.822198 ], [ -69.842152, -54.821059 ], [ -69.80899, -54.810968 ], [ -69.794911, -54.787693 ], [ -69.796376, -54.741795 ], [ -69.790842, -54.721449 ], [ -69.774403, -54.71559 ], [ -69.761708, -54.727309 ], [ -69.76061, -54.749282 ], [ -69.767568, -54.794529 ], [ -69.761301, -54.803643 ], [ -69.746816, -54.805759 ], [ -69.730784, -54.803155 ], [ -69.719797, -54.79811 ], [ -69.71467, -54.791762 ], [ -69.713002, -54.784763 ], [ -69.71231, -54.764744 ], [ -69.721303, -54.698175 ], [ -69.716054, -54.68906 ], [ -69.697743, -54.699802 ], [ -69.692128, -54.749688 ], [ -69.678822, -54.764744 ], [ -69.663564, -54.753513 ], [ -69.63915, -54.697686 ], [ -69.627065, -54.692071 ], [ -69.630442, -54.736749 ], [ -69.628733, -54.743585 ], [ -69.625234, -54.751642 ], [ -69.624379, -54.760837 ], [ -69.630442, -54.770929 ], [ -69.641184, -54.773858 ], [ -69.657379, -54.774672 ], [ -69.672353, -54.778009 ], [ -69.678822, -54.787693 ], [ -69.677724, -54.799005 ], [ -69.674428, -54.804783 ], [ -69.661448, -54.815037 ], [ -69.648305, -54.822524 ], [ -69.633534, -54.823907 ], [ -69.617991, -54.823337 ], [ -69.602447, -54.824884 ], [ -69.592519, -54.829034 ], [ -69.561513, -54.845961 ], [ -69.50593, -54.861505 ], [ -69.282704, -54.899102 ], [ -69.130116, -54.942153 ], [ -69.067006, -54.948826 ], [ -68.787994, -54.92018 ], [ -68.760243, -54.911228 ], [ -68.737864, -54.896091 ], [ -68.744496, -54.886407 ], [ -68.794342, -54.873305 ], [ -68.81314, -54.86533 ], [ -68.83845, -54.851007 ], [ -68.860585, -54.835056 ], [ -68.870107, -54.82171 ], [ -68.882965, -54.807712 ], [ -68.965688, -54.790704 ], [ -68.965688, -54.784438 ], [ -68.928578, -54.778497 ], [ -68.739817, -54.847101 ], [ -68.686147, -54.879327 ], [ -68.665842, -54.886407 ], [ -68.654124, -54.886244 ], [ -68.58727, -54.885349 ], [ -68.568227, -54.878351 ], [ -68.571848, -54.862726 ], [ -68.580556, -54.85475 ], [ -68.599477, -54.841404 ], [ -68.609364, -54.832289 ], [ -68.632314, -54.805352 ], [ -68.641998, -54.799168 ], [ -68.643544, -54.79811 ], [ -68.683746, -54.788832 ], [ -68.705474, -54.780694 ], [ -68.712392, -54.770929 ], [ -68.700063, -54.767836 ], [ -68.641876, -54.782973 ], [ -68.636098, -54.784438 ], [ -68.595082, -54.811212 ], [ -68.564605, -54.8388 ], [ -68.546295, -54.848321 ], [ -68.520334, -54.852227 ], [ -68.328236, -54.84238 ], [ -68.314687, -54.832615 ], [ -68.311513, -54.824151 ], [ -68.315175, -54.801365 ], [ -68.302073, -54.792169 ], [ -68.272125, -54.799005 ], [ -68.218984, -54.818617 ], [ -68.123647, -54.823989 ], [ -68.077626, -54.846124 ], [ -67.931956, -54.862481 ], [ -67.667795, -54.880629 ], [ -67.540761, -54.874607 ], [ -67.332753, -54.892267 ], [ -67.030995, -54.905206 ], [ -66.945546, -54.928643 ], [ -66.830922, -54.936456 ], [ -66.802805, -54.94256 ], [ -66.714223, -54.980401 ], [ -66.697621, -54.991876 ], [ -66.680572, -55.007013 ], [ -66.659657, -55.020766 ], [ -66.630067, -55.031097 ], [ -66.540508, -55.051046 ], [ -66.450673, -55.052016 ], [ -66.425038, -55.046319 ], [ -66.371622, -55.037755 ], [ -66.368318, -55.022562 ], [ -66.371633, -55.005478 ], [ -66.317068, -54.994978 ], [ -66.196408, -54.992869 ], [ -66.11706, -54.99553 ], [ -66.060979, -54.983969 ], [ -65.993355, -54.972366 ], [ -65.968768, -54.957094 ], [ -65.950829, -54.939949 ], [ -65.972502, -54.925798 ], [ -65.987558, -54.910683 ], [ -65.966225, -54.902073 ], [ -65.901698, -54.911293 ], [ -65.877115, -54.899801 ], [ -65.81089, -54.915588 ], [ -65.76983, -54.905878 ], [ -65.750006, -54.906714 ], [ -65.731848, -54.907556 ], [ -65.718861, -54.909275 ], [ -65.713979, -54.914727 ], [ -65.710194, -54.921075 ], [ -65.708404, -54.929132 ], [ -65.710805, -54.943455 ], [ -65.710194, -54.948419 ], [ -65.699127, -54.961358 ], [ -65.685699, -54.969171 ], [ -65.669097, -54.971775 ], [ -65.648671, -54.968927 ], [ -65.634755, -54.962091 ], [ -65.628163, -54.952732 ], [ -65.623402, -54.942641 ], [ -65.615142, -54.934177 ], [ -65.580637, -54.928318 ], [ -65.499664, -54.933038 ], [ -65.477406, -54.914239 ], [ -65.485422, -54.894627 ], [ -65.462717, -54.884454 ], [ -65.428578, -54.884047 ], [ -65.401682, -54.893731 ], [ -65.395416, -54.906183 ], [ -65.396718, -54.917413 ], [ -65.392934, -54.92547 ], [ -65.371246, -54.928481 ], [ -65.358957, -54.92669 ], [ -65.34439, -54.921563 ], [ -65.332265, -54.913832 ], [ -65.30606, -54.852227 ], [ -65.297353, -54.845392 ], [ -65.265452, -54.828302 ], [ -65.243398, -54.820977 ], [ -65.244781, -54.811293 ], [ -65.250315, -54.800063 ], [ -65.251454, -54.790704 ], [ -65.243764, -54.78338 ], [ -65.209828, -54.764744 ], [ -65.214223, -54.75921 ], [ -65.219838, -54.748956 ], [ -65.224192, -54.743585 ], [ -65.193715, -54.690199 ], [ -65.186635, -54.681573 ], [ -65.16926, -54.675226 ], [ -65.15038, -54.661065 ], [ -65.141916, -54.646905 ], [ -65.155588, -54.640558 ] ] } },
{ "type": "Feature", "properties": { "featurecla": "Coastline", "scalerank": 3, "min_zoom": 0.0 }, "geometry": { "type": "LineString", "coordinates": [ [ -73.837392, -52.70086 ], [ -73.807037, -52.692966 ], [ -73.796498, -52.687188 ], [ -73.77481, -52.665134 ], [ -73.748525, -52.627862 ], [ -73.736887, -52.592869 ], [ -73.758901, -52.577325 ], [ -73.769846, -52.573175 ], [ -73.781728, -52.563735 ], [ -73.787343, -52.554295 ], [ -73.779408, -52.550063 ], [ -73.750966, -52.550063 ], [ -73.739654, -52.545505 ], [ -73.731923, -52.525323 ], [ -73.724233, -52.517836 ], [ -73.714426, -52.512465 ], [ -73.695668, -52.507582 ], [ -73.688832, -52.500909 ], [ -73.676991, -52.485121 ], [ -73.677887, -52.473321 ], [ -73.707021, -52.440118 ], [ -73.725168, -52.404718 ], [ -73.749094, -52.399835 ], [ -73.774566, -52.407973 ], [ -73.789662, -52.42783 ], [ -73.820302, -52.424249 ], [ -73.855176, -52.419658 ], [ -73.894885, -52.408141 ], [ -73.937736, -52.424851 ], [ -73.975748, -52.426855 ], [ -74.029729, -52.429918 ], [ -74.042254, -52.45119 ], [ -74.03421, -52.475987 ], [ -73.98709, -52.466786 ], [ -73.948119, -52.470025 ], [ -73.943999, -52.482788 ], [ -73.977055, -52.498332 ], [ -74.018422, -52.537774 ], [ -74.049713, -52.563735 ], [ -74.098084, -52.570863 ], [ -74.143834, -52.574533 ], [ -74.184368, -52.586801 ], [ -74.18954, -52.616974 ], [ -74.181549, -52.647949 ], [ -74.127781, -52.665915 ], [ -74.135895, -52.68621 ], [ -74.146965, -52.696617 ], [ -74.143318, -52.706974 ], [ -74.123419, -52.706617 ], [ -74.03817, -52.656689 ], [ -73.994001, -52.611878 ], [ -73.909332, -52.560154 ], [ -73.872182, -52.550063 ], [ -73.884185, -52.565118 ], [ -73.966949, -52.616469 ], [ -73.982167, -52.632501 ], [ -73.982045, -52.653009 ], [ -73.958974, -52.656183 ], [ -73.876332, -52.609959 ], [ -73.844879, -52.597833 ], [ -73.864125, -52.611586 ], [ -73.909779, -52.656427 ], [ -73.939809, -52.676039 ], [ -73.951405, -52.688165 ], [ -73.954742, -52.707696 ], [ -73.94579, -52.716729 ], [ -73.936147, -52.720392 ], [ -73.913197, -52.721368 ], [ -73.906321, -52.719822 ], [ -73.901845, -52.715427 ], [ -73.897939, -52.710626 ], [ -73.89269, -52.707696 ], [ -73.886708, -52.708673 ], [ -73.878041, -52.715427 ], [ -73.872182, -52.715102 ], [ -73.862375, -52.707289 ], [ -73.857818, -52.702732 ], [ -73.8579, -52.70086 ], [ -73.837392, -52.70086 ] ] } },
{ "type": "Feature", "properties": { "featurecla": "Coastline", "scalerank": 5, "min_zoom": 0.0 }, "geometry": { "type": "LineString", "coordinates": [ [ -74.672566, -52.390549 ], [ -74.593839, -52.39482 ], [ -74.573591, -52.36632 ], [ -74.568158, -52.336454 ], [ -74.560429, -52.314848 ], [ -74.54195, -52.289019 ], [ -74.536096, -52.271905 ], [ -74.544422, -52.246159 ], [ -74.577719, -52.235117 ], [ -74.589285, -52.2129 ], [ -74.620676, -52.204278 ], [ -74.64566, -52.204522 ], [ -74.67455, -52.210545 ], [ -74.684071, -52.214288 ], [ -74.759511, -52.214288 ], [ -74.793446, -52.231378 ], [ -74.815175, -52.236586 ], [ -74.832143, -52.217543 ], [ -74.866689, -52.192804 ], [ -74.878977, -52.186944 ], [ -74.900299, -52.190037 ], [ -74.91161, -52.202813 ], [ -74.913401, -52.219496 ], [ -74.906321, -52.234796 ], [ -74.876698, -52.255304 ], [ -74.80666, -52.284244 ], [ -74.800722, -52.301755 ], [ -74.820396, -52.322055 ], [ -74.815413, -52.350447 ], [ -74.784085, -52.367862 ], [ -74.755482, -52.365146 ], [ -74.744519, -52.341825 ], [ -74.713278, -52.342828 ], [ -74.70192, -52.349563 ], [ -74.703521, -52.385928 ], [ -74.672566, -52.390549 ] ] } },
{ "type": "Feature", "properties": { "featurecla": "Coastline", "scalerank": 5, "min_zoom": 6.0 }, "geometry": { "type": "LineString", "coordinates": [ [ -73.769846, -52.379327 ], [ -73.749338, -52.35768 ], [ -73.759389, -52.348077 ], [ -73.781402, -52.341974 ], [ -73.796498, -52.331638 ], [ -73.796051, -52.319024 ], [ -73.780141, -52.298517 ], [ -73.77599, -52.286554 ], [ -73.780263, -52.274835 ], [ -73.789662, -52.265395 ], [ -73.799062, -52.258071 ], [ -73.803334, -52.25213 ], [ -73.815338, -52.241143 ], [ -73.89269, -52.221775 ], [ -73.926869, -52.203383 ], [ -73.950307, -52.197361 ], [ -73.957346, -52.190037 ], [ -73.96288, -52.182794 ], [ -73.971547, -52.179457 ], [ -73.975209, -52.176935 ], [ -73.984242, -52.164483 ], [ -73.989573, -52.159601 ], [ -73.995595, -52.158624 ], [ -74.010081, -52.160577 ], [ -74.016225, -52.159601 ], [ -74.025299, -52.153416 ], [ -74.032786, -52.146661 ], [ -74.042226, -52.14129 ], [ -74.0572, -52.139093 ], [ -74.079172, -52.147719 ], [ -74.092763, -52.166599 ], [ -74.092885, -52.185235 ], [ -74.0537, -52.201349 ], [ -74.020741, -52.239516 ], [ -74.002553, -52.255792 ], [ -73.991078, -52.261163 ], [ -73.966664, -52.268162 ], [ -73.942698, -52.278904 ], [ -73.934967, -52.283949 ], [ -73.9169, -52.300226 ], [ -73.90392, -52.307387 ], [ -73.8579, -52.317966 ], [ -73.851471, -52.323419 ], [ -73.846181, -52.330336 ], [ -73.83845, -52.336114 ], [ -73.824452, -52.338474 ], [ -73.824452, -52.344659 ], [ -73.877512, -52.356378 ], [ -73.885894, -52.361993 ], [ -73.882151, -52.369561 ], [ -73.87267, -52.376153 ], [ -73.847768, -52.387791 ], [ -73.828684, -52.39365 ], [ -73.807118, -52.393243 ], [ -73.786366, -52.387953 ], [ -73.769846, -52.379327 ] ] } },
{ "type": "Feature", "properties": { "featurecla": "Coastline", "scalerank": 3, "min_zoom": 0.5 }, "geometry": { "type": "LineString", "coordinates": [ [ -74.122548, -52.397719 ], [ -74.090403, -52.390558 ], [ -74.057973, -52.374607 ], [ -74.036041, -52.358168 ], [ -74.039418, -52.344171 ], [ -74.019195, -52.344659 ], [ -73.990346, -52.348728 ], [ -73.967763, -52.344659 ], [ -73.982045, -52.331638 ], [ -73.939687, -52.331964 ], [ -73.935699, -52.324884 ], [ -73.951039, -52.307061 ], [ -73.995717, -52.2763 ], [ -74.02302, -52.248305 ], [ -74.041819, -52.23504 ], [ -74.082916, -52.212009 ], [ -74.11913, -52.181817 ], [ -74.236684, -52.10947 ], [ -74.264556, -52.101739 ], [ -74.286773, -52.088637 ], [ -74.297353, -52.084568 ], [ -74.309967, -52.083429 ], [ -74.322174, -52.084649 ], [ -74.344553, -52.090753 ], [ -74.401926, -52.118259 ], [ -74.41686, -52.129002 ], [ -74.414662, -52.142999 ], [ -74.390492, -52.155532 ], [ -74.359853, -52.164158 ], [ -74.338368, -52.166436 ], [ -74.323638, -52.162042 ], [ -74.298166, -52.148858 ], [ -74.283437, -52.145929 ], [ -74.273549, -52.149184 ], [ -74.255198, -52.163263 ], [ -74.242421, -52.166436 ], [ -74.214508, -52.169366 ], [ -74.145904, -52.19378 ], [ -74.165639, -52.193455 ], [ -74.201894, -52.186782 ], [ -74.221669, -52.186944 ], [ -74.203033, -52.202895 ], [ -74.129506, -52.22796 ], [ -74.10497, -52.248305 ], [ -74.134267, -52.248468 ], [ -74.170766, -52.233819 ], [ -74.207102, -52.226332 ], [ -74.235951, -52.248305 ], [ -74.193715, -52.280043 ], [ -74.197092, -52.287693 ], [ -74.205312, -52.295343 ], [ -74.215566, -52.301202 ], [ -74.225087, -52.303643 ], [ -74.238393, -52.305434 ], [ -74.245676, -52.310154 ], [ -74.245351, -52.316583 ], [ -74.235951, -52.324151 ], [ -74.225657, -52.32643 ], [ -74.187489, -52.324151 ], [ -74.19811, -52.35296 ], [ -74.187327, -52.367364 ], [ -74.165761, -52.376153 ], [ -74.144114, -52.388279 ], [ -74.122548, -52.397719 ] ] } },
{ "type": "Feature", "properties": { "featurecla": "Coastline", "scalerank": 6, "min_zoom": 5.0 }, "geometry": { "type": "LineString", "coordinates": [ [ -74.790842, -52.179457 ], [ -74.770375, -52.187595 ], [ -74.749379, -52.182794 ], [ -74.715077, -52.166436 ], [ -74.683583, -52.166681 ], [ -74.671946, -52.163018 ], [ -74.667348, -52.149509 ], [ -74.664215, -52.133722 ], [ -74.656361, -52.122654 ], [ -74.610341, -52.083917 ], [ -74.599233, -52.070245 ], [ -74.601796, -52.06406 ], [ -74.607289, -52.061944 ], [ -74.617787, -52.05934 ], [ -74.628, -52.061619 ], [ -74.632558, -52.073989 ], [ -74.637522, -52.077325 ], [ -74.687652, -52.087823 ], [ -74.749827, -52.119724 ], [ -74.752919, -52.122166 ], [ -74.756947, -52.124119 ], [ -74.764516, -52.11891 ], [ -74.770334, -52.118748 ], [ -74.786366, -52.121352 ], [ -74.793853, -52.123956 ], [ -74.797027, -52.129002 ], [ -74.804189, -52.159275 ], [ -74.803293, -52.172133 ], [ -74.790842, -52.179457 ] ] } },
{ "type": "Feature", "properties": { "featurecla": "Coastline", "scalerank": 6, "min_zoom": 6.0 }, "geometry": { "type": "LineString", "coordinates": [ [ -74.344553, -52.06406 ], [ -74.359731, -52.056817 ], [ -74.407216, -52.043064 ], [ -74.407826, -52.051039 ], [ -74.406402, -52.058364 ], [ -74.40331, -52.064874 ], [ -74.398793, -52.070896 ], [ -74.387807, -52.077244 ], [ -74.372792, -52.078302 ], [ -74.357167, -52.074151 ], [ -74.344553, -52.06406 ] ] } },
{ "type": "Feature", "properties": { "featurecla": "Coastline", "scalerank": 3, "min_zoom": 3.0 }, "geometry": { "type": "LineString", "coordinates": [ [ -74.492299, -51.978692 ], [ -74.496816, -51.969903 ], [ -74.497467, -51.961196 ], [ -74.499867, -51.951837 ], [ -74.509633, -51.940606 ], [ -74.519358, -51.934747 ], [ -74.537099, -51.927423 ], [ -74.543813, -51.920668 ], [ -74.62678, -51.980564 ], [ -74.640004, -51.985284 ], [ -74.646881, -51.992283 ], [ -74.679799, -52.011651 ], [ -74.690907, -52.01572 ], [ -74.707143, -52.0263 ], [ -74.721995, -52.049981 ], [ -74.732493, -52.073663 ], [ -74.735585, -52.084568 ], [ -74.720448, -52.084161 ], [ -74.693267, -52.073175 ], [ -74.666737, -52.068617 ], [ -74.657379, -52.064711 ], [ -74.649485, -52.059259 ], [ -74.643056, -52.053155 ], [ -74.625885, -52.042739 ], [ -74.514068, -52.005304 ], [ -74.493886, -51.992283 ], [ -74.492299, -51.978692 ] ] } },
{ "type": "Feature", "properties": { "featurecla": "Coastline", "scalerank": 6, "min_zoom": 5.0 }, "geometry": { "type": "LineString", "coordinates": [ [ -73.707672, -52.186944 ], [ -73.709096, -52.178969 ], [ -73.708892, -52.160577 ], [ -73.707672, -52.159601 ], [ -73.726715, -52.125665 ], [ -73.758901, -52.08115 ], [ -73.784006, -52.059666 ], [ -73.936635, -51.966404 ], [ -73.951039, -51.961033 ], [ -73.970693, -51.957615 ], [ -73.988596, -51.948826 ], [ -74.019643, -51.923761 ], [ -74.034983, -51.914483 ], [ -74.053293, -51.908461 ], [ -74.064198, -51.910903 ], [ -74.0572, -51.926935 ], [ -74.080719, -51.921482 ], [ -74.09439, -51.927016 ], [ -74.094553, -51.93963 ], [ -74.077707, -51.954767 ], [ -74.098459, -51.95379 ], [ -74.109771, -51.958917 ], [ -74.110219, -51.968927 ], [ -74.098134, -51.98211 ], [ -74.083323, -51.98797 ], [ -74.067006, -51.989923 ], [ -74.052602, -51.994724 ], [ -74.043528, -52.008884 ], [ -74.054758, -52.007013 ], [ -74.065012, -52.004164 ], [ -74.074615, -52.000177 ], [ -74.083852, -51.994561 ], [ -74.091217, -52.000746 ], [ -74.097971, -52.001886 ], [ -74.104807, -51.999282 ], [ -74.112416, -51.994561 ], [ -74.09024, -52.010024 ], [ -74.019643, -52.038018 ], [ -73.964955, -52.05047 ], [ -73.910268, -52.083266 ], [ -73.871246, -52.094903 ], [ -73.81078, -52.139093 ], [ -73.806752, -52.143976 ], [ -73.796498, -52.159601 ], [ -73.751454, -52.190199 ], [ -73.746734, -52.195082 ], [ -73.738149, -52.210707 ], [ -73.72997, -52.221775 ], [ -73.719228, -52.23089 ], [ -73.706939, -52.237888 ], [ -73.694081, -52.242283 ], [ -73.687611, -52.216485 ], [ -73.687856, -52.208103 ], [ -73.691518, -52.201349 ], [ -73.703847, -52.191664 ], [ -73.707672, -52.186944 ] ] } },
{ "type": "Feature", "properties": { "featurecla": "Coastline", "scalerank": 3, "min_zoom": 0.5 }, "geometry": { "type": "LineString", "coordinates": [ [ -74.749867, -52.043064 ], [ -74.726308, -52.007257 ], [ -74.718495, -52.002048 ], [ -74.707143, -51.997817 ], [ -74.695221, -51.98797 ], [ -74.685658, -51.976739 ], [ -74.680979, -51.968438 ], [ -74.697499, -51.969822 ], [ -74.72057, -51.980564 ], [ -74.735585, -51.98211 ], [ -74.727935, -51.968845 ], [ -74.716705, -51.960138 ], [ -74.703725, -51.953058 ], [ -74.690907, -51.944024 ], [ -74.665883, -51.911391 ], [ -74.64094, -51.898207 ], [ -74.623158, -51.879002 ], [ -74.607533, -51.856134 ], [ -74.598459, -51.837498 ], [ -74.605214, -51.837498 ], [ -74.616444, -51.846287 ], [ -74.652699, -51.857843 ], [ -74.660471, -51.868829 ], [ -74.669545, -51.87005 ], [ -74.713246, -51.868585 ], [ -74.728749, -51.872247 ], [ -74.730702, -51.867283 ], [ -74.735585, -51.858575 ], [ -74.729075, -51.847426 ], [ -74.728342, -51.8388 ], [ -74.733876, -51.833185 ], [ -74.746165, -51.831313 ], [ -74.750885, -51.833917 ], [ -74.779897, -51.871677 ], [ -74.833608, -51.985284 ], [ -74.84142, -51.994561 ], [ -74.844879, -51.996759 ], [ -74.845448, -52.002048 ], [ -74.843902, -52.007989 ], [ -74.84142, -52.012302 ], [ -74.835561, -52.01572 ], [ -74.832021, -52.013604 ], [ -74.828969, -52.010024 ], [ -74.824941, -52.008884 ], [ -74.815175, -52.010024 ], [ -74.783355, -52.008884 ], [ -74.800404, -52.025323 ], [ -74.85912, -52.056573 ], [ -74.873402, -52.070896 ], [ -74.888905, -52.09238 ], [ -74.896352, -52.113051 ], [ -74.886383, -52.125584 ], [ -74.870717, -52.13714 ], [ -74.850575, -52.130141 ], [ -74.836171, -52.112074 ], [ -74.838002, -52.090753 ], [ -74.803293, -52.089288 ], [ -74.782948, -52.08294 ], [ -74.768056, -52.068536 ], [ -74.749867, -52.043064 ] ] } },
{ "type": "Feature", "properties": { "featurecla": "Coastline", "scalerank": 5, "min_zoom": 3.0 }, "geometry": { "type": "LineString", "coordinates": [ [ -75.061147, -51.882257 ], [ -75.049306, -51.875421 ], [ -75.023752, -51.869073 ], [ -75.013051, -51.861993 ], [ -75.000885, -51.843845 ], [ -74.975168, -51.776625 ], [ -74.996246, -51.776625 ], [ -74.985748, -51.761407 ], [ -74.973988, -51.7492 ], [ -74.96996, -51.736749 ], [ -74.982655, -51.721449 ], [ -74.998606, -51.714939 ], [ -75.019358, -51.713067 ], [ -75.039784, -51.716404 ], [ -75.054596, -51.724867 ], [ -75.095367, -51.776462 ], [ -75.107574, -51.806899 ], [ -75.092437, -51.824477 ], [ -75.101715, -51.843845 ], [ -75.112864, -51.861505 ], [ -75.119781, -51.878106 ], [ -75.116851, -51.894138 ], [ -75.102122, -51.899509 ], [ -75.087473, -51.898045 ], [ -75.073598, -51.891697 ], [ -75.061147, -51.882257 ] ] } },
{ "type": "Feature", "properties": { "featurecla": "Coastline", "scalerank": 5, "min_zoom": 3.0 }, "geometry": { "type": "LineString", "coordinates": [ [ -74.43456, -51.844903 ], [ -74.392079, -51.863458 ], [ -74.385569, -51.868829 ], [ -74.381012, -51.884373 ], [ -74.369456, -51.89129 ], [ -74.330312, -51.893324 ], [ -74.321278, -51.895603 ], [ -74.313629, -51.898696 ], [ -74.310414, -51.903009 ], [ -74.306386, -51.912856 ], [ -74.297515, -51.915297 ], [ -74.283762, -51.913263 ], [ -74.259755, -51.920994 ], [ -74.251536, -51.927341 ], [ -74.242177, -51.940606 ], [ -74.221791, -51.946059 ], [ -74.194732, -51.950291 ], [ -74.167348, -51.951104 ], [ -74.145904, -51.947361 ], [ -74.135976, -51.939711 ], [ -74.112416, -51.91131 ], [ -74.10497, -51.899591 ], [ -74.096303, -51.877374 ], [ -74.102203, -51.873468 ], [ -74.139068, -51.885349 ], [ -74.160797, -51.886407 ], [ -74.182037, -51.883477 ], [ -74.221669, -51.872247 ], [ -74.201894, -51.871026 ], [ -74.177398, -51.865981 ], [ -74.163075, -51.855564 ], [ -74.173899, -51.837498 ], [ -74.18224, -51.835382 ], [ -74.205312, -51.837986 ], [ -74.214915, -51.837498 ], [ -74.221506, -51.832615 ], [ -74.224517, -51.825779 ], [ -74.228749, -51.819594 ], [ -74.239003, -51.817071 ], [ -74.27892, -51.822198 ], [ -74.297271, -51.821873 ], [ -74.314117, -51.813897 ], [ -74.316029, -51.805759 ], [ -74.312571, -51.795343 ], [ -74.311635, -51.786554 ], [ -74.33019, -51.780206 ], [ -74.329742, -51.774102 ], [ -74.324208, -51.767267 ], [ -74.31786, -51.762384 ], [ -74.357533, -51.769708 ], [ -74.371897, -51.76922 ], [ -74.375844, -51.742283 ], [ -74.415883, -51.727146 ], [ -74.502838, -51.707208 ], [ -74.509633, -51.714614 ], [ -74.494008, -51.722752 ], [ -74.467885, -51.752537 ], [ -74.44815, -51.762384 ], [ -74.44815, -51.76922 ], [ -74.461415, -51.775974 ], [ -74.457387, -51.78753 ], [ -74.443512, -51.798517 ], [ -74.409657, -51.808689 ], [ -74.411122, -51.820977 ], [ -74.422475, -51.834731 ], [ -74.43456, -51.844903 ] ] } },
{ "type": "Feature", "properties": { "featurecla": "Coastline", "scalerank": 6, "min_zoom": 5.0 }, "geometry": { "type": "LineString", "coordinates": [ [ -73.789662, -51.73504 ], [ -73.806549, -51.728448 ], [ -73.839833, -51.733087 ], [ -73.851715, -51.728204 ], [ -73.853342, -51.720147 ], [ -73.844594, -51.702569 ], [ -73.844879, -51.693536 ], [ -73.850575, -51.683852 ], [ -73.853993, -51.683282 ], [ -73.859731, -51.684503 ], [ -73.872182, -51.680434 ], [ -73.90807, -51.662856 ], [ -73.930409, -51.656427 ], [ -73.9405, -51.663181 ], [ -73.940785, -51.677911 ], [ -73.93871, -51.69492 ], [ -73.92984, -51.708754 ], [ -73.909779, -51.714614 ], [ -73.899159, -51.722345 ], [ -73.88679, -51.740167 ], [ -73.876454, -51.759861 ], [ -73.867543, -51.787205 ], [ -73.855377, -51.801446 ], [ -73.838775, -51.812595 ], [ -73.820709, -51.817071 ], [ -73.7954, -51.813897 ], [ -73.794789, -51.805434 ], [ -73.806223, -51.792657 ], [ -73.816965, -51.776625 ], [ -73.807362, -51.77752 ], [ -73.798451, -51.779962 ], [ -73.790273, -51.783949 ], [ -73.782826, -51.789727 ], [ -73.771555, -51.78102 ], [ -73.77123, -51.76572 ], [ -73.778391, -51.748793 ], [ -73.789662, -51.73504 ] ] } },
{ "type": "Feature", "properties": { "featurecla": "Coastline", "scalerank": 3, "min_zoom": 0.0 }, "geometry": { "type": "LineString", "coordinates": [ [ -74.889801, -52.002048 ], [ -74.878651, -51.994561 ], [ -74.857167, -51.962172 ], [ -74.84142, -51.954767 ], [ -74.83434, -51.947361 ], [ -74.831654, -51.929864 ], [ -74.831858, -51.896173 ], [ -74.826324, -51.881524 ], [ -74.80248, -51.857354 ], [ -74.793691, -51.830336 ], [ -74.787587, -51.819268 ], [ -74.784657, -51.806329 ], [ -74.790842, -51.789727 ], [ -74.782826, -51.788751 ], [ -74.770172, -51.784356 ], [ -74.762929, -51.782892 ], [ -74.769439, -51.767673 ], [ -74.771352, -51.751886 ], [ -74.77599, -51.73797 ], [ -74.790842, -51.728204 ], [ -74.777211, -51.7138 ], [ -74.790354, -51.679376 ], [ -74.783355, -51.659356 ], [ -74.793446, -51.644301 ], [ -74.80724, -51.63421 ], [ -74.822825, -51.633233 ], [ -74.838002, -51.645685 ], [ -74.856353, -51.638116 ], [ -74.865061, -51.632501 ], [ -74.872792, -51.625177 ], [ -74.865346, -51.618341 ], [ -74.903432, -51.621026 ], [ -74.92516, -51.636 ], [ -74.922231, -51.655857 ], [ -74.886383, -51.673028 ], [ -74.886383, -51.680434 ], [ -74.891835, -51.684177 ], [ -74.894683, -51.688572 ], [ -74.900054, -51.700942 ], [ -74.888173, -51.702244 ], [ -74.876129, -51.701104 ], [ -74.864125, -51.701349 ], [ -74.852284, -51.707208 ], [ -74.860992, -51.720636 ], [ -74.864491, -51.735528 ], [ -74.859975, -51.748305 ], [ -74.844838, -51.755548 ], [ -74.844838, -51.762384 ], [ -74.857777, -51.765313 ], [ -74.871327, -51.764337 ], [ -74.882069, -51.764907 ], [ -74.886383, -51.773045 ], [ -74.882924, -51.783949 ], [ -74.874257, -51.792169 ], [ -74.852284, -51.803399 ], [ -74.868153, -51.820001 ], [ -74.867502, -51.831801 ], [ -74.854115, -51.838067 ], [ -74.831858, -51.837498 ], [ -74.83845, -51.848321 ], [ -74.857655, -51.866876 ], [ -74.865346, -51.879083 ], [ -74.884918, -51.868748 ], [ -74.914662, -51.864028 ], [ -74.933502, -51.856378 ], [ -74.920522, -51.837498 ], [ -74.957509, -51.815606 ], [ -74.98412, -51.841892 ], [ -75.008168, -51.886814 ], [ -75.037221, -51.920668 ], [ -75.024403, -51.933282 ], [ -75.007721, -51.933201 ], [ -74.988759, -51.928155 ], [ -74.968984, -51.926935 ], [ -74.977691, -51.935805 ], [ -75.009185, -51.946466 ], [ -75.016184, -51.951104 ], [ -75.024729, -51.965997 ], [ -75.062571, -51.969008 ], [ -75.071401, -51.98211 ], [ -75.065256, -51.994561 ], [ -75.051178, -52.007745 ], [ -75.036, -52.018243 ], [ -75.016225, -52.027114 ], [ -75.006907, -52.036228 ], [ -74.994537, -52.041681 ], [ -74.975168, -52.036228 ], [ -74.981109, -52.05283 ], [ -74.992258, -52.065606 ], [ -75.006947, -52.07586 ], [ -75.02359, -52.084568 ], [ -75.013987, -52.104099 ], [ -74.99059, -52.092218 ], [ -74.947865, -52.056573 ], [ -74.973948, -52.099705 ], [ -74.975168, -52.111912 ], [ -74.964223, -52.117608 ], [ -74.949534, -52.11061 ], [ -74.886383, -52.043064 ], [ -74.891713, -52.031915 ], [ -74.901112, -52.018243 ], [ -74.903961, -52.006768 ], [ -74.889801, -52.002048 ] ] } },
{ "type": "Feature", "properties": { "featurecla": "Coastline", "scalerank": 5, "min_zoom": 3.0 }, "geometry": { "type": "LineString", "coordinates": [ [ -73.943918, -51.741306 ], [ -73.947133, -51.738377 ], [ -73.97525, -51.721449 ], [ -73.984039, -51.719903 ], [ -73.993235, -51.721124 ], [ -74.001698, -51.72088 ], [ -74.008778, -51.714614 ], [ -74.007721, -51.702569 ], [ -73.997629, -51.690688 ], [ -73.988922, -51.67783 ], [ -73.992665, -51.663181 ], [ -74.015004, -51.642673 ], [ -74.025502, -51.63006 ], [ -74.029897, -51.615004 ], [ -74.031484, -51.600356 ], [ -74.035878, -51.584161 ], [ -74.042226, -51.56878 ], [ -74.049713, -51.556899 ], [ -74.063791, -51.545831 ], [ -74.082143, -51.538181 ], [ -74.098134, -51.538995 ], [ -74.10497, -51.553318 ], [ -74.100982, -51.565118 ], [ -74.071441, -51.60475 ], [ -74.090932, -51.605645 ], [ -74.123606, -51.603204 ], [ -74.149648, -51.604181 ], [ -74.149648, -51.615004 ], [ -74.140777, -51.625746 ], [ -74.134104, -51.639907 ], [ -74.132476, -51.654555 ], [ -74.139068, -51.666762 ], [ -74.153554, -51.670994 ], [ -74.169057, -51.667901 ], [ -74.183339, -51.667739 ], [ -74.193715, -51.680434 ], [ -74.219106, -51.671319 ], [ -74.235585, -51.681899 ], [ -74.240631, -51.6985 ], [ -74.232249, -51.707208 ], [ -74.049631, -51.79339 ], [ -74.014556, -51.799737 ], [ -73.979848, -51.797133 ], [ -73.939565, -51.779962 ], [ -73.932973, -51.779474 ], [ -73.928538, -51.7763 ], [ -73.926829, -51.765802 ], [ -73.928049, -51.758233 ], [ -73.931386, -51.750258 ], [ -73.936838, -51.74391 ], [ -73.943918, -51.741306 ] ] } },
{ "type": "Feature", "properties": { "featurecla": "Coastline", "scalerank": 6, "min_zoom": 5.0 }, "geometry": { "type": "LineString", "coordinates": [ [ -74.197133, -51.42669 ], [ -74.186635, -51.423923 ], [ -74.176422, -51.413263 ], [ -74.167063, -51.413507 ], [ -74.158925, -51.418878 ], [ -74.137929, -51.447524 ], [ -74.119374, -51.447442 ], [ -74.10969, -51.427992 ], [ -74.107777, -51.4013 ], [ -74.112416, -51.378839 ], [ -74.11852, -51.370375 ], [ -74.138539, -51.348403 ], [ -74.145904, -51.337823 ], [ -74.155141, -51.318455 ], [ -74.158355, -51.308852 ], [ -74.159657, -51.299981 ], [ -74.16511, -51.287042 ], [ -74.177968, -51.283461 ], [ -74.192942, -51.286391 ], [ -74.204254, -51.292739 ], [ -74.216664, -51.293878 ], [ -74.23644, -51.291111 ], [ -74.254628, -51.290785 ], [ -74.262603, -51.299981 ], [ -74.262929, -51.327895 ], [ -74.259999, -51.353123 ], [ -74.248158, -51.371352 ], [ -74.221669, -51.378839 ], [ -74.240468, -51.393976 ], [ -74.238596, -51.409601 ], [ -74.222076, -51.421645 ], [ -74.197133, -51.42669 ] ] } },
{ "type": "Feature", "properties": { "featurecla": "Coastline", "scalerank": 5, "min_zoom": 2.0 }, "geometry": { "type": "LineString", "coordinates": [ [ -75.02359, -51.330987 ], [ -75.031728, -51.330011 ], [ -75.049713, -51.332208 ], [ -75.057729, -51.330987 ], [ -75.063344, -51.326104 ], [ -75.071685, -51.312677 ], [ -75.075103, -51.309991 ], [ -75.079416, -51.307712 ], [ -75.08495, -51.302992 ], [ -75.092356, -51.298435 ], [ -75.102406, -51.296157 ], [ -75.110015, -51.298517 ], [ -75.111806, -51.304295 ], [ -75.111643, -51.311212 ], [ -75.112945, -51.317478 ], [ -75.117177, -51.327407 ], [ -75.124094, -51.352634 ], [ -75.12975, -51.361749 ], [ -75.138661, -51.366143 ], [ -75.148834, -51.36712 ], [ -75.15453, -51.363702 ], [ -75.142405, -51.34002 ], [ -75.126088, -51.286228 ], [ -75.126047, -51.270196 ], [ -75.142405, -51.263849 ], [ -75.163197, -51.274021 ], [ -75.185129, -51.28867 ], [ -75.204823, -51.296157 ], [ -75.219838, -51.305434 ], [ -75.220815, -51.326593 ], [ -75.214508, -51.349705 ], [ -75.207916, -51.365167 ], [ -75.203521, -51.366795 ], [ -75.196645, -51.366388 ], [ -75.190256, -51.367934 ], [ -75.187408, -51.375421 ], [ -75.189443, -51.38128 ], [ -75.194244, -51.38421 ], [ -75.200022, -51.386163 ], [ -75.204823, -51.389093 ], [ -75.216298, -51.403578 ], [ -75.22057, -51.412774 ], [ -75.229644, -51.467543 ], [ -75.227651, -51.475844 ], [ -75.224436, -51.482843 ], [ -75.225331, -51.490655 ], [ -75.235911, -51.501723 ], [ -75.246897, -51.507257 ], [ -75.270375, -51.512872 ], [ -75.280588, -51.519138 ], [ -75.286936, -51.524102 ], [ -75.296051, -51.52988 ], [ -75.30602, -51.534438 ], [ -75.314687, -51.536554 ], [ -75.314687, -51.543145 ], [ -75.322987, -51.571873 ], [ -75.325266, -51.577407 ], [ -75.323842, -51.582208 ], [ -75.318959, -51.590753 ], [ -75.317047, -51.595392 ], [ -75.31664, -51.603936 ], [ -75.317616, -51.613214 ], [ -75.31725, -51.622166 ], [ -75.312896, -51.629164 ], [ -75.307485, -51.631443 ], [ -75.301259, -51.63128 ], [ -75.289418, -51.627862 ], [ -75.251943, -51.607599 ], [ -75.239247, -51.60475 ], [ -75.2058, -51.601739 ], [ -75.208648, -51.591974 ], [ -75.220855, -51.574802 ], [ -75.215403, -51.549493 ], [ -75.189036, -51.565362 ], [ -75.162424, -51.573175 ], [ -75.141754, -51.565037 ], [ -75.133412, -51.53281 ], [ -75.138173, -51.503513 ], [ -75.157704, -51.450616 ], [ -75.160756, -51.42669 ], [ -75.150746, -51.430922 ], [ -75.141957, -51.439223 ], [ -75.135854, -51.450616 ], [ -75.133412, -51.464125 ], [ -75.130605, -51.468032 ], [ -75.12385, -51.471612 ], [ -75.115956, -51.47324 ], [ -75.109527, -51.470961 ], [ -75.108388, -51.466892 ], [ -75.109283, -51.461358 ], [ -75.109527, -51.454685 ], [ -75.106109, -51.447035 ], [ -75.095937, -51.438246 ], [ -75.08727, -51.434015 ], [ -75.081125, -51.426935 ], [ -75.078765, -51.409845 ], [ -75.07079, -51.400649 ], [ -75.052235, -51.404392 ], [ -75.031321, -51.411798 ], [ -75.016184, -51.413507 ], [ -75.006703, -51.404718 ], [ -75.0006, -51.390395 ], [ -74.997222, -51.374688 ], [ -74.996246, -51.361749 ], [ -74.998158, -51.349867 ], [ -75.003529, -51.341892 ], [ -75.012115, -51.336033 ], [ -75.02359, -51.330987 ] ] } },
{ "type": "Feature", "properties": { "featurecla": "Coastline", "scalerank": 6, "min_zoom": 5.0 }, "geometry": { "type": "LineString", "coordinates": [ [ -73.79308, -51.258722 ], [ -73.825347, -51.247979 ], [ -73.864735, -51.258722 ], [ -73.900136, -51.280694 ], [ -73.920644, -51.303643 ], [ -73.900054, -51.313735 ], [ -73.875396, -51.313572 ], [ -73.824452, -51.303643 ], [ -73.83849, -51.315199 ], [ -73.859446, -51.324395 ], [ -73.879954, -51.328302 ], [ -73.89269, -51.324151 ], [ -73.895579, -51.335219 ], [ -73.89037, -51.345636 ], [ -73.881215, -51.353692 ], [ -73.872182, -51.358331 ], [ -73.857249, -51.361505 ], [ -73.843495, -51.360935 ], [ -73.830312, -51.357354 ], [ -73.816965, -51.351495 ], [ -73.815094, -51.359959 ], [ -73.809967, -51.36533 ], [ -73.802561, -51.368585 ], [ -73.793691, -51.371026 ], [ -73.77892, -51.363458 ], [ -73.771799, -51.347589 ], [ -73.766916, -51.329197 ], [ -73.758901, -51.313653 ], [ -73.754872, -51.297621 ], [ -73.765207, -51.282159 ], [ -73.79308, -51.258722 ] ] } },
{ "type": "Feature", "properties": { "featurecla": "Coastline", "scalerank": 3, "min_zoom": 2.0 }, "geometry": { "type": "LineString", "coordinates": [ [ -74.739003, -51.368585 ], [ -74.734039, -51.361912 ], [ -74.728383, -51.351495 ], [ -74.724599, -51.341241 ], [ -74.725331, -51.334405 ], [ -74.734283, -51.325453 ], [ -74.740712, -51.316583 ], [ -74.742055, -51.307061 ], [ -74.735585, -51.296157 ], [ -74.717926, -51.31406 ], [ -74.707631, -51.309015 ], [ -74.699208, -51.294366 ], [ -74.687164, -51.283298 ], [ -74.687367, -51.299086 ], [ -74.684478, -51.31463 ], [ -74.679514, -51.327895 ], [ -74.673492, -51.337823 ], [ -74.666086, -51.345147 ], [ -74.650706, -51.355157 ], [ -74.643056, -51.361749 ], [ -74.640207, -51.370212 ], [ -74.642079, -51.379571 ], [ -74.645253, -51.387872 ], [ -74.64623, -51.392511 ], [ -74.623158, -51.406996 ], [ -74.594228, -51.399509 ], [ -74.543813, -51.365167 ], [ -74.549062, -51.354587 ], [ -74.556711, -51.346612 ], [ -74.566518, -51.341078 ], [ -74.577952, -51.337823 ], [ -74.579945, -51.318292 ], [ -74.623891, -51.280938 ], [ -74.626332, -51.26214 ], [ -74.54898, -51.284356 ], [ -74.555735, -51.250421 ], [ -74.601918, -51.205987 ], [ -74.643056, -51.196954 ], [ -74.65925, -51.204197 ], [ -74.677724, -51.20143 ], [ -74.696889, -51.195896 ], [ -74.715077, -51.19378 ], [ -74.728627, -51.199151 ], [ -74.744537, -51.208185 ], [ -74.760365, -51.214044 ], [ -74.773752, -51.210626 ], [ -74.79308, -51.211196 ], [ -74.817616, -51.22975 ], [ -74.836252, -51.25506 ], [ -74.838002, -51.275811 ], [ -74.861969, -51.283949 ], [ -74.910268, -51.29225 ], [ -74.934193, -51.303643 ], [ -74.951772, -51.316664 ], [ -74.962799, -51.32936 ], [ -74.963775, -51.343683 ], [ -74.951283, -51.361749 ], [ -74.921783, -51.363702 ], [ -74.790842, -51.317478 ], [ -74.798329, -51.330011 ], [ -74.812408, -51.338962 ], [ -74.82844, -51.346368 ], [ -74.84142, -51.354913 ], [ -74.855336, -51.367364 ], [ -74.870269, -51.377537 ], [ -74.967641, -51.422133 ], [ -75.003163, -51.431329 ], [ -75.017934, -51.442804 ], [ -75.024159, -51.456231 ], [ -75.016184, -51.467543 ], [ -75.000478, -51.474705 ], [ -74.985422, -51.474542 ], [ -74.971181, -51.468357 ], [ -74.958119, -51.456964 ], [ -74.945546, -51.448907 ], [ -74.933176, -51.449314 ], [ -74.920277, -51.452569 ], [ -74.906321, -51.453302 ], [ -74.866322, -51.441339 ], [ -74.831858, -51.438735 ], [ -74.798655, -51.432306 ], [ -74.783355, -51.42669 ], [ -74.790842, -51.419692 ], [ -74.739003, -51.368585 ] ] } },
{ "type": "Feature", "properties": { "featurecla": "Coastline", "scalerank": 6, "min_zoom": 5.0 }, "geometry": { "type": "LineString", "coordinates": [ [ -74.865346, -51.121515 ], [ -74.878814, -51.11004 ], [ -74.910024, -51.103123 ], [ -74.944814, -51.101251 ], [ -74.968984, -51.104425 ], [ -74.979848, -51.109959 ], [ -74.989858, -51.116469 ], [ -74.998891, -51.124444 ], [ -75.006744, -51.133559 ], [ -75.016225, -51.147556 ], [ -75.022694, -51.161879 ], [ -75.020497, -51.172784 ], [ -75.003896, -51.175958 ], [ -74.941965, -51.161391 ], [ -74.920806, -51.159112 ], [ -74.891469, -51.160252 ], [ -74.876943, -51.158461 ], [ -74.865346, -51.152276 ], [ -74.860219, -51.143813 ], [ -74.860829, -51.136163 ], [ -74.863637, -51.128676 ], [ -74.865346, -51.121515 ] ] } },
{ "type": "Feature", "properties": { "featurecla": "Coastline", "scalerank": 6, "min_zoom": 5.0 }, "geometry": { "type": "LineString", "coordinates": [ [ -74.420277, -51.111261 ], [ -74.430776, -51.113214 ], [ -74.442372, -51.117771 ], [ -74.454213, -51.119806 ], [ -74.472971, -51.11061 ], [ -74.496938, -51.105239 ], [ -74.506256, -51.104425 ], [ -74.519521, -51.096368 ], [ -74.521148, -51.07822 ], [ -74.512685, -51.059503 ], [ -74.495432, -51.049249 ], [ -74.487416, -51.065362 ], [ -74.473459, -51.069106 ], [ -74.460276, -51.062107 ], [ -74.454416, -51.045831 ], [ -74.458892, -51.034112 ], [ -74.470448, -51.025649 ], [ -74.486073, -51.021254 ], [ -74.502838, -51.021905 ], [ -74.605214, -51.080255 ], [ -74.601715, -51.100518 ], [ -74.591379, -51.129164 ], [ -74.574371, -51.15488 ], [ -74.550933, -51.165948 ], [ -74.520416, -51.168715 ], [ -74.475087, -51.181899 ], [ -74.460032, -51.188897 ], [ -74.455637, -51.191827 ], [ -74.444895, -51.201349 ], [ -74.434153, -51.205824 ], [ -74.423899, -51.205173 ], [ -74.414174, -51.200372 ], [ -74.405141, -51.192641 ], [ -74.389882, -51.169366 ], [ -74.385365, -51.143731 ], [ -74.394521, -51.122247 ], [ -74.420277, -51.111261 ] ] } },
{ "type": "Feature", "properties": { "featurecla": "Coastline", "scalerank": 5, "min_zoom": 3.0 }, "geometry": { "type": "LineString", "coordinates": [ [ -74.248931, -51.234796 ], [ -74.209381, -51.209161 ], [ -74.200551, -51.200128 ], [ -74.196929, -51.175388 ], [ -74.227366, -51.130792 ], [ -74.243479, -51.069268 ], [ -74.276235, -51.023858 ], [ -74.283762, -50.997979 ], [ -74.288197, -50.968194 ], [ -74.30134, -50.939223 ], [ -74.322743, -50.921645 ], [ -74.351959, -50.925714 ], [ -74.346832, -50.936944 ], [ -74.338735, -50.942966 ], [ -74.330556, -50.947198 ], [ -74.324696, -50.953709 ], [ -74.321767, -50.964776 ], [ -74.32311, -50.973565 ], [ -74.330922, -50.994561 ], [ -74.334096, -51.015232 ], [ -74.332875, -51.032159 ], [ -74.316151, -51.110121 ], [ -74.289784, -51.179376 ], [ -74.28539, -51.196466 ], [ -74.283803, -51.214044 ], [ -74.283803, -51.214288 ], [ -74.284576, -51.23561 ], [ -74.27599, -51.243341 ], [ -74.262603, -51.241469 ], [ -74.248931, -51.234796 ] ] } },
{ "type": "Feature", "properties": { "featurecla": "Coastline", "scalerank": 3, "min_zoom": 0.0 }, "geometry": { "type": "LineString", "coordinates": [ [ -74.385569, -50.981052 ], [ -74.404042, -50.950128 ], [ -74.418324, -50.934177 ], [ -74.43456, -50.925714 ], [ -74.404205, -50.890313 ], [ -74.394928, -50.869806 ], [ -74.39977, -50.844415 ], [ -74.419301, -50.829685 ], [ -74.444447, -50.828383 ], [ -74.466217, -50.823826 ], [ -74.475494, -50.799737 ], [ -74.487294, -50.782159 ], [ -74.538889, -50.76336 ], [ -74.550649, -50.751642 ], [ -74.660471, -50.727716 ], [ -74.679311, -50.735284 ], [ -74.677968, -50.74627 ], [ -74.632558, -50.776137 ], [ -74.617665, -50.794203 ], [ -74.60676, -50.811619 ], [ -74.590077, -50.821466 ], [ -74.558095, -50.817071 ], [ -74.569, -50.83294 ], [ -74.62092, -50.83766 ], [ -74.643056, -50.847833 ], [ -74.656728, -50.87477 ], [ -74.640452, -50.885431 ], [ -74.584788, -50.885431 ], [ -74.597279, -50.895278 ], [ -74.625478, -50.9249 ], [ -74.634592, -50.919692 ], [ -74.644521, -50.919203 ], [ -74.653717, -50.923761 ], [ -74.660471, -50.933201 ], [ -74.695912, -50.917657 ], [ -74.878651, -50.886326 ], [ -74.903188, -50.885431 ], [ -74.927968, -50.887791 ], [ -74.930898, -50.894627 ], [ -74.900054, -50.919529 ], [ -74.930898, -50.919203 ], [ -74.944447, -50.920994 ], [ -74.954701, -50.925714 ], [ -74.962229, -50.935968 ], [ -74.96642, -50.949884 ], [ -74.966542, -50.963637 ], [ -74.961537, -50.974216 ], [ -74.945221, -50.982843 ], [ -74.933583, -50.977716 ], [ -74.923818, -50.967543 ], [ -74.913686, -50.960545 ], [ -74.900461, -50.958754 ], [ -74.889394, -50.96087 ], [ -74.878285, -50.966078 ], [ -74.865346, -50.974216 ], [ -74.858144, -50.970636 ], [ -74.852773, -50.970636 ], [ -74.838002, -50.974216 ], [ -74.893219, -51.049249 ], [ -74.889882, -51.05755 ], [ -74.884023, -51.060479 ], [ -74.865346, -51.063572 ], [ -74.83373, -51.074802 ], [ -74.831858, -51.07643 ], [ -74.812327, -51.073989 ], [ -74.80012, -51.065362 ], [ -74.780263, -51.038995 ], [ -74.774648, -51.021173 ], [ -74.776235, -51.002374 ], [ -74.774566, -50.993341 ], [ -74.759511, -51.004815 ], [ -74.744781, -51.010024 ], [ -74.680979, -51.008233 ], [ -74.691518, -51.026625 ], [ -74.709828, -51.032973 ], [ -74.730865, -51.035577 ], [ -74.749867, -51.042413 ], [ -74.740468, -51.053399 ], [ -74.736928, -51.06463 ], [ -74.741363, -51.073337 ], [ -74.756012, -51.07643 ], [ -74.749989, -51.092543 ], [ -74.739613, -51.101495 ], [ -74.725453, -51.105076 ], [ -74.708323, -51.104425 ], [ -74.626332, -51.087091 ], [ -74.63036, -51.068292 ], [ -74.63622, -51.051853 ], [ -74.634389, -51.040134 ], [ -74.615468, -51.035577 ], [ -74.577138, -51.031996 ], [ -74.536366, -51.021905 ], [ -74.48941, -50.997328 ], [ -74.475494, -50.994561 ], [ -74.460561, -51.000909 ], [ -74.444732, -51.014418 ], [ -74.4322, -51.030938 ], [ -74.421783, -51.06227 ], [ -74.410024, -51.078546 ], [ -74.398305, -51.086847 ], [ -74.392974, -51.080255 ], [ -74.395172, -51.063084 ], [ -74.405019, -51.037367 ], [ -74.407216, -51.021905 ], [ -74.389272, -51.038344 ], [ -74.380279, -51.02752 ], [ -74.379384, -51.003676 ], [ -74.385569, -50.981052 ] ] } },
{ "type": "Feature", "properties": { "featurecla": "Coastline", "scalerank": 5, "min_zoom": 6.0 }, "geometry": { "type": "LineString", "coordinates": [ [ -74.906321, -50.796563 ], [ -74.94164, -50.796563 ], [ -74.926096, -50.810805 ], [ -74.904124, -50.815118 ], [ -74.880279, -50.81699 ], [ -74.85912, -50.823907 ], [ -74.924062, -50.830662 ], [ -74.94164, -50.837579 ], [ -74.931264, -50.851007 ], [ -74.920766, -50.853204 ], [ -74.908559, -50.850844 ], [ -74.893219, -50.851251 ], [ -74.881744, -50.855157 ], [ -74.859283, -50.866306 ], [ -74.844838, -50.871189 ], [ -74.781972, -50.882013 ], [ -74.715077, -50.885431 ], [ -74.693023, -50.890069 ], [ -74.678456, -50.871677 ], [ -74.660471, -50.823907 ], [ -74.673492, -50.810235 ], [ -74.701487, -50.837579 ], [ -74.702952, -50.842055 ], [ -74.710194, -50.853774 ], [ -74.71817, -50.861505 ], [ -74.721913, -50.854669 ], [ -74.727447, -50.833754 ], [ -74.741363, -50.824314 ], [ -74.759348, -50.816827 ], [ -74.777211, -50.80283 ], [ -74.715077, -50.80283 ], [ -74.723785, -50.790297 ], [ -74.746897, -50.770278 ], [ -74.756012, -50.75506 ], [ -74.751536, -50.74505 ], [ -74.753529, -50.733087 ], [ -74.753407, -50.720147 ], [ -74.742421, -50.707208 ], [ -74.804514, -50.666274 ], [ -74.828481, -50.665134 ], [ -74.82787, -50.678155 ], [ -74.822377, -50.695489 ], [ -74.831858, -50.707208 ], [ -74.877594, -50.681817 ], [ -74.901112, -50.676039 ], [ -74.906321, -50.700372 ], [ -74.894399, -50.716078 ], [ -74.854115, -50.731134 ], [ -74.844838, -50.748224 ], [ -74.92634, -50.725356 ], [ -74.958974, -50.728285 ], [ -74.947865, -50.762465 ], [ -74.961578, -50.76922 ], [ -74.947743, -50.779962 ], [ -74.906321, -50.796563 ] ] } },
{ "type": "Feature", "properties": { "featurecla": "Coastline", "scalerank": 6, "min_zoom": 5.0 }, "geometry": { "type": "LineString", "coordinates": [ [ -74.981516, -50.797784 ], [ -74.982411, -50.797133 ], [ -74.984486, -50.796563 ], [ -74.985707, -50.796563 ], [ -74.99649, -50.792087 ], [ -74.999135, -50.781183 ], [ -74.996246, -50.758722 ], [ -74.996246, -50.724298 ], [ -74.99413, -50.711114 ], [ -74.984731, -50.68963 ], [ -74.982655, -50.676202 ], [ -74.985422, -50.657159 ], [ -74.992258, -50.655532 ], [ -75.001129, -50.661879 ], [ -75.009918, -50.666274 ], [ -75.011464, -50.668145 ], [ -75.014963, -50.671482 ], [ -75.02009, -50.672947 ], [ -75.026682, -50.669366 ], [ -75.037953, -50.65838 ], [ -75.043935, -50.65488 ], [ -75.051503, -50.652602 ], [ -75.081695, -50.65488 ], [ -75.080393, -50.671075 ], [ -75.062734, -50.691583 ], [ -75.044057, -50.707208 ], [ -75.055247, -50.720798 ], [ -75.066803, -50.718438 ], [ -75.079172, -50.710545 ], [ -75.092437, -50.707208 ], [ -75.105865, -50.712335 ], [ -75.113149, -50.721287 ], [ -75.112538, -50.732517 ], [ -75.102406, -50.74505 ], [ -75.096832, -50.754653 ], [ -75.083892, -50.783624 ], [ -75.075103, -50.789727 ], [ -75.067779, -50.791192 ], [ -75.037099, -50.805922 ], [ -75.016835, -50.812758 ], [ -75.007069, -50.813897 ], [ -75.005483, -50.813572 ], [ -74.999867, -50.811619 ], [ -74.98469, -50.803318 ], [ -74.981353, -50.800063 ], [ -74.981516, -50.797784 ] ] } },
{ "type": "Feature", "properties": { "featurecla": "Coastline", "scalerank": 6, "min_zoom": 6.0 }, "geometry": { "type": "LineString", "coordinates": [ [ -74.608713, -50.514825 ], [ -74.627309, -50.510919 ], [ -74.647572, -50.50449 ], [ -74.666493, -50.503106 ], [ -74.680979, -50.514825 ], [ -74.68456, -50.531996 ], [ -74.671376, -50.556899 ], [ -74.673492, -50.576918 ], [ -74.640452, -50.586358 ], [ -74.602651, -50.563084 ], [ -74.584096, -50.530938 ], [ -74.608713, -50.514825 ] ] } },
{ "type": "Feature", "properties": { "featurecla": "Coastline", "scalerank": 5, "min_zoom": 3.0 }, "geometry": { "type": "LineString", "coordinates": [ [ -75.126047, -50.494317 ], [ -75.162465, -50.492364 ], [ -75.194895, -50.494317 ], [ -75.200551, -50.497491 ], [ -75.203725, -50.50213 ], [ -75.207631, -50.506443 ], [ -75.215403, -50.508559 ], [ -75.223459, -50.507908 ], [ -75.227528, -50.505548 ], [ -75.23058, -50.503025 ], [ -75.235911, -50.501153 ], [ -75.237375, -50.499444 ], [ -75.242421, -50.49505 ], [ -75.249379, -50.490655 ], [ -75.256337, -50.488051 ], [ -75.256744, -50.490655 ], [ -75.261627, -50.495538 ], [ -75.26891, -50.500095 ], [ -75.276845, -50.501153 ], [ -75.289174, -50.494399 ], [ -75.299916, -50.47381 ], [ -75.311594, -50.467055 ], [ -75.330922, -50.466485 ], [ -75.337636, -50.474867 ], [ -75.341542, -50.487888 ], [ -75.35261, -50.501153 ], [ -75.363149, -50.486749 ], [ -75.370717, -50.473565 ], [ -75.381988, -50.463962 ], [ -75.403798, -50.460138 ], [ -75.416575, -50.464532 ], [ -75.424184, -50.483819 ], [ -75.434193, -50.488051 ], [ -75.452219, -50.489435 ], [ -75.460357, -50.491306 ], [ -75.468617, -50.494317 ], [ -75.462066, -50.504653 ], [ -75.453033, -50.511489 ], [ -75.441477, -50.514825 ], [ -75.427642, -50.514825 ], [ -75.429514, -50.519708 ], [ -75.431996, -50.531183 ], [ -75.433909, -50.535903 ], [ -75.40689, -50.538181 ], [ -75.390289, -50.552504 ], [ -75.376943, -50.572361 ], [ -75.359364, -50.590509 ], [ -75.379872, -50.590509 ], [ -75.378, -50.59531 ], [ -75.375111, -50.606541 ], [ -75.373036, -50.611017 ], [ -75.42691, -50.604099 ], [ -75.455963, -50.606378 ], [ -75.468617, -50.62127 ], [ -75.470286, -50.637302 ], [ -75.475819, -50.644301 ], [ -75.48644, -50.646091 ], [ -75.503326, -50.645766 ], [ -75.513824, -50.649102 ], [ -75.514272, -50.656834 ], [ -75.507558, -50.665623 ], [ -75.496571, -50.672459 ], [ -75.482289, -50.675063 ], [ -75.408925, -50.671319 ], [ -75.407053, -50.673761 ], [ -75.407135, -50.683282 ], [ -75.412017, -50.694594 ], [ -75.423899, -50.702081 ], [ -75.438547, -50.705987 ], [ -75.451568, -50.707208 ], [ -75.454986, -50.712335 ], [ -75.448638, -50.72381 ], [ -75.433909, -50.741957 ], [ -75.443756, -50.743829 ], [ -75.451894, -50.747817 ], [ -75.457997, -50.754002 ], [ -75.461822, -50.762465 ], [ -75.410634, -50.772393 ], [ -75.386464, -50.772068 ], [ -75.359364, -50.762465 ], [ -75.356313, -50.757257 ], [ -75.346547, -50.74627 ], [ -75.336293, -50.740818 ], [ -75.33141, -50.751642 ], [ -75.332428, -50.757582 ], [ -75.336171, -50.770685 ], [ -75.336049, -50.776462 ], [ -75.325063, -50.788995 ], [ -75.307932, -50.789483 ], [ -75.290598, -50.781834 ], [ -75.27892, -50.770115 ], [ -75.274648, -50.754083 ], [ -75.279124, -50.739841 ], [ -75.290028, -50.728285 ], [ -75.304758, -50.72088 ], [ -75.304758, -50.714044 ], [ -75.282297, -50.716078 ], [ -75.277496, -50.709161 ], [ -75.281239, -50.699477 ], [ -75.284291, -50.693536 ], [ -75.28303, -50.686212 ], [ -75.280751, -50.681085 ], [ -75.275014, -50.67547 ], [ -75.263173, -50.666274 ], [ -75.272043, -50.657647 ], [ -75.28246, -50.652927 ], [ -75.304758, -50.645766 ], [ -75.297353, -50.63836 ], [ -75.290435, -50.645766 ], [ -75.270863, -50.620538 ], [ -75.34557, -50.560724 ], [ -75.321523, -50.549005 ], [ -75.300771, -50.556573 ], [ -75.26891, -50.589776 ], [ -75.246083, -50.597345 ], [ -75.215403, -50.596938 ], [ -75.202463, -50.59295 ], [ -75.203603, -50.580824 ], [ -75.215403, -50.55641 ], [ -75.205434, -50.557061 ], [ -75.19636, -50.559666 ], [ -75.188059, -50.563897 ], [ -75.180653, -50.570001 ], [ -75.174469, -50.552992 ], [ -75.166371, -50.549574 ], [ -75.155141, -50.551039 ], [ -75.139638, -50.549005 ], [ -75.129547, -50.542739 ], [ -75.119862, -50.533624 ], [ -75.111684, -50.523696 ], [ -75.098866, -50.502374 ], [ -75.097401, -50.497247 ], [ -75.105336, -50.495782 ], [ -75.126047, -50.494317 ] ] } },
{ "type": "Feature", "properties": { "featurecla": "Coastline", "scalerank": 3, "min_zoom": 0.5 }, "geometry": { "type": "LineString", "coordinates": [ [ -74.310414, -50.834161 ], [ -74.317372, -50.810479 ], [ -74.3155, -50.800714 ], [ -74.286285, -50.794122 ], [ -74.277659, -50.789321 ], [ -74.269358, -50.786554 ], [ -74.256418, -50.789727 ], [ -74.242665, -50.805352 ], [ -74.236724, -50.841078 ], [ -74.199208, -50.848321 ], [ -74.186106, -50.833103 ], [ -74.180653, -50.808038 ], [ -74.181304, -50.782322 ], [ -74.188588, -50.762384 ], [ -74.203481, -50.739923 ], [ -74.222646, -50.721612 ], [ -74.242421, -50.714044 ], [ -74.265248, -50.720636 ], [ -74.278066, -50.720392 ], [ -74.283762, -50.710626 ], [ -74.287953, -50.697686 ], [ -74.298166, -50.692071 ], [ -74.310536, -50.68906 ], [ -74.343984, -50.672052 ], [ -74.402577, -50.664321 ], [ -74.427113, -50.652602 ], [ -74.408762, -50.646905 ], [ -74.386545, -50.651056 ], [ -74.344553, -50.666274 ], [ -74.249257, -50.680108 ], [ -74.239003, -50.676202 ], [ -74.271108, -50.624282 ], [ -74.283762, -50.611017 ], [ -74.318674, -50.591974 ], [ -74.332672, -50.577325 ], [ -74.347483, -50.511651 ], [ -74.356313, -50.490655 ], [ -74.365631, -50.47381 ], [ -74.383127, -50.455987 ], [ -74.396148, -50.458103 ], [ -74.410268, -50.46795 ], [ -74.430816, -50.47381 ], [ -74.476674, -50.476332 ], [ -74.489166, -50.47381 ], [ -74.498647, -50.467055 ], [ -74.504547, -50.458754 ], [ -74.509674, -50.449395 ], [ -74.517079, -50.439711 ], [ -74.53718, -50.424574 ], [ -74.55248, -50.423923 ], [ -74.569569, -50.429376 ], [ -74.595041, -50.432875 ], [ -74.610585, -50.438572 ], [ -74.653554, -50.465265 ], [ -74.673492, -50.47381 ], [ -74.658274, -50.480564 ], [ -74.639638, -50.481866 ], [ -74.62092, -50.479181 ], [ -74.605214, -50.47381 ], [ -74.595123, -50.490818 ], [ -74.579579, -50.501397 ], [ -74.560536, -50.507013 ], [ -74.501454, -50.50921 ], [ -74.487416, -50.513116 ], [ -74.468658, -50.522231 ], [ -74.456858, -50.515313 ], [ -74.444, -50.515558 ], [ -74.431467, -50.520685 ], [ -74.420277, -50.528497 ], [ -74.4322, -50.52752 ], [ -74.446401, -50.527927 ], [ -74.459625, -50.53045 ], [ -74.468658, -50.535903 ], [ -74.468658, -50.544122 ], [ -74.461171, -50.565688 ], [ -74.465321, -50.570001 ], [ -74.513417, -50.576918 ], [ -74.519521, -50.580743 ], [ -74.523915, -50.589614 ], [ -74.527252, -50.598891 ], [ -74.530141, -50.604181 ], [ -74.570221, -50.62005 ], [ -74.581207, -50.633559 ], [ -74.567698, -50.655694 ], [ -74.546986, -50.682224 ], [ -74.543813, -50.690199 ], [ -74.538238, -50.692641 ], [ -74.502838, -50.700372 ], [ -74.517079, -50.731622 ], [ -74.483022, -50.741957 ], [ -74.433095, -50.743422 ], [ -74.39977, -50.748224 ], [ -74.424794, -50.761489 ], [ -74.41686, -50.776137 ], [ -74.396799, -50.791436 ], [ -74.385569, -50.806573 ], [ -74.373769, -50.827407 ], [ -74.348012, -50.842055 ], [ -74.322174, -50.84588 ], [ -74.310414, -50.834161 ] ] } },
{ "type": "Feature", "properties": { "featurecla": "Coastline", "scalerank": 6, "min_zoom": 5.0 }, "geometry": { "type": "LineString", "coordinates": [ [ -74.783355, -50.480645 ], [ -74.785308, -50.489435 ], [ -74.776763, -50.493341 ], [ -74.746165, -50.494317 ], [ -74.730377, -50.493097 ], [ -74.720286, -50.489353 ], [ -74.684478, -50.457778 ], [ -74.675038, -50.45436 ], [ -74.656728, -50.453302 ], [ -74.640859, -50.449314 ], [ -74.628733, -50.43963 ], [ -74.622955, -50.427992 ], [ -74.626332, -50.418634 ], [ -74.626332, -50.412367 ], [ -74.578928, -50.409845 ], [ -74.555002, -50.403741 ], [ -74.543813, -50.39186 ], [ -74.544586, -50.382094 ], [ -74.549387, -50.378188 ], [ -74.567698, -50.378188 ], [ -74.580068, -50.376072 ], [ -74.599599, -50.366306 ], [ -74.608713, -50.363946 ], [ -74.695953, -50.3624 ], [ -74.736724, -50.37184 ], [ -74.762929, -50.398696 ], [ -74.744008, -50.409275 ], [ -74.735585, -50.412367 ], [ -74.766347, -50.444024 ], [ -74.777577, -50.461196 ], [ -74.783355, -50.480645 ] ] } },
{ "type": "Feature", "properties": { "featurecla": "Coastline", "scalerank": 3, "min_zoom": 0.0 }, "geometry": { "type": "LineString", "coordinates": [ [ -75.040639, -50.289483 ], [ -75.017568, -50.285089 ], [ -74.981516, -50.265883 ], [ -74.952219, -50.256768 ], [ -74.950551, -50.245782 ], [ -74.952789, -50.233168 ], [ -74.951283, -50.224054 ], [ -74.942372, -50.220147 ], [ -74.833852, -50.219496 ], [ -74.811269, -50.2138 ], [ -74.815907, -50.195489 ], [ -74.793691, -50.169854 ], [ -74.790842, -50.145603 ], [ -74.799713, -50.125421 ], [ -74.815012, -50.11891 ], [ -74.85912, -50.117608 ], [ -74.85554, -50.124688 ], [ -74.853424, -50.130304 ], [ -74.850657, -50.134698 ], [ -74.844838, -50.138767 ], [ -74.860463, -50.155206 ], [ -74.869456, -50.158298 ], [ -74.878285, -50.15488 ], [ -74.893219, -50.151625 ], [ -74.901112, -50.152602 ], [ -74.917104, -50.159112 ], [ -74.920237, -50.160903 ], [ -74.923655, -50.169692 ], [ -74.928049, -50.172784 ], [ -74.933583, -50.17254 ], [ -74.942983, -50.166762 ], [ -74.947865, -50.165297 ], [ -74.980133, -50.165216 ], [ -74.992909, -50.166925 ], [ -75.036692, -50.183201 ], [ -75.051015, -50.185642 ], [ -75.071401, -50.186456 ], [ -75.071401, -50.17962 ], [ -74.98884, -50.125095 ], [ -74.962717, -50.116306 ], [ -74.952138, -50.108819 ], [ -74.947865, -50.094008 ], [ -74.953277, -50.079767 ], [ -74.96524, -50.072361 ], [ -74.977162, -50.072198 ], [ -74.982655, -50.080011 ], [ -74.987782, -50.092543 ], [ -75.000315, -50.097914 ], [ -75.015777, -50.100274 ], [ -75.029775, -50.103936 ], [ -75.032135, -50.108168 ], [ -75.032582, -50.114923 ], [ -75.035227, -50.12127 ], [ -75.044057, -50.125095 ], [ -75.052113, -50.125177 ], [ -75.055409, -50.123224 ], [ -75.079091, -50.082696 ], [ -75.085032, -50.076593 ], [ -75.096791, -50.07936 ], [ -75.109364, -50.088311 ], [ -75.121816, -50.093032 ], [ -75.133412, -50.083429 ], [ -75.131012, -50.069431 ], [ -75.124745, -50.048517 ], [ -75.128733, -50.029555 ], [ -75.157053, -50.021417 ], [ -75.171498, -50.02337 ], [ -75.201731, -50.03574 ], [ -75.227162, -50.030694 ], [ -75.229644, -50.028904 ], [ -75.23351, -50.031996 ], [ -75.259592, -50.060154 ], [ -75.271474, -50.067071 ], [ -75.276845, -50.059259 ], [ -75.280426, -50.0499 ], [ -75.287262, -50.039727 ], [ -75.291615, -50.028904 ], [ -75.287424, -50.018243 ], [ -75.285715, -50.008966 ], [ -75.296986, -50.002862 ], [ -75.312896, -50.000421 ], [ -75.325266, -50.00156 ], [ -75.330149, -50.007094 ], [ -75.343088, -50.028416 ], [ -75.35261, -50.03574 ], [ -75.365834, -50.035821 ], [ -75.381663, -50.032892 ], [ -75.394765, -50.031996 ], [ -75.40038, -50.039158 ], [ -75.397857, -50.047784 ], [ -75.386383, -50.07171 ], [ -75.38329, -50.076593 ], [ -75.357493, -50.082615 ], [ -75.338002, -50.096612 ], [ -75.321523, -50.112726 ], [ -75.304758, -50.125095 ], [ -75.290883, -50.126886 ], [ -75.258697, -50.123468 ], [ -75.246083, -50.128106 ], [ -75.226674, -50.148533 ], [ -75.215077, -50.15545 ], [ -75.187978, -50.164158 ], [ -75.164784, -50.161554 ], [ -75.119781, -50.138767 ], [ -75.127268, -50.170831 ], [ -75.144928, -50.197035 ], [ -75.156728, -50.221449 ], [ -75.146474, -50.24863 ], [ -75.179311, -50.255792 ], [ -75.197987, -50.25628 ], [ -75.211659, -50.251642 ], [ -75.227935, -50.244073 ], [ -75.24234, -50.245782 ], [ -75.256215, -50.249688 ], [ -75.270619, -50.24863 ], [ -75.279164, -50.239353 ], [ -75.286122, -50.225763 ], [ -75.294749, -50.217543 ], [ -75.308176, -50.224054 ], [ -75.318918, -50.22617 ], [ -75.331899, -50.219008 ], [ -75.35261, -50.200779 ], [ -75.339182, -50.192804 ], [ -75.317616, -50.188572 ], [ -75.273752, -50.186456 ], [ -75.266184, -50.184015 ], [ -75.259267, -50.177992 ], [ -75.256093, -50.17018 ], [ -75.259755, -50.162286 ], [ -75.267893, -50.158624 ], [ -75.297353, -50.159112 ], [ -75.34789, -50.145196 ], [ -75.367096, -50.147393 ], [ -75.390452, -50.162286 ], [ -75.39745, -50.171645 ], [ -75.407135, -50.206964 ], [ -75.411285, -50.212579 ], [ -75.416249, -50.216404 ], [ -75.420155, -50.222426 ], [ -75.421457, -50.234959 ], [ -75.404124, -50.249933 ], [ -75.400868, -50.257989 ], [ -75.427561, -50.263442 ], [ -75.437408, -50.268813 ], [ -75.445058, -50.276625 ], [ -75.460927, -50.35003 ], [ -75.454945, -50.363946 ], [ -75.432729, -50.367364 ], [ -75.411692, -50.354587 ], [ -75.39094, -50.338067 ], [ -75.369618, -50.329848 ], [ -75.356272, -50.331231 ], [ -75.345937, -50.333266 ], [ -75.336415, -50.333754 ], [ -75.325266, -50.329848 ], [ -75.316884, -50.321059 ], [ -75.311676, -50.31113 ], [ -75.304596, -50.305271 ], [ -75.290435, -50.30877 ], [ -75.285227, -50.315362 ], [ -75.290598, -50.321954 ], [ -75.308176, -50.333266 ], [ -75.313588, -50.343357 ], [ -75.307769, -50.347426 ], [ -75.296986, -50.346449 ], [ -75.27009, -50.327569 ], [ -75.242584, -50.313735 ], [ -75.214467, -50.303969 ], [ -75.194895, -50.302504 ], [ -75.230214, -50.342869 ], [ -75.253651, -50.362481 ], [ -75.273752, -50.370782 ], [ -75.276479, -50.373793 ], [ -75.317779, -50.39186 ], [ -75.323232, -50.400323 ], [ -75.325063, -50.409845 ], [ -75.324208, -50.419203 ], [ -75.321156, -50.427504 ], [ -75.305572, -50.432306 ], [ -75.246083, -50.439711 ], [ -75.22289, -50.436456 ], [ -75.211293, -50.42783 ], [ -75.203277, -50.415704 ], [ -75.191151, -50.401788 ], [ -75.186757, -50.394789 ], [ -75.184682, -50.38714 ], [ -75.180776, -50.380792 ], [ -75.170725, -50.378188 ], [ -75.146474, -50.363946 ], [ -75.142486, -50.358575 ], [ -75.140045, -50.351983 ], [ -75.134999, -50.346449 ], [ -75.122874, -50.344171 ], [ -75.114898, -50.340753 ], [ -75.113678, -50.332696 ], [ -75.116282, -50.3235 ], [ -75.119781, -50.316827 ], [ -75.094106, -50.324395 ], [ -75.075592, -50.313735 ], [ -75.059316, -50.297784 ], [ -75.040639, -50.289483 ] ] } },
{ "type": "Feature", "properties": { "featurecla": "Coastline", "scalerank": 5, "min_zoom": 4.0 }, "geometry": { "type": "LineString", "coordinates": [ [ -75.44811, -49.774998 ], [ -75.431254, -49.758377 ], [ -75.384511, -49.748224 ], [ -75.373036, -49.72031 ], [ -75.3662, -49.72031 ], [ -75.345774, -49.781834 ], [ -75.375722, -49.798598 ], [ -75.36734, -49.828871 ], [ -75.339711, -49.859552 ], [ -75.311594, -49.877374 ], [ -75.30309, -49.885919 ], [ -75.286488, -49.895115 ], [ -75.270416, -49.898045 ], [ -75.263173, -49.887872 ], [ -75.264801, -49.873956 ], [ -75.269358, -49.857192 ], [ -75.276031, -49.841404 ], [ -75.284291, -49.829522 ], [ -75.262766, -49.834568 ], [ -75.253245, -49.84352 ], [ -75.247141, -49.856052 ], [ -75.235911, -49.871189 ], [ -75.222076, -49.879815 ], [ -75.207346, -49.884698 ], [ -75.192983, -49.89129 ], [ -75.180653, -49.905369 ], [ -75.177887, -49.88421 ], [ -75.201731, -49.812188 ], [ -75.211293, -49.792739 ], [ -75.25357, -49.760431 ], [ -75.263173, -49.744236 ], [ -75.264312, -49.736586 ], [ -75.266916, -49.731134 ], [ -75.269439, -49.727227 ], [ -75.274241, -49.714776 ], [ -75.28246, -49.711033 ], [ -75.291412, -49.709568 ], [ -75.297353, -49.70672 ], [ -75.301096, -49.698826 ], [ -75.307525, -49.680108 ], [ -75.311594, -49.67254 ], [ -75.328481, -49.652032 ], [ -75.345326, -49.635675 ], [ -75.355339, -49.610176 ], [ -75.381579, -49.603236 ], [ -75.394236, -49.591007 ], [ -75.411537, -49.584944 ], [ -75.433838, -49.582883 ], [ -75.44622, -49.578835 ], [ -75.458588, -49.570769 ], [ -75.472232, -49.572738 ], [ -75.485192, -49.564666 ], [ -75.495057, -49.557404 ], [ -75.504352, -49.556973 ], [ -75.508741, -49.563789 ], [ -75.498814, -49.573865 ], [ -75.497519, -49.583504 ], [ -75.511861, -49.588277 ], [ -75.529381, -49.586219 ], [ -75.548019, -49.588968 ], [ -75.563012, -49.599765 ], [ -75.574071, -49.612688 ], [ -75.61352, -49.636375 ], [ -75.581494, -49.64265 ], [ -75.582909, -49.665714 ], [ -75.586678, -49.687998 ], [ -75.563547, -49.707452 ], [ -75.540415, -49.704302 ], [ -75.521367, -49.705124 ], [ -75.510757, -49.718223 ], [ -75.525252, -49.739724 ], [ -75.555002, -49.734266 ], [ -75.588508, -49.745701 ], [ -75.626786, -49.756343 ], [ -75.635455, -49.781723 ], [ -75.620304, -49.809511 ], [ -75.634854, -49.827943 ], [ -75.617387, -49.864223 ], [ -75.574145, -49.847395 ], [ -75.544138, -49.836678 ], [ -75.542794, -49.823577 ], [ -75.540237, -49.80818 ], [ -75.520619, -49.800714 ], [ -75.5065, -49.795505 ], [ -75.489907, -49.786739 ], [ -75.475548, -49.781381 ], [ -75.44811, -49.774998 ] ] } },
{ "type": "Feature", "properties": { "featurecla": "Coastline", "scalerank": 6, "min_zoom": 5.0 }, "geometry": { "type": "LineString", "coordinates": [ [ -75.521308, -49.379099 ], [ -75.541494, -49.39056 ], [ -75.547554, -49.411311 ], [ -75.535785, -49.421362 ], [ -75.5168, -49.414513 ], [ -75.502646, -49.421488 ], [ -75.501575, -49.438411 ], [ -75.518151, -49.439121 ], [ -75.537105, -49.440588 ], [ -75.544299, -49.452866 ], [ -75.531352, -49.464452 ], [ -75.512495, -49.478359 ], [ -75.499505, -49.485331 ], [ -75.492457, -49.495351 ], [ -75.466386, -49.497747 ], [ -75.455778, -49.510081 ], [ -75.451093, -49.518548 ], [ -75.44042, -49.517811 ], [ -75.430837, -49.501703 ], [ -75.433129, -49.489403 ], [ -75.434256, -49.48018 ], [ -75.429433, -49.466365 ], [ -75.435294, -49.457127 ], [ -75.444754, -49.450168 ], [ -75.459059, -49.458558 ], [ -75.468482, -49.449298 ], [ -75.467213, -49.434692 ], [ -75.461207, -49.418556 ], [ -75.470581, -49.403149 ], [ -75.489514, -49.403076 ], [ -75.505977, -49.386856 ], [ -75.521308, -49.379099 ] ] } },
{ "type": "Feature", "properties": { "featurecla": "Coastline", "scalerank": 6, "min_zoom": 5.0 }, "geometry": { "type": "LineString", "coordinates": [ [ -74.903188, -49.076755 ], [ -74.916819, -49.070489 ], [ -74.972035, -49.031671 ], [ -74.983306, -49.030938 ], [ -74.990061, -49.076593 ], [ -74.999745, -49.079767 ], [ -75.01476, -49.070571 ], [ -75.053375, -49.054783 ], [ -75.079213, -49.03753 ], [ -75.095448, -49.02988 ], [ -75.112457, -49.024102 ], [ -75.126047, -49.021417 ], [ -75.121816, -49.030694 ], [ -75.115793, -49.038181 ], [ -75.108022, -49.044122 ], [ -75.098704, -49.048761 ], [ -75.139312, -49.046319 ], [ -75.158437, -49.051039 ], [ -75.220326, -49.106134 ], [ -75.229644, -49.116957 ], [ -75.235585, -49.144952 ], [ -75.203928, -49.140883 ], [ -75.157623, -49.128595 ], [ -75.119781, -49.13128 ], [ -75.130523, -49.136814 ], [ -75.166982, -49.144952 ], [ -75.201731, -49.16546 ], [ -75.201731, -49.172296 ], [ -75.089752, -49.15838 ], [ -75.057729, -49.16546 ], [ -75.064076, -49.165216 ], [ -75.069488, -49.165785 ], [ -75.07433, -49.168064 ], [ -75.078765, -49.172296 ], [ -75.059967, -49.196466 ], [ -75.012847, -49.237726 ], [ -74.962717, -49.270603 ], [ -74.949127, -49.277114 ], [ -74.935699, -49.28045 ], [ -74.920522, -49.272638 ], [ -74.915679, -49.251397 ], [ -74.913686, -49.205743 ], [ -74.894928, -49.137628 ], [ -74.890452, -49.095473 ], [ -74.903188, -49.076755 ] ] } },
{ "type": "Feature", "properties": { "featurecla": "Coastline", "scalerank": 3, "min_zoom": 0.5 }, "geometry": { "type": "LineString", "coordinates": [ [ -75.557973, -49.247328 ], [ -75.54898, -49.252374 ], [ -75.533315, -49.26393 ], [ -75.523834, -49.267836 ], [ -75.508046, -49.267999 ], [ -75.493764, -49.263442 ], [ -75.482655, -49.254083 ], [ -75.476064, -49.239923 ], [ -75.476226, -49.232599 ], [ -75.479115, -49.22796 ], [ -75.482004, -49.224298 ], [ -75.482249, -49.219985 ], [ -75.478505, -49.212823 ], [ -75.474924, -49.210138 ], [ -75.471669, -49.208917 ], [ -75.468617, -49.205743 ], [ -75.461822, -49.179132 ], [ -75.454416, -49.176039 ], [ -75.440053, -49.175714 ], [ -75.433909, -49.172296 ], [ -75.426381, -49.158868 ], [ -75.421986, -49.145278 ], [ -75.415191, -49.134942 ], [ -75.40038, -49.13128 ], [ -75.413157, -49.150079 ], [ -75.421742, -49.167901 ], [ -75.420522, -49.181329 ], [ -75.403798, -49.186619 ], [ -75.389312, -49.179132 ], [ -75.345774, -49.124444 ], [ -75.338938, -49.146417 ], [ -75.315907, -49.133477 ], [ -75.293202, -49.106703 ], [ -75.287424, -49.086602 ], [ -75.303456, -49.065118 ], [ -75.312978, -49.055352 ], [ -75.325266, -49.048761 ], [ -75.33788, -49.046563 ], [ -75.348541, -49.04811 ], [ -75.373036, -49.056248 ], [ -75.366526, -49.040785 ], [ -75.337961, -49.023533 ], [ -75.33141, -49.010919 ], [ -75.33727, -48.989353 ], [ -75.351308, -48.985528 ], [ -75.394276, -48.998142 ], [ -75.406972, -49.007745 ], [ -75.427642, -49.028253 ], [ -75.441029, -49.045343 ], [ -75.442983, -49.055597 ], [ -75.433909, -49.060642 ], [ -75.413971, -49.062433 ], [ -75.422353, -49.071873 ], [ -75.441151, -49.085219 ], [ -75.44811, -49.096449 ], [ -75.463246, -49.090997 ], [ -75.483754, -49.100274 ], [ -75.523834, -49.124444 ], [ -75.510243, -49.128839 ], [ -75.505116, -49.128106 ], [ -75.496571, -49.124444 ], [ -75.504994, -49.132582 ], [ -75.535553, -49.13893 ], [ -75.551137, -49.144952 ], [ -75.53067, -49.110772 ], [ -75.568715, -49.122735 ], [ -75.60733, -49.151056 ], [ -75.630116, -49.184747 ], [ -75.620107, -49.212579 ], [ -75.629018, -49.207696 ], [ -75.639027, -49.205255 ], [ -75.64981, -49.204848 ], [ -75.661041, -49.205743 ], [ -75.651479, -49.219496 ], [ -75.635081, -49.228936 ], [ -75.588043, -49.24212 ], [ -75.567983, -49.244399 ], [ -75.557973, -49.247328 ] ] } },
{ "type": "Feature", "properties": { "featurecla": "Coastline", "scalerank": 3, "min_zoom": 0.0 }, "geometry": { "type": "LineString", "coordinates": [ [ -75.215403, -49.014581 ], [ -75.219553, -49.011407 ], [ -75.23058, -49.006036 ], [ -75.235911, -49.000909 ], [ -75.238108, -48.996677 ], [ -75.240224, -48.986912 ], [ -75.26065, -48.93963 ], [ -75.269276, -48.907892 ], [ -75.284901, -48.88421 ], [ -75.305979, -48.864923 ], [ -75.328359, -48.857029 ], [ -75.361969, -48.850274 ], [ -75.379262, -48.852227 ], [ -75.386708, -48.866876 ], [ -75.38329, -48.879571 ], [ -75.359364, -48.91839 ], [ -75.378977, -48.916111 ], [ -75.392405, -48.906671 ], [ -75.401357, -48.892755 ], [ -75.407135, -48.877374 ], [ -75.42162, -48.88421 ], [ -75.426829, -48.878351 ], [ -75.426503, -48.868422 ], [ -75.42455, -48.863214 ], [ -75.416819, -48.859145 ], [ -75.406321, -48.849705 ], [ -75.397288, -48.838474 ], [ -75.394154, -48.829034 ], [ -75.404897, -48.827732 ], [ -75.425649, -48.842869 ], [ -75.445912, -48.862237 ], [ -75.454945, -48.874119 ], [ -75.464589, -48.883559 ], [ -75.486724, -48.897719 ], [ -75.511057, -48.908624 ], [ -75.527252, -48.908136 ], [ -75.520985, -48.897068 ], [ -75.479604, -48.85711 ], [ -75.468617, -48.842706 ], [ -75.495595, -48.84588 ], [ -75.523183, -48.835382 ], [ -75.540679, -48.833673 ], [ -75.537506, -48.863214 ], [ -75.554555, -48.853123 ], [ -75.568186, -48.852472 ], [ -75.57844, -48.860772 ], [ -75.585317, -48.877374 ], [ -75.596588, -48.858005 ], [ -75.614735, -48.858657 ], [ -75.633656, -48.872328 ], [ -75.647369, -48.891209 ], [ -75.654856, -48.911065 ], [ -75.658559, -48.932306 ], [ -75.656646, -48.951918 ], [ -75.647369, -48.966892 ], [ -75.624379, -48.980401 ], [ -75.597401, -48.987726 ], [ -75.569569, -48.989516 ], [ -75.543772, -48.986586 ], [ -75.524241, -48.977309 ], [ -75.505279, -48.963067 ], [ -75.486806, -48.952081 ], [ -75.468617, -48.952569 ], [ -75.478831, -48.971124 ], [ -75.493235, -48.982599 ], [ -75.509918, -48.991795 ], [ -75.527252, -49.004083 ], [ -75.533274, -49.019464 ], [ -75.520619, -49.031427 ], [ -75.499338, -49.039158 ], [ -75.479156, -49.041925 ], [ -75.465077, -49.036391 ], [ -75.427642, -48.994073 ], [ -75.425771, -48.991143 ], [ -75.420806, -48.981052 ], [ -75.417714, -48.976739 ], [ -75.411936, -48.973728 ], [ -75.39977, -48.974379 ], [ -75.394154, -48.973077 ], [ -75.386342, -48.969822 ], [ -75.379872, -48.968032 ], [ -75.375315, -48.963637 ], [ -75.373036, -48.952569 ], [ -75.363922, -48.966729 ], [ -75.351715, -48.965102 ], [ -75.33141, -48.952569 ], [ -75.316518, -48.953709 ], [ -75.313873, -48.957289 ], [ -75.315053, -48.965509 ], [ -75.292144, -49.039158 ], [ -75.276031, -49.063246 ], [ -75.248647, -49.072035 ], [ -75.228139, -49.066095 ], [ -75.213206, -49.052667 ], [ -75.20759, -49.034601 ], [ -75.215403, -49.014581 ] ] } },
{ "type": "Feature", "properties": { "featurecla": "Coastline", "scalerank": 3, "min_zoom": 3.0 }, "geometry": { "type": "LineString", "coordinates": [ [ -75.105824, -48.969903 ], [ -75.135976, -48.970798 ], [ -75.165151, -48.986017 ], [ -75.194, -48.995701 ], [ -75.223012, -48.978936 ], [ -75.23648, -48.955987 ], [ -75.247141, -48.924574 ], [ -75.248931, -48.893324 ], [ -75.235911, -48.870701 ], [ -75.253041, -48.868748 ], [ -75.268137, -48.862481 ], [ -75.280751, -48.853204 ], [ -75.290435, -48.842706 ], [ -75.303863, -48.816176 ], [ -75.309071, -48.801446 ], [ -75.308176, -48.794854 ], [ -75.274892, -48.797052 ], [ -75.210601, -48.811782 ], [ -75.120839, -48.849786 ], [ -75.09142, -48.870701 ], [ -75.078765, -48.894627 ], [ -75.082387, -48.904474 ], [ -75.090728, -48.914483 ], [ -75.100901, -48.922296 ], [ -75.109527, -48.925226 ], [ -75.12621, -48.919529 ], [ -75.135569, -48.917657 ], [ -75.139638, -48.921808 ], [ -75.137074, -48.929295 ], [ -75.130483, -48.934259 ], [ -75.121816, -48.93727 ], [ -75.112945, -48.938897 ], [ -75.078684, -48.929376 ], [ -75.064443, -48.948337 ], [ -75.072825, -48.97031 ], [ -75.105824, -48.969903 ] ] } },
{ "type": "Feature", "properties": { "featurecla": "Coastline", "scalerank": 3, "min_zoom": 0.0 }, "geometry": { "type": "LineString", "coordinates": [ [ -75.198313, -49.771173 ], [ -75.174428, -49.80169 ], [ -75.149322, -49.842869 ], [ -75.133941, -49.858331 ], [ -75.109527, -49.864353 ], [ -75.090972, -49.86533 ], [ -75.0808, -49.86891 ], [ -75.061147, -49.887872 ], [ -75.050526, -49.892511 ], [ -75.021881, -49.895196 ], [ -75.009918, -49.898533 ], [ -75.008412, -49.856134 ], [ -75.012196, -49.837335 ], [ -75.026682, -49.829522 ], [ -75.043446, -49.826349 ], [ -75.035024, -49.819024 ], [ -75.013987, -49.8117 ], [ -74.992543, -49.808526 ], [ -74.961537, -49.785252 ], [ -74.962026, -49.774184 ], [ -74.96345, -49.766371 ], [ -74.96581, -49.760431 ], [ -74.968984, -49.75449 ], [ -74.981068, -49.739841 ], [ -74.992747, -49.737563 ], [ -75.004262, -49.745701 ], [ -75.016184, -49.761326 ], [ -75.022572, -49.74212 ], [ -75.013254, -49.725681 ], [ -74.982655, -49.699314 ], [ -74.972035, -49.684991 ], [ -74.958648, -49.662205 ], [ -74.95287, -49.640883 ], [ -74.96524, -49.631606 ], [ -74.981597, -49.642673 ], [ -74.998158, -49.663507 ], [ -75.010976, -49.676039 ], [ -75.016184, -49.662042 ], [ -75.013783, -49.648858 ], [ -75.009348, -49.639255 ], [ -75.006744, -49.63006 ], [ -75.009918, -49.617852 ], [ -75.016835, -49.610772 ], [ -75.037017, -49.59881 ], [ -75.044057, -49.59002 ], [ -75.011952, -49.589939 ], [ -75.002797, -49.580173 ], [ -75.009918, -49.542169 ], [ -75.01061, -49.529474 ], [ -75.009511, -49.51865 ], [ -75.004384, -49.510919 ], [ -74.992543, -49.507989 ], [ -74.988515, -49.502699 ], [ -74.988881, -49.490981 ], [ -74.987701, -49.479262 ], [ -74.978871, -49.473891 ], [ -74.963246, -49.484633 ], [ -74.964263, -49.531508 ], [ -74.944732, -49.542169 ], [ -74.922597, -49.53281 ], [ -74.909983, -49.511489 ], [ -74.900054, -49.488458 ], [ -74.886383, -49.473891 ], [ -74.880238, -49.503595 ], [ -74.851633, -49.498142 ], [ -74.817372, -49.476251 ], [ -74.793935, -49.456638 ], [ -74.764556, -49.438165 ], [ -74.748891, -49.4249 ], [ -74.752919, -49.418634 ], [ -74.770375, -49.414809 ], [ -74.788808, -49.404962 ], [ -74.803863, -49.391697 ], [ -74.811269, -49.377699 ], [ -74.799713, -49.382013 ], [ -74.783803, -49.395278 ], [ -74.773752, -49.398126 ], [ -74.746978, -49.398045 ], [ -74.738922, -49.395929 ], [ -74.728749, -49.39129 ], [ -74.670888, -49.35589 ], [ -74.64623, -49.349786 ], [ -74.662709, -49.375909 ], [ -74.716176, -49.410414 ], [ -74.735585, -49.432306 ], [ -74.715647, -49.431573 ], [ -74.697377, -49.428318 ], [ -74.679514, -49.426935 ], [ -74.660471, -49.432306 ], [ -74.67809, -49.438735 ], [ -74.717397, -49.440688 ], [ -74.735585, -49.445977 ], [ -74.752553, -49.457696 ], [ -74.753082, -49.465509 ], [ -74.746653, -49.474705 ], [ -74.742421, -49.490655 ], [ -74.742096, -49.510675 ], [ -74.743316, -49.518731 ], [ -74.749176, -49.515313 ], [ -74.782948, -49.478692 ], [ -74.79186, -49.481541 ], [ -74.807851, -49.497491 ], [ -74.863149, -49.523533 ], [ -74.869008, -49.528497 ], [ -74.886952, -49.534601 ], [ -74.890736, -49.548598 ], [ -74.886138, -49.56463 ], [ -74.878977, -49.576349 ], [ -74.864003, -49.589451 ], [ -74.846791, -49.597752 ], [ -74.827952, -49.602309 ], [ -74.807851, -49.603692 ], [ -74.789052, -49.600681 ], [ -74.778472, -49.59352 ], [ -74.769683, -49.584568 ], [ -74.756012, -49.576349 ], [ -74.758412, -49.589939 ], [ -74.770416, -49.611912 ], [ -74.766591, -49.621026 ], [ -74.750844, -49.626072 ], [ -74.733713, -49.624282 ], [ -74.718373, -49.625258 ], [ -74.708323, -49.63836 ], [ -74.719716, -49.634047 ], [ -74.734242, -49.632989 ], [ -74.748525, -49.635512 ], [ -74.759511, -49.641778 ], [ -74.77009, -49.644708 ], [ -74.785024, -49.641697 ], [ -74.866851, -49.614841 ], [ -74.891957, -49.614435 ], [ -74.893219, -49.631606 ], [ -74.897694, -49.645603 ], [ -74.88268, -49.660577 ], [ -74.844838, -49.686212 ], [ -74.844838, -49.693617 ], [ -74.863515, -49.688084 ], [ -74.88561, -49.677504 ], [ -74.906158, -49.671563 ], [ -74.920522, -49.679376 ], [ -74.917307, -49.693943 ], [ -74.901519, -49.711684 ], [ -74.8815, -49.727146 ], [ -74.865346, -49.733982 ], [ -74.865346, -49.741469 ], [ -74.882924, -49.742364 ], [ -74.890004, -49.749444 ], [ -74.889963, -49.760837 ], [ -74.882558, -49.79697 ], [ -74.878977, -49.80169 ], [ -74.872874, -49.802911 ], [ -74.863881, -49.80283 ], [ -74.855824, -49.801365 ], [ -74.846995, -49.794692 ], [ -74.818186, -49.767511 ], [ -74.806956, -49.764418 ], [ -74.773752, -49.767511 ], [ -74.77123, -49.771905 ], [ -74.781117, -49.781427 ], [ -74.795888, -49.791111 ], [ -74.807851, -49.795505 ], [ -74.814565, -49.800551 ], [ -74.825063, -49.812595 ], [ -74.834462, -49.826104 ], [ -74.838002, -49.836358 ], [ -74.822662, -49.85117 ], [ -74.791819, -49.851983 ], [ -74.728749, -49.843194 ], [ -74.742299, -49.852472 ], [ -74.77184, -49.864516 ], [ -74.78718, -49.874282 ], [ -74.802235, -49.878513 ], [ -74.820872, -49.874444 ], [ -74.839752, -49.867852 ], [ -74.855702, -49.864353 ], [ -74.875071, -49.864679 ], [ -74.891225, -49.867852 ], [ -74.902211, -49.876886 ], [ -74.907704, -49.903253 ], [ -74.913401, -49.916762 ], [ -74.913686, -49.925877 ], [ -74.911, -49.933282 ], [ -74.902008, -49.946466 ], [ -74.900054, -49.950291 ], [ -74.881215, -49.958917 ], [ -74.838979, -49.942641 ], [ -74.770334, -49.905369 ], [ -74.734609, -49.899102 ], [ -74.704905, -49.908624 ], [ -74.680531, -49.928399 ], [ -74.660471, -49.953058 ], [ -74.677805, -49.944513 ], [ -74.707143, -49.923598 ], [ -74.721913, -49.919041 ], [ -74.739654, -49.921808 ], [ -74.822336, -49.964776 ], [ -74.856272, -49.991306 ], [ -74.867747, -50.016209 ], [ -74.831858, -50.028904 ], [ -74.837717, -50.011489 ], [ -74.833363, -49.997979 ], [ -74.821441, -49.989353 ], [ -74.804514, -49.987237 ], [ -74.817128, -50.005548 ], [ -74.816274, -50.024021 ], [ -74.80427, -50.039483 ], [ -74.783355, -50.049249 ], [ -74.768422, -50.053318 ], [ -74.752797, -50.050388 ], [ -74.740549, -50.040948 ], [ -74.735585, -50.025079 ], [ -74.727203, -50.016534 ], [ -74.687327, -49.998793 ], [ -74.673492, -49.994724 ], [ -74.6822, -50.008233 ], [ -74.693918, -50.018324 ], [ -74.700673, -50.028497 ], [ -74.694651, -50.042413 ], [ -74.679921, -50.050226 ], [ -74.660634, -50.050551 ], [ -74.641265, -50.047052 ], [ -74.626332, -50.042413 ], [ -74.563222, -50.004164 ], [ -74.536366, -49.994724 ], [ -74.547678, -49.97324 ], [ -74.612131, -49.911554 ], [ -74.595937, -49.919692 ], [ -74.550649, -49.953058 ], [ -74.531484, -49.960545 ], [ -74.517323, -49.959731 ], [ -74.503489, -49.955499 ], [ -74.485463, -49.953058 ], [ -74.474233, -49.944513 ], [ -74.468414, -49.925877 ], [ -74.471059, -49.906996 ], [ -74.485463, -49.898533 ], [ -74.501576, -49.894464 ], [ -74.516184, -49.88421 ], [ -74.524892, -49.870701 ], [ -74.523305, -49.856866 ], [ -74.507192, -49.86533 ], [ -74.48941, -49.869399 ], [ -74.476674, -49.863865 ], [ -74.475494, -49.843194 ], [ -74.465484, -49.851332 ], [ -74.460357, -49.861505 ], [ -74.454416, -49.884861 ], [ -74.444488, -49.870375 ], [ -74.436106, -49.841241 ], [ -74.431956, -49.809828 ], [ -74.43456, -49.78867 ], [ -74.454335, -49.772638 ], [ -74.513499, -49.757582 ], [ -74.536366, -49.747003 ], [ -74.516713, -49.738051 ], [ -74.506418, -49.73504 ], [ -74.495432, -49.733982 ], [ -74.483266, -49.736423 ], [ -74.468577, -49.74505 ], [ -74.45816, -49.747003 ], [ -74.434682, -49.747328 ], [ -74.423655, -49.744887 ], [ -74.420318, -49.734145 ], [ -74.420522, -49.68963 ], [ -74.423004, -49.67311 ], [ -74.430084, -49.657892 ], [ -74.444488, -49.641778 ], [ -74.460439, -49.631768 ], [ -74.483957, -49.623142 ], [ -74.50829, -49.620294 ], [ -74.526723, -49.627862 ], [ -74.534779, -49.64186 ], [ -74.538564, -49.668715 ], [ -74.561879, -49.699395 ], [ -74.577463, -49.71559 ], [ -74.593251, -49.724216 ], [ -74.605214, -49.713556 ], [ -74.603831, -49.693536 ], [ -74.588857, -49.679132 ], [ -74.570302, -49.668145 ], [ -74.558095, -49.658298 ], [ -74.556467, -49.649184 ], [ -74.558461, -49.629083 ], [ -74.554351, -49.621026 ], [ -74.546864, -49.615981 ], [ -74.531321, -49.608982 ], [ -74.506744, -49.593438 ], [ -74.503651, -49.587498 ], [ -74.502838, -49.572931 ], [ -74.506012, -49.563735 ], [ -74.520131, -49.548923 ], [ -74.527008, -49.528253 ], [ -74.534332, -49.523858 ], [ -74.539418, -49.519301 ], [ -74.536366, -49.507989 ], [ -74.529205, -49.500746 ], [ -74.504791, -49.48268 ], [ -74.495432, -49.473891 ], [ -74.485341, -49.459568 ], [ -74.476796, -49.442641 ], [ -74.470855, -49.423272 ], [ -74.466542, -49.379815 ], [ -74.44815, -49.322442 ], [ -74.44579, -49.302341 ], [ -74.44815, -49.243748 ], [ -74.447092, -49.231866 ], [ -74.445221, -49.222752 ], [ -74.444814, -49.213067 ], [ -74.44815, -49.19964 ], [ -74.452504, -49.191827 ], [ -74.463531, -49.180108 ], [ -74.468658, -49.172296 ], [ -74.473459, -49.148207 ], [ -74.461781, -49.119317 ], [ -74.485341, -49.079278 ], [ -74.494618, -49.057712 ], [ -74.507069, -49.039483 ], [ -74.530141, -49.028253 ], [ -74.507069, -49.013604 ], [ -74.486562, -48.99627 ], [ -74.47411, -48.974379 ], [ -74.475494, -48.946384 ], [ -74.488515, -48.918878 ], [ -74.505849, -48.905694 ], [ -74.528676, -48.905938 ], [ -74.558095, -48.91839 ], [ -74.563873, -48.900974 ], [ -74.553131, -48.890883 ], [ -74.537913, -48.881768 ], [ -74.530141, -48.866876 ], [ -74.530141, -48.811944 ], [ -74.522613, -48.752374 ], [ -74.525502, -48.722833 ], [ -74.543813, -48.70615 ], [ -74.569936, -48.712579 ], [ -74.597646, -48.73561 ], [ -74.616322, -48.76336 ], [ -74.615468, -48.784763 ], [ -74.610829, -48.796563 ], [ -74.609283, -48.814874 ], [ -74.609975, -48.832615 ], [ -74.612131, -48.842706 ], [ -74.62092, -48.850356 ], [ -74.634836, -48.855239 ], [ -74.651194, -48.857517 ], [ -74.667348, -48.857029 ], [ -74.659291, -48.843032 ], [ -74.634674, -48.827569 ], [ -74.626332, -48.815362 ], [ -74.627553, -48.807224 ], [ -74.637563, -48.782485 ], [ -74.640004, -48.770929 ], [ -74.635121, -48.757582 ], [ -74.625559, -48.745538 ], [ -74.618804, -48.734145 ], [ -74.62267, -48.722833 ], [ -74.635162, -48.719008 ], [ -74.664866, -48.730401 ], [ -74.680979, -48.726658 ], [ -74.664296, -48.72088 ], [ -74.661041, -48.709568 ], [ -74.667795, -48.696384 ], [ -74.680979, -48.684991 ], [ -74.696645, -48.679864 ], [ -74.756337, -48.678155 ], [ -74.771555, -48.680759 ], [ -74.783315, -48.687758 ], [ -74.791737, -48.698826 ], [ -74.797027, -48.712986 ], [ -74.79601, -48.725681 ], [ -74.79308, -48.74033 ], [ -74.794789, -48.747247 ], [ -74.807851, -48.736505 ], [ -74.820058, -48.702325 ], [ -74.830312, -48.689548 ], [ -74.848541, -48.695571 ], [ -74.867502, -48.712335 ], [ -74.877838, -48.719415 ], [ -74.985015, -48.759047 ], [ -75.009918, -48.774347 ], [ -75.003163, -48.778741 ], [ -74.997182, -48.780694 ], [ -74.971995, -48.782322 ], [ -74.970855, -48.785333 ], [ -74.972035, -48.789727 ], [ -74.958119, -48.811944 ], [ -74.952626, -48.816095 ], [ -74.948232, -48.818536 ], [ -74.944692, -48.821873 ], [ -74.94164, -48.829034 ], [ -74.950429, -48.822442 ], [ -74.962514, -48.815851 ], [ -74.975209, -48.810642 ], [ -74.998606, -48.806329 ], [ -75.026682, -48.794854 ], [ -75.045481, -48.801202 ], [ -75.057973, -48.816664 ], [ -75.061106, -48.837009 ], [ -75.051503, -48.857029 ], [ -75.01183, -48.873224 ], [ -74.964508, -48.862237 ], [ -74.916127, -48.845147 ], [ -74.872792, -48.842706 ], [ -74.883778, -48.848321 ], [ -74.944244, -48.866388 ], [ -74.972279, -48.881036 ], [ -74.985707, -48.88421 ], [ -75.002309, -48.886326 ], [ -75.015207, -48.891778 ], [ -75.020985, -48.900486 ], [ -75.016184, -48.911554 ], [ -75.003814, -48.918227 ], [ -74.987538, -48.920099 ], [ -74.954701, -48.91839 ], [ -74.983266, -48.952895 ], [ -74.986318, -48.96738 ], [ -74.961537, -48.973077 ], [ -74.964223, -48.976821 ], [ -74.968984, -48.986586 ], [ -74.941721, -48.985121 ], [ -74.913238, -48.973403 ], [ -74.865346, -48.946384 ], [ -74.837554, -48.939548 ], [ -74.823638, -48.950372 ], [ -74.818715, -48.974379 ], [ -74.818186, -49.007094 ], [ -74.84496, -48.979669 ], [ -74.856923, -48.976495 ], [ -74.936879, -48.99863 ], [ -74.954701, -49.007094 ], [ -74.804514, -49.103936 ], [ -74.833079, -49.104425 ], [ -74.846344, -49.106215 ], [ -74.85912, -49.110772 ], [ -74.850494, -49.122166 ], [ -74.84553, -49.127048 ], [ -74.838002, -49.13128 ], [ -74.848134, -49.140558 ], [ -74.856435, -49.151788 ], [ -74.857289, -49.162856 ], [ -74.844838, -49.172296 ], [ -74.844838, -49.179132 ], [ -74.857004, -49.17962 ], [ -74.867991, -49.183689 ], [ -74.875885, -49.191176 ], [ -74.878977, -49.202732 ], [ -74.87621, -49.216241 ], [ -74.868764, -49.225356 ], [ -74.844838, -49.239923 ], [ -74.873199, -49.232843 ], [ -74.885081, -49.254571 ], [ -74.886383, -49.312188 ], [ -74.893219, -49.364028 ], [ -74.906484, -49.368341 ], [ -74.914866, -49.359633 ], [ -74.919301, -49.345473 ], [ -74.920522, -49.333103 ], [ -74.930165, -49.314223 ], [ -74.952992, -49.296563 ], [ -75.003082, -49.267836 ], [ -75.066884, -49.209731 ], [ -75.092437, -49.19964 ], [ -75.086415, -49.217218 ], [ -75.072621, -49.234552 ], [ -75.054921, -49.249444 ], [ -75.037221, -49.260431 ], [ -75.049957, -49.266371 ], [ -75.066518, -49.268487 ], [ -75.09557, -49.267836 ], [ -75.112538, -49.273207 ], [ -75.111399, -49.285577 ], [ -75.103017, -49.299412 ], [ -75.098704, -49.30877 ], [ -75.111155, -49.319431 ], [ -75.159983, -49.294122 ], [ -75.187408, -49.288263 ], [ -75.187408, -49.29518 ], [ -75.168365, -49.337986 ], [ -75.160756, -49.349786 ], [ -75.145619, -49.358494 ], [ -75.108876, -49.363946 ], [ -75.092437, -49.370294 ], [ -75.133901, -49.379653 ], [ -75.152211, -49.377699 ], [ -75.170725, -49.36712 ], [ -75.177154, -49.360447 ], [ -75.18517, -49.347263 ], [ -75.259755, -49.264093 ], [ -75.280263, -49.254653 ], [ -75.30606, -49.254571 ], [ -75.323354, -49.263604 ], [ -75.317779, -49.281427 ], [ -75.325836, -49.298761 ], [ -75.320546, -49.315362 ], [ -75.307362, -49.329685 ], [ -75.291737, -49.340102 ], [ -75.288319, -49.370782 ], [ -75.259674, -49.401462 ], [ -75.220937, -49.426039 ], [ -75.187408, -49.439142 ], [ -75.201568, -49.450616 ], [ -75.192454, -49.466974 ], [ -75.175608, -49.484959 ], [ -75.166982, -49.501153 ], [ -75.205312, -49.479099 ], [ -75.288686, -49.416111 ], [ -75.330881, -49.346938 ], [ -75.357493, -49.31406 ], [ -75.368967, -49.295017 ], [ -75.38329, -49.28045 ], [ -75.407135, -49.274672 ], [ -75.427235, -49.279474 ], [ -75.446889, -49.291192 ], [ -75.461985, -49.306573 ], [ -75.468617, -49.322442 ], [ -75.467275, -49.332696 ], [ -75.46288, -49.338067 ], [ -75.457916, -49.342543 ], [ -75.454945, -49.349786 ], [ -75.440766, -49.369449 ], [ -75.432541, -49.384879 ], [ -75.4232, -49.411058 ], [ -75.406672, -49.42728 ], [ -75.383046, -49.434747 ], [ -75.359364, -49.432306 ], [ -75.372141, -49.448989 ], [ -75.375478, -49.456801 ], [ -75.373036, -49.466485 ], [ -75.36205, -49.461358 ], [ -75.350657, -49.459568 ], [ -75.325266, -49.459649 ], [ -75.336578, -49.477309 ], [ -75.346832, -49.4874 ], [ -75.348785, -49.496352 ], [ -75.335194, -49.511163 ], [ -75.321929, -49.511163 ], [ -75.272084, -49.499282 ], [ -75.256337, -49.493829 ], [ -75.269358, -49.509535 ], [ -75.310211, -49.537856 ], [ -75.317779, -49.549005 ], [ -75.305409, -49.560154 ], [ -75.280751, -49.564711 ], [ -75.25414, -49.563165 ], [ -75.235911, -49.555841 ], [ -75.252756, -49.588556 ], [ -75.266184, -49.599379 ], [ -75.287424, -49.603692 ], [ -75.295277, -49.609063 ], [ -75.298166, -49.621026 ], [ -75.297231, -49.632989 ], [ -75.293935, -49.63836 ], [ -75.283844, -49.640313 ], [ -75.249501, -49.652032 ], [ -75.253041, -49.657892 ], [ -75.259836, -49.673435 ], [ -75.263173, -49.679376 ], [ -75.252105, -49.686944 ], [ -75.227854, -49.692478 ], [ -75.215403, -49.699314 ], [ -75.206939, -49.708429 ], [ -75.205149, -49.716078 ], [ -75.209299, -49.753025 ], [ -75.206695, -49.760431 ], [ -75.198313, -49.771173 ] ] } },
{ "type": "Feature", "properties": { "featurecla": "Coastline", "scalerank": 6, "min_zoom": 5.0 }, "geometry": { "type": "LineString", "coordinates": [ [ -75.085032, -48.637302 ], [ -75.093495, -48.642511 ], [ -75.126047, -48.668064 ], [ -75.138173, -48.690688 ], [ -75.182973, -48.718927 ], [ -75.180653, -48.732843 ], [ -75.180653, -48.74033 ], [ -75.201894, -48.743097 ], [ -75.229604, -48.752374 ], [ -75.249135, -48.766778 ], [ -75.246083, -48.784763 ], [ -75.232004, -48.794692 ], [ -75.214711, -48.801935 ], [ -75.148793, -48.81878 ], [ -75.132151, -48.820082 ], [ -75.119252, -48.817153 ], [ -75.109446, -48.809177 ], [ -75.098215, -48.796482 ], [ -75.088938, -48.782647 ], [ -75.085032, -48.770929 ], [ -75.080312, -48.749282 ], [ -75.060658, -48.699395 ], [ -75.057729, -48.671482 ], [ -75.059926, -48.654392 ], [ -75.064117, -48.643243 ], [ -75.072011, -48.637791 ], [ -75.085032, -48.637302 ] ] } },
{ "type": "Feature", "properties": { "featurecla": "Coastline", "scalerank": 6, "min_zoom": 5.0 }, "geometry": { "type": "LineString", "coordinates": [ [ -75.02359, -48.688735 ], [ -75.026682, -48.700291 ], [ -75.040517, -48.718927 ], [ -75.044057, -48.732843 ], [ -75.023061, -48.744561 ], [ -74.988271, -48.740492 ], [ -74.928049, -48.719171 ], [ -74.85204, -48.676202 ], [ -74.824941, -48.664483 ], [ -74.824941, -48.65838 ], [ -74.872222, -48.645196 ], [ -74.898101, -48.642673 ], [ -74.947255, -48.655369 ], [ -74.968617, -48.653253 ], [ -75.009918, -48.637302 ], [ -75.009389, -48.655694 ], [ -75.003245, -48.668145 ], [ -74.991689, -48.677016 ], [ -74.975168, -48.684991 ], [ -75.005279, -48.680597 ], [ -75.018219, -48.681085 ], [ -75.02359, -48.688735 ] ] } },
{ "type": "Feature", "properties": { "featurecla": "Coastline", "scalerank": 6, "min_zoom": 5.0 }, "geometry": { "type": "LineString", "coordinates": [ [ -75.338938, -48.6242 ], [ -75.34557, -48.626886 ], [ -75.46052, -48.699884 ], [ -75.507558, -48.717543 ], [ -75.557973, -48.719171 ], [ -75.614369, -48.70322 ], [ -75.641835, -48.701349 ], [ -75.653554, -48.715997 ], [ -75.653635, -48.760837 ], [ -75.647857, -48.778904 ], [ -75.633127, -48.788018 ], [ -75.61262, -48.794854 ], [ -75.591786, -48.792169 ], [ -75.551137, -48.781345 ], [ -75.509836, -48.778904 ], [ -75.493235, -48.775567 ], [ -75.476064, -48.767511 ], [ -75.471791, -48.763849 ], [ -75.461497, -48.752374 ], [ -75.454945, -48.747166 ], [ -75.447133, -48.743341 ], [ -75.42984, -48.737481 ], [ -75.421457, -48.732843 ], [ -75.397817, -48.705743 ], [ -75.384185, -48.696466 ], [ -75.3662, -48.698663 ], [ -75.373036, -48.698663 ], [ -75.372874, -48.702732 ], [ -75.378407, -48.717055 ], [ -75.379872, -48.722833 ], [ -75.376943, -48.726495 ], [ -75.362213, -48.727472 ], [ -75.356028, -48.72975 ], [ -75.345082, -48.736749 ], [ -75.336293, -48.737074 ], [ -75.327016, -48.734552 ], [ -75.314687, -48.732843 ], [ -75.296986, -48.727146 ], [ -75.287953, -48.712986 ], [ -75.286285, -48.695001 ], [ -75.290435, -48.678155 ], [ -75.297231, -48.663751 ], [ -75.301991, -48.658136 ], [ -75.308827, -48.657647 ], [ -75.321523, -48.65838 ], [ -75.327463, -48.659356 ], [ -75.33845, -48.66253 ], [ -75.342356, -48.661391 ], [ -75.345448, -48.655938 ], [ -75.34496, -48.650323 ], [ -75.341298, -48.645929 ], [ -75.335194, -48.644138 ], [ -75.32901, -48.640883 ], [ -75.325551, -48.633966 ], [ -75.327748, -48.62713 ], [ -75.338938, -48.6242 ] ] } },
{ "type": "Feature", "properties": { "featurecla": "Coastline", "scalerank": 5, "min_zoom": 4.0 }, "geometry": { "type": "LineString", "coordinates": [ [ -75.328359, -48.552179 ], [ -75.335764, -48.545831 ], [ -75.343414, -48.542087 ], [ -75.353098, -48.540785 ], [ -75.3662, -48.541681 ], [ -75.354482, -48.525811 ], [ -75.35261, -48.521173 ], [ -75.340566, -48.458429 ], [ -75.338938, -48.435479 ], [ -75.34435, -48.427423 ], [ -75.355824, -48.435642 ], [ -75.365631, -48.448012 ], [ -75.3662, -48.452895 ], [ -75.377187, -48.45908 ], [ -75.378774, -48.460138 ], [ -75.379221, -48.455824 ], [ -75.386708, -48.445489 ], [ -75.381418, -48.434503 ], [ -75.382192, -48.427911 ], [ -75.393544, -48.424981 ], [ -75.399892, -48.426446 ], [ -75.406606, -48.430352 ], [ -75.411855, -48.435968 ], [ -75.417104, -48.452813 ], [ -75.42394, -48.458754 ], [ -75.430735, -48.458429 ], [ -75.438629, -48.428481 ], [ -75.450592, -48.428888 ], [ -75.482249, -48.452895 ], [ -75.49885, -48.462009 ], [ -75.524322, -48.471856 ], [ -75.547719, -48.472914 ], [ -75.557973, -48.455987 ], [ -75.564361, -48.450372 ], [ -75.579172, -48.444268 ], [ -75.595367, -48.440037 ], [ -75.606435, -48.439223 ], [ -75.622426, -48.445733 ], [ -75.62149, -48.451349 ], [ -75.614573, -48.457696 ], [ -75.61262, -48.465916 ], [ -75.627065, -48.481134 ], [ -75.642934, -48.482517 ], [ -75.655751, -48.48504 ], [ -75.661041, -48.504083 ], [ -75.653879, -48.548028 ], [ -75.656972, -48.567071 ], [ -75.675364, -48.583185 ], [ -75.644439, -48.618422 ], [ -75.626129, -48.632013 ], [ -75.598948, -48.637302 ], [ -75.586049, -48.633966 ], [ -75.551137, -48.610528 ], [ -75.536692, -48.606134 ], [ -75.489125, -48.603692 ], [ -75.499013, -48.615004 ], [ -75.528798, -48.628106 ], [ -75.543772, -48.637302 ], [ -75.51415, -48.632582 ], [ -75.464426, -48.613458 ], [ -75.440663, -48.610528 ], [ -75.452504, -48.630955 ], [ -75.473297, -48.648126 ], [ -75.499379, -48.660089 ], [ -75.527252, -48.664483 ], [ -75.59553, -48.65838 ], [ -75.606557, -48.661065 ], [ -75.610178, -48.668064 ], [ -75.607818, -48.676935 ], [ -75.601226, -48.685642 ], [ -75.58845, -48.694431 ], [ -75.573232, -48.699151 ], [ -75.55724, -48.700942 ], [ -75.541656, -48.70086 ], [ -75.506215, -48.694757 ], [ -75.339915, -48.614841 ], [ -75.321523, -48.60003 ], [ -75.317738, -48.589532 ], [ -75.318837, -48.575372 ], [ -75.322987, -48.561293 ], [ -75.328359, -48.552179 ] ] } },
{ "type": "Feature", "properties": { "featurecla": "Coastline", "scalerank": 5, "min_zoom": 6.0 }, "geometry": { "type": "LineString", "coordinates": [ [ -74.472076, -48.455987 ], [ -74.466705, -48.462335 ], [ -74.465688, -48.467055 ], [ -74.46524, -48.472101 ], [ -74.461822, -48.479587 ], [ -74.438547, -48.516534 ], [ -74.429026, -48.525811 ], [ -74.400054, -48.525486 ], [ -74.341705, -48.500258 ], [ -74.314117, -48.493829 ], [ -74.306549, -48.489435 ], [ -74.303131, -48.479913 ], [ -74.303375, -48.47031 ], [ -74.306996, -48.465916 ], [ -74.313954, -48.464288 ], [ -74.407216, -48.418145 ], [ -74.476877, -48.405532 ], [ -74.510243, -48.408298 ], [ -74.506256, -48.428399 ], [ -74.472076, -48.455987 ] ] } },
{ "type": "Feature", "properties": { "featurecla": "Coastline", "scalerank": 6, "min_zoom": 5.0 }, "geometry": { "type": "LineString", "coordinates": [ [ -74.090688, -48.479587 ], [ -74.068593, -48.479669 ], [ -74.054189, -48.455011 ], [ -74.0572, -48.425551 ], [ -74.08727, -48.41131 ], [ -74.120432, -48.40488 ], [ -74.163808, -48.373956 ], [ -74.193715, -48.363458 ], [ -74.211903, -48.363702 ], [ -74.235219, -48.368097 ], [ -74.250803, -48.378025 ], [ -74.245513, -48.39422 ], [ -74.200795, -48.422133 ], [ -74.179067, -48.443129 ], [ -74.110992, -48.473565 ], [ -74.090688, -48.479587 ] ] } },
{ "type": "Feature", "properties": { "featurecla": "Coastline", "scalerank": 6, "min_zoom": 5.0 }, "geometry": { "type": "LineString", "coordinates": [ [ -74.495432, -48.349867 ], [ -74.460846, -48.384454 ], [ -74.339101, -48.422947 ], [ -74.271718, -48.46266 ], [ -74.243031, -48.459242 ], [ -74.223297, -48.44492 ], [ -74.232249, -48.421563 ], [ -74.282216, -48.385431 ], [ -74.302317, -48.363377 ], [ -74.310414, -48.332452 ], [ -74.298451, -48.303969 ], [ -74.297963, -48.288018 ], [ -74.314117, -48.280938 ], [ -74.332102, -48.281345 ], [ -74.345448, -48.283298 ], [ -74.357655, -48.28753 ], [ -74.371897, -48.29518 ], [ -74.393178, -48.313165 ], [ -74.395172, -48.330173 ], [ -74.382232, -48.348403 ], [ -74.358795, -48.370294 ], [ -74.424062, -48.346612 ], [ -74.458241, -48.340753 ], [ -74.495432, -48.349867 ] ] } },
{ "type": "Feature", "properties": { "featurecla": "Coastline", "scalerank": 3, "min_zoom": 0.0 }, "geometry": { "type": "LineString", "coordinates": [ [ -74.499135, -48.583185 ], [ -74.520131, -48.582452 ], [ -74.526519, -48.583429 ], [ -74.523305, -48.60711 ], [ -74.530629, -48.621759 ], [ -74.547434, -48.615981 ], [ -74.591461, -48.575372 ], [ -74.599436, -48.563653 ], [ -74.603424, -48.549493 ], [ -74.605214, -48.528009 ], [ -74.602122, -48.475274 ], [ -74.605214, -48.459161 ], [ -74.618031, -48.442071 ], [ -74.63561, -48.431573 ], [ -74.673492, -48.418145 ], [ -74.647369, -48.40781 ], [ -74.613149, -48.40838 ], [ -74.586903, -48.403416 ], [ -74.584788, -48.37656 ], [ -74.597035, -48.35589 ], [ -74.617787, -48.333754 ], [ -74.641835, -48.316095 ], [ -74.680043, -48.303399 ], [ -74.679433, -48.290704 ], [ -74.667348, -48.264255 ], [ -74.672597, -48.250909 ], [ -74.684397, -48.2374 ], [ -74.696156, -48.228692 ], [ -74.701487, -48.229425 ], [ -74.708323, -48.233494 ], [ -74.721303, -48.221938 ], [ -74.728586, -48.20672 ], [ -74.718495, -48.198989 ], [ -74.703359, -48.19492 ], [ -74.697621, -48.18434 ], [ -74.698069, -48.170831 ], [ -74.701487, -48.157403 ], [ -74.709218, -48.142755 ], [ -74.722239, -48.130548 ], [ -74.73766, -48.125746 ], [ -74.752919, -48.133559 ], [ -74.764312, -48.152602 ], [ -74.76476, -48.169692 ], [ -74.76183, -48.188246 ], [ -74.762929, -48.212091 ], [ -74.771392, -48.22975 ], [ -74.798655, -48.266371 ], [ -74.804514, -48.284356 ], [ -74.813588, -48.342543 ], [ -74.811269, -48.363458 ], [ -74.756337, -48.424981 ], [ -74.725982, -48.428481 ], [ -74.71345, -48.438246 ], [ -74.717152, -48.453546 ], [ -74.735585, -48.473321 ], [ -74.750885, -48.484796 ], [ -74.765614, -48.489353 ], [ -74.781565, -48.48504 ], [ -74.800771, -48.469659 ], [ -74.811025, -48.449802 ], [ -74.819976, -48.403497 ], [ -74.831858, -48.390802 ], [ -74.845937, -48.390232 ], [ -74.87149, -48.401951 ], [ -74.886098, -48.405043 ], [ -74.898264, -48.40602 ], [ -74.920155, -48.410333 ], [ -74.93106, -48.41131 ], [ -74.945627, -48.417576 ], [ -75.00829, -48.468438 ], [ -75.023752, -48.484633 ], [ -75.03307, -48.50449 ], [ -75.026682, -48.524591 ], [ -75.016713, -48.544692 ], [ -75.010854, -48.586847 ], [ -74.996246, -48.603692 ], [ -74.97411, -48.613377 ], [ -74.947133, -48.619561 ], [ -74.867014, -48.626642 ], [ -74.817535, -48.636407 ], [ -74.790842, -48.637302 ], [ -74.764394, -48.630955 ], [ -74.7506, -48.62949 ], [ -74.739003, -48.634047 ], [ -74.712961, -48.655043 ], [ -74.704905, -48.65838 ], [ -74.692128, -48.659356 ], [ -74.667388, -48.666762 ], [ -74.65567, -48.671808 ], [ -74.621002, -48.691827 ], [ -74.60733, -48.693943 ], [ -74.592112, -48.691339 ], [ -74.562652, -48.680597 ], [ -74.52774, -48.6749 ], [ -74.514068, -48.666111 ], [ -74.492299, -48.64072 ], [ -74.48526, -48.626153 ], [ -74.483022, -48.60711 ], [ -74.487131, -48.590427 ], [ -74.499135, -48.583185 ] ] } },
{ "type": "Feature", "properties": { "featurecla": "Coastline", "scalerank": 5, "min_zoom": 6.0 }, "geometry": { "type": "LineString", "coordinates": [ [ -74.543813, -48.321954 ], [ -74.534413, -48.335626 ], [ -74.519399, -48.333185 ], [ -74.489166, -48.315688 ], [ -74.454416, -48.308852 ], [ -74.44811, -48.305271 ], [ -74.445139, -48.300714 ], [ -74.440989, -48.296808 ], [ -74.417633, -48.294122 ], [ -74.40392, -48.289972 ], [ -74.390859, -48.281508 ], [ -74.379303, -48.267267 ], [ -74.372629, -48.253188 ], [ -74.373402, -48.244236 ], [ -74.381418, -48.235528 ], [ -74.409576, -48.213067 ], [ -74.451243, -48.190037 ], [ -74.465321, -48.185317 ], [ -74.47411, -48.179783 ], [ -74.502838, -48.143731 ], [ -74.533844, -48.124607 ], [ -74.558176, -48.122328 ], [ -74.580393, -48.134373 ], [ -74.605214, -48.157403 ], [ -74.599599, -48.158868 ], [ -74.590443, -48.163018 ], [ -74.584788, -48.164239 ], [ -74.593902, -48.181736 ], [ -74.601796, -48.209568 ], [ -74.603749, -48.235447 ], [ -74.595041, -48.24684 ], [ -74.575103, -48.240655 ], [ -74.564117, -48.226495 ], [ -74.555776, -48.210545 ], [ -74.543813, -48.198989 ], [ -74.521881, -48.194513 ], [ -74.529449, -48.209893 ], [ -74.558095, -48.243422 ], [ -74.555816, -48.285577 ], [ -74.551584, -48.303481 ], [ -74.543813, -48.321954 ] ] } },
{ "type": "Feature", "properties": { "featurecla": "Coastline", "scalerank": 3, "min_zoom": 0.0 }, "geometry": { "type": "LineString", "coordinates": [ [ -75.160756, -48.298435 ], [ -75.155832, -48.312188 ], [ -75.144195, -48.32171 ], [ -75.119781, -48.335626 ], [ -75.083892, -48.376072 ], [ -75.078765, -48.387384 ], [ -75.076568, -48.39422 ], [ -75.066762, -48.404718 ], [ -75.063954, -48.419529 ], [ -75.062367, -48.424005 ], [ -75.059885, -48.428481 ], [ -75.056752, -48.432712 ], [ -75.031117, -48.44378 ], [ -74.998687, -48.427423 ], [ -74.963938, -48.403253 ], [ -74.921376, -48.387953 ], [ -74.902577, -48.374688 ], [ -74.893219, -48.370294 ], [ -74.882802, -48.370294 ], [ -74.873525, -48.372817 ], [ -74.863881, -48.3742 ], [ -74.852284, -48.370294 ], [ -74.841298, -48.359308 ], [ -74.837392, -48.344822 ], [ -74.839345, -48.27044 ], [ -74.834869, -48.249282 ], [ -74.810536, -48.232029 ], [ -74.805572, -48.212986 ], [ -74.804514, -48.174493 ], [ -74.812327, -48.172784 ], [ -74.82782, -48.145492 ], [ -74.86602, -48.129643 ], [ -74.88951, -48.119735 ], [ -74.910086, -48.11476 ], [ -74.977608, -48.093889 ], [ -75.017505, -48.08302 ], [ -75.045277, -48.093194 ], [ -75.085032, -48.089776 ], [ -75.081695, -48.093683 ], [ -75.079661, -48.096856 ], [ -75.076894, -48.099705 ], [ -75.071401, -48.102797 ], [ -75.071401, -48.109633 ], [ -75.120473, -48.102634 ], [ -75.143544, -48.094496 ], [ -75.15331, -48.078709 ], [ -75.167592, -48.075291 ], [ -75.256337, -48.068617 ], [ -75.256337, -48.075453 ], [ -75.252594, -48.082452 ], [ -75.250966, -48.096612 ], [ -75.249501, -48.102797 ], [ -75.244211, -48.109063 ], [ -75.23766, -48.113051 ], [ -75.232045, -48.118097 ], [ -75.229644, -48.126723 ], [ -75.218821, -48.140313 ], [ -75.2176, -48.14422 ], [ -75.221099, -48.15488 ], [ -75.222239, -48.160821 ], [ -75.2176, -48.168552 ], [ -75.195302, -48.17669 ], [ -75.187408, -48.185317 ], [ -75.188588, -48.195245 ], [ -75.196156, -48.202569 ], [ -75.204457, -48.207778 ], [ -75.207916, -48.212091 ], [ -75.20108, -48.220961 ], [ -75.189768, -48.225193 ], [ -75.179067, -48.227227 ], [ -75.174428, -48.229425 ], [ -75.170033, -48.250584 ], [ -75.158111, -48.260675 ], [ -75.140736, -48.262953 ], [ -75.119781, -48.261 ], [ -75.129058, -48.272882 ], [ -75.155344, -48.286879 ], [ -75.160756, -48.298435 ] ] } },
{ "type": "Feature", "properties": { "featurecla": "Coastline", "scalerank": 3, "min_zoom": 0.0 }, "geometry": { "type": "LineString", "coordinates": [ [ -75.149892, -48.65838 ], [ -75.164622, -48.663344 ], [ -75.205434, -48.699802 ], [ -75.224477, -48.706476 ], [ -75.239613, -48.70143 ], [ -75.24942, -48.686944 ], [ -75.252919, -48.665623 ], [ -75.249176, -48.656996 ], [ -75.2412, -48.650974 ], [ -75.233266, -48.646742 ], [ -75.229644, -48.644138 ], [ -75.229644, -48.637302 ], [ -75.243723, -48.637384 ], [ -75.255523, -48.640313 ], [ -75.266225, -48.641534 ], [ -75.276845, -48.637302 ], [ -75.282826, -48.630548 ], [ -75.284047, -48.62363 ], [ -75.280019, -48.616876 ], [ -75.270619, -48.610528 ], [ -75.28246, -48.604425 ], [ -75.295725, -48.591974 ], [ -75.304107, -48.577732 ], [ -75.301015, -48.565851 ], [ -75.291168, -48.552667 ], [ -75.293202, -48.541111 ], [ -75.314687, -48.517755 ], [ -75.320668, -48.492446 ], [ -75.309926, -48.461358 ], [ -75.290598, -48.435235 ], [ -75.270619, -48.424981 ], [ -75.270619, -48.418145 ], [ -75.301625, -48.408461 ], [ -75.318023, -48.401462 ], [ -75.325266, -48.39422 ], [ -75.317983, -48.363214 ], [ -75.317942, -48.348891 ], [ -75.328359, -48.343032 ], [ -75.336781, -48.348565 ], [ -75.357533, -48.375177 ], [ -75.3662, -48.383966 ], [ -75.380238, -48.390313 ], [ -75.396962, -48.394627 ], [ -75.413726, -48.395278 ], [ -75.427642, -48.390802 ], [ -75.43814, -48.405532 ], [ -75.460194, -48.416599 ], [ -75.486562, -48.423028 ], [ -75.510243, -48.424981 ], [ -75.537343, -48.415785 ], [ -75.554189, -48.397149 ], [ -75.555002, -48.378595 ], [ -75.534088, -48.370294 ], [ -75.524648, -48.368585 ], [ -75.474436, -48.353692 ], [ -75.430735, -48.349867 ], [ -75.405588, -48.344415 ], [ -75.384389, -48.331313 ], [ -75.345774, -48.301446 ], [ -75.345774, -48.29518 ], [ -75.363759, -48.295343 ], [ -75.378489, -48.301528 ], [ -75.391998, -48.309828 ], [ -75.407135, -48.315688 ], [ -75.402699, -48.294122 ], [ -75.394154, -48.274102 ], [ -75.411936, -48.283461 ], [ -75.442494, -48.307387 ], [ -75.461822, -48.315688 ], [ -75.467152, -48.311293 ], [ -75.477162, -48.306085 ], [ -75.482249, -48.301446 ], [ -75.510732, -48.31992 ], [ -75.527659, -48.325779 ], [ -75.543772, -48.321954 ], [ -75.554311, -48.307712 ], [ -75.551503, -48.293715 ], [ -75.541412, -48.281996 ], [ -75.53067, -48.274102 ], [ -75.473053, -48.246189 ], [ -75.446929, -48.226658 ], [ -75.433909, -48.198989 ], [ -75.457875, -48.202732 ], [ -75.496083, -48.227227 ], [ -75.520497, -48.233168 ], [ -75.530507, -48.231378 ], [ -75.54011, -48.226251 ], [ -75.544911, -48.21852 ], [ -75.540598, -48.208917 ], [ -75.532541, -48.199314 ], [ -75.53246, -48.194268 ], [ -75.554107, -48.17669 ], [ -75.56078, -48.1749 ], [ -75.565826, -48.171319 ], [ -75.571645, -48.157403 ], [ -75.571645, -48.119561 ], [ -75.573801, -48.111261 ], [ -75.583241, -48.097426 ], [ -75.585317, -48.085707 ], [ -75.551137, -48.055759 ], [ -75.535146, -48.045831 ], [ -75.504628, -48.031345 ], [ -75.475087, -48.0263 ], [ -75.461822, -48.045099 ], [ -75.456451, -48.065525 ], [ -75.444244, -48.058526 ], [ -75.421457, -48.027765 ], [ -75.406158, -48.01922 ], [ -75.378082, -48.008233 ], [ -75.350982, -48.00449 ], [ -75.338938, -48.017511 ], [ -75.341664, -48.028741 ], [ -75.350942, -48.051202 ], [ -75.34911, -48.059177 ], [ -75.33495, -48.074802 ], [ -75.325266, -48.089776 ], [ -75.324859, -48.097426 ], [ -75.325673, -48.106703 ], [ -75.321156, -48.110772 ], [ -75.304758, -48.102797 ], [ -75.298736, -48.125421 ], [ -75.280873, -48.145685 ], [ -75.26891, -48.165948 ], [ -75.280588, -48.188572 ], [ -75.286488, -48.195977 ], [ -75.290761, -48.206313 ], [ -75.289947, -48.215509 ], [ -75.280588, -48.219496 ], [ -75.276031, -48.216485 ], [ -75.274403, -48.211033 ], [ -75.271474, -48.207778 ], [ -75.263173, -48.212091 ], [ -75.260894, -48.218357 ], [ -75.263092, -48.226983 ], [ -75.267201, -48.23504 ], [ -75.270619, -48.240004 ], [ -75.256459, -48.24505 ], [ -75.248362, -48.251886 ], [ -75.210927, -48.312921 ], [ -75.207916, -48.325616 ], [ -75.203928, -48.335545 ], [ -75.194732, -48.347914 ], [ -75.18456, -48.358819 ], [ -75.177561, -48.363458 ], [ -75.164784, -48.369561 ], [ -75.169342, -48.383396 ], [ -75.187408, -48.41131 ], [ -75.151763, -48.408949 ], [ -75.134267, -48.42254 ], [ -75.121083, -48.444024 ], [ -75.098704, -48.465916 ], [ -75.111318, -48.470392 ], [ -75.138783, -48.476251 ], [ -75.149892, -48.483005 ], [ -75.144765, -48.488702 ], [ -75.103831, -48.498956 ], [ -75.088735, -48.500665 ], [ -75.083404, -48.507745 ], [ -75.08552, -48.523533 ], [ -75.092437, -48.549086 ], [ -75.088246, -48.55877 ], [ -75.073598, -48.582452 ], [ -75.071401, -48.596287 ], [ -75.082753, -48.613458 ], [ -75.106923, -48.633966 ], [ -75.132924, -48.651137 ], [ -75.149892, -48.65838 ] ] } },
{ "type": "Feature", "properties": { "featurecla": "Coastline", "scalerank": 5, "min_zoom": 4.0 }, "geometry": { "type": "LineString", "coordinates": [ [ -75.270619, -48.027765 ], [ -75.254954, -48.038995 ], [ -75.249501, -48.041925 ], [ -75.227854, -48.042657 ], [ -75.19811, -48.039972 ], [ -75.169097, -48.033868 ], [ -75.149892, -48.024347 ], [ -75.134633, -48.009373 ], [ -75.119985, -47.997817 ], [ -75.102406, -47.990167 ], [ -75.066884, -47.986261 ], [ -75.052358, -47.986261 ], [ -75.038726, -47.988377 ], [ -75.029775, -47.993585 ], [ -75.026601, -48.005466 ], [ -75.036448, -48.022882 ], [ -75.033518, -48.031183 ], [ -75.012847, -48.041436 ], [ -74.963694, -48.04697 ], [ -74.94164, -48.055759 ], [ -74.896486, -48.068214 ], [ -74.852073, -48.072141 ], [ -74.79331, -48.077993 ], [ -74.727379, -48.105892 ], [ -74.757351, -48.042546 ], [ -74.764419, -48.021441 ], [ -74.784422, -48.011834 ], [ -74.821523, -48.014093 ], [ -74.834869, -48.007908 ], [ -74.818661, -47.993585 ], [ -74.784201, -47.98885 ], [ -74.777182, -47.970612 ], [ -74.784369, -47.949486 ], [ -74.812982, -47.938897 ], [ -74.807242, -47.928348 ], [ -74.788643, -47.916845 ], [ -74.780045, -47.903413 ], [ -74.765737, -47.884212 ], [ -74.767757, -47.854055 ], [ -74.776627, -47.828811 ], [ -74.788324, -47.812324 ], [ -74.818186, -47.815525 ], [ -74.83137, -47.810805 ], [ -74.841786, -47.817478 ], [ -74.854075, -47.822931 ], [ -74.872792, -47.815525 ], [ -74.890736, -47.828709 ], [ -74.902333, -47.847101 ], [ -74.921256, -47.865152 ], [ -74.942926, -47.883666 ], [ -75.008185, -47.868207 ], [ -75.044398, -47.868242 ], [ -75.087897, -47.867306 ], [ -75.167773, -47.893604 ], [ -75.207021, -47.916947 ], [ -75.235911, -47.972426 ], [ -75.223215, -47.992608 ], [ -75.231679, -48.005466 ], [ -75.270619, -48.027765 ] ] } },
{ "type": "Feature", "properties": { "featurecla": "Coastline", "scalerank": 3, "min_zoom": 0.5 }, "geometry": { "type": "LineString", "coordinates": [ [ -74.413726, -47.938246 ], [ -74.389638, -47.94199 ], [ -74.374827, -47.950779 ], [ -74.362172, -47.962009 ], [ -74.344553, -47.972426 ], [ -74.318471, -47.981215 ], [ -74.167063, -47.959405 ], [ -74.130238, -47.947035 ], [ -74.115549, -47.945896 ], [ -74.024526, -47.953871 ], [ -73.995717, -47.945896 ], [ -73.963368, -47.926935 ], [ -73.951039, -47.924574 ], [ -73.934478, -47.917739 ], [ -73.924875, -47.915948 ], [ -73.920644, -47.921319 ], [ -73.922271, -47.926935 ], [ -73.926259, -47.934828 ], [ -73.930776, -47.940199 ], [ -73.934316, -47.938246 ], [ -73.930002, -47.957696 ], [ -73.923004, -47.963637 ], [ -73.909779, -47.955987 ], [ -73.861684, -47.952569 ], [ -73.837026, -47.953871 ], [ -73.831207, -47.952569 ], [ -73.826731, -47.946954 ], [ -73.826039, -47.941095 ], [ -73.827992, -47.93727 ], [ -73.831207, -47.938246 ], [ -73.81078, -47.911716 ], [ -73.808909, -47.887384 ], [ -73.81843, -47.866388 ], [ -73.836903, -47.856866 ], [ -73.861684, -47.866957 ], [ -73.884145, -47.879978 ], [ -73.907582, -47.883884 ], [ -73.931386, -47.880141 ], [ -73.975697, -47.859796 ], [ -73.995473, -47.853611 ], [ -74.074818, -47.847833 ], [ -74.245229, -47.80641 ], [ -74.289906, -47.807387 ], [ -74.330922, -47.822198 ], [ -74.284291, -47.845798 ], [ -74.260894, -47.860935 ], [ -74.248931, -47.876886 ], [ -74.282582, -47.866143 ], [ -74.323638, -47.84531 ], [ -74.364247, -47.830824 ], [ -74.396352, -47.839451 ], [ -74.421539, -47.860284 ], [ -74.476674, -47.896254 ], [ -74.502838, -47.917901 ], [ -74.482167, -47.930352 ], [ -74.461537, -47.936293 ], [ -74.413726, -47.938246 ] ] } },
{ "type": "Feature", "properties": { "featurecla": "Coastline", "scalerank": 5, "min_zoom": 3.0 }, "geometry": { "type": "LineString", "coordinates": [ [ -75.182362, -47.831476 ], [ -75.196714, -47.836492 ], [ -75.220521, -47.846748 ], [ -75.227314, -47.854714 ], [ -75.161051, -47.837614 ], [ -75.132187, -47.839869 ], [ -75.098704, -47.832208 ], [ -75.093861, -47.826837 ], [ -75.050756, -47.822699 ], [ -75.023682, -47.803325 ], [ -75.044034, -47.790827 ], [ -75.068959, -47.779392 ], [ -75.077138, -47.772719 ], [ -75.088735, -47.777276 ], [ -75.10143, -47.783868 ], [ -75.11559, -47.785821 ], [ -75.123199, -47.781915 ], [ -75.116363, -47.770766 ], [ -75.106313, -47.76629 ], [ -75.095082, -47.765313 ], [ -75.059369, -47.749887 ], [ -75.062789, -47.733961 ], [ -75.076393, -47.700971 ], [ -75.091638, -47.680492 ], [ -75.117004, -47.679364 ], [ -75.15331, -47.698826 ], [ -75.151357, -47.703058 ], [ -75.167762, -47.708966 ], [ -75.186384, -47.711239 ], [ -75.208407, -47.716926 ], [ -75.245685, -47.723738 ], [ -75.267677, -47.712334 ], [ -75.294755, -47.703196 ], [ -75.318486, -47.706584 ], [ -75.337191, -47.721361 ], [ -75.355913, -47.73614 ], [ -75.333958, -47.758953 ], [ -75.342546, -47.782862 ], [ -75.304758, -47.767673 ], [ -75.266162, -47.776107 ], [ -75.222098, -47.792074 ], [ -75.191566, -47.808012 ], [ -75.182362, -47.831476 ] ] } },
{ "type": "Feature", "properties": { "featurecla": "Coastline", "scalerank": 5, "min_zoom": 3.0 }, "geometry": { "type": "LineString", "coordinates": [ [ -74.885229, -47.712063 ], [ -74.903955, -47.685935 ], [ -74.949624, -47.678054 ], [ -75.000384, -47.6622 ], [ -75.042625, -47.666799 ], [ -75.054421, -47.689572 ], [ -75.039148, -47.71118 ], [ -75.027231, -47.738474 ], [ -75.005194, -47.752103 ], [ -74.98484, -47.76573 ], [ -74.967888, -47.772533 ], [ -74.957723, -47.774795 ], [ -74.931386, -47.773207 ], [ -74.86804, -47.763242 ], [ -74.861375, -47.743876 ], [ -74.885229, -47.712063 ] ] } },
{ "type": "Feature", "properties": { "featurecla": "Coastline", "scalerank": 6, "min_zoom": 5.0 }, "geometry": { "type": "LineString", "coordinates": [ [ -74.468658, -47.074965 ], [ -74.478993, -47.080743 ], [ -74.487782, -47.087823 ], [ -74.492177, -47.098891 ], [ -74.489166, -47.116469 ], [ -74.483754, -47.125095 ], [ -74.46817, -47.138604 ], [ -74.462473, -47.147556 ], [ -74.471547, -47.159356 ], [ -74.466949, -47.166192 ], [ -74.454701, -47.167739 ], [ -74.440785, -47.163751 ], [ -74.392974, -47.129571 ], [ -74.37682, -47.121189 ], [ -74.342926, -47.108819 ], [ -74.330922, -47.102309 ], [ -74.321156, -47.091241 ], [ -74.315785, -47.078058 ], [ -74.316396, -47.064874 ], [ -74.324696, -47.053888 ], [ -74.356679, -47.045017 ], [ -74.398427, -47.049493 ], [ -74.43932, -47.061456 ], [ -74.468658, -47.074965 ] ] } },
{ "type": "Feature", "properties": { "featurecla": "Coastline", "scalerank": 6, "min_zoom": 5.0 }, "geometry": { "type": "LineString", "coordinates": [ [ -74.074574, -47.020278 ], [ -74.079742, -47.030206 ], [ -74.095082, -47.047621 ], [ -74.111195, -47.053888 ], [ -74.118642, -47.030206 ], [ -74.125356, -47.025649 ], [ -74.15689, -47.014744 ], [ -74.167063, -47.012872 ], [ -74.177358, -47.016534 ], [ -74.185862, -47.023045 ], [ -74.212392, -47.057794 ], [ -74.224192, -47.07936 ], [ -74.230702, -47.102146 ], [ -74.226471, -47.122003 ], [ -74.219228, -47.128676 ], [ -74.210032, -47.131443 ], [ -74.178293, -47.132908 ], [ -74.172515, -47.133966 ], [ -74.167144, -47.135919 ], [ -74.163564, -47.139093 ], [ -74.15567, -47.148533 ], [ -74.153391, -47.150649 ], [ -74.176584, -47.150649 ], [ -74.182851, -47.159763 ], [ -74.172515, -47.169203 ], [ -74.145904, -47.171157 ], [ -74.067372, -47.137465 ], [ -74.050445, -47.12363 ], [ -74.036, -47.106703 ], [ -74.029897, -47.091974 ], [ -74.023264, -47.08115 ], [ -73.97525, -47.047621 ], [ -74.022694, -47.028985 ], [ -74.047353, -47.022638 ], [ -74.074574, -47.020278 ] ] } },
{ "type": "Feature", "properties": { "featurecla": "Coastline", "scalerank": 3, "min_zoom": 3.0 }, "geometry": { "type": "LineString", "coordinates": [ [ -73.725087, -46.05047 ], [ -73.738881, -46.042657 ], [ -73.752105, -46.04225 ], [ -73.779408, -46.047052 ], [ -73.791819, -46.04225 ], [ -73.822418, -46.019789 ], [ -73.837392, -46.012953 ], [ -73.875315, -46.010186 ], [ -73.896474, -46.011489 ], [ -73.909779, -46.016371 ], [ -73.91926, -46.027602 ], [ -73.9405, -46.068129 ], [ -73.927073, -46.078058 ], [ -73.892812, -46.094415 ], [ -73.842356, -46.129571 ], [ -73.823557, -46.134861 ], [ -73.809682, -46.138116 ], [ -73.821401, -46.143324 ], [ -73.829335, -46.151951 ], [ -73.831044, -46.163751 ], [ -73.830312, -46.166681 ], [ -73.822011, -46.18141 ], [ -73.808461, -46.191095 ], [ -73.792063, -46.196873 ], [ -73.775461, -46.199477 ], [ -73.758046, -46.197035 ], [ -73.745432, -46.187188 ], [ -73.73766, -46.171808 ], [ -73.735015, -46.153578 ], [ -73.731801, -46.145929 ], [ -73.724843, -46.143487 ], [ -73.717763, -46.142511 ], [ -73.714589, -46.139581 ], [ -73.708648, -46.126723 ], [ -73.684071, -46.105401 ], [ -73.680409, -46.088067 ], [ -73.686676, -46.072849 ], [ -73.69815, -46.06463 ], [ -73.711985, -46.05877 ], [ -73.725087, -46.05047 ] ] } },
{ "type": "Feature", "properties": { "featurecla": "Coastline", "scalerank": 5, "min_zoom": 6.0 }, "geometry": { "type": "LineString", "coordinates": [ [ -73.707672, -45.923598 ], [ -73.716298, -45.921482 ], [ -73.738881, -45.924981 ], [ -73.748118, -45.923598 ], [ -73.748362, -45.918878 ], [ -73.755523, -45.888849 ], [ -73.772125, -45.898696 ], [ -73.786285, -45.913832 ], [ -73.821767, -45.968927 ], [ -73.826324, -45.985772 ], [ -73.819488, -45.998712 ], [ -73.712636, -46.02158 ], [ -73.683176, -46.017673 ], [ -73.705963, -45.971612 ], [ -73.703481, -45.935317 ], [ -73.707672, -45.923598 ] ] } },
{ "type": "Feature", "properties": { "featurecla": "Coastline", "scalerank": 5, "min_zoom": 4.0 }, "geometry": { "type": "LineString", "coordinates": [ [ -74.752919, -45.80755 ], [ -74.762318, -45.809747 ], [ -74.782338, -45.819024 ], [ -74.793935, -45.821222 ], [ -74.804026, -45.819757 ], [ -74.831858, -45.80755 ], [ -74.831451, -45.83172 ], [ -74.829335, -45.84881 ], [ -74.836008, -45.858819 ], [ -74.862172, -45.862074 ], [ -74.873118, -45.858819 ], [ -74.880686, -45.854262 ], [ -74.884999, -45.856215 ], [ -74.886383, -45.872328 ], [ -74.889394, -45.881931 ], [ -74.896962, -45.882013 ], [ -74.90689, -45.878188 ], [ -74.917104, -45.875746 ], [ -74.927968, -45.871189 ], [ -74.937123, -45.861749 ], [ -74.947377, -45.854099 ], [ -74.961537, -45.854669 ], [ -74.97053, -45.862888 ], [ -74.964589, -45.870782 ], [ -74.877919, -45.90838 ], [ -74.85912, -45.923598 ], [ -74.883534, -45.929376 ], [ -74.913197, -45.921075 ], [ -74.940582, -45.906345 ], [ -74.958119, -45.892511 ], [ -74.969797, -45.885431 ], [ -75.016184, -45.875746 ], [ -75.054351, -45.863539 ], [ -75.067983, -45.862074 ], [ -75.081899, -45.863214 ], [ -75.096588, -45.866957 ], [ -75.108266, -45.8742 ], [ -75.112945, -45.885675 ], [ -75.108876, -45.892185 ], [ -75.090159, -45.909763 ], [ -75.085032, -45.916681 ], [ -75.088735, -45.950291 ], [ -75.029775, -45.964532 ], [ -75.029775, -45.971938 ], [ -75.05899, -45.971287 ], [ -75.070872, -45.974786 ], [ -75.078765, -45.98504 ], [ -75.045806, -45.991795 ], [ -75.033518, -45.992446 ], [ -75.020579, -45.99033 ], [ -74.99413, -45.980727 ], [ -74.982655, -45.978774 ], [ -74.965647, -45.982843 ], [ -74.913686, -46.012953 ], [ -74.902008, -46.006606 ], [ -74.865346, -45.992446 ], [ -74.85912, -45.998712 ], [ -74.890452, -46.016209 ], [ -74.922678, -46.014418 ], [ -74.955637, -46.006606 ], [ -74.98884, -46.005548 ], [ -75.084381, -46.026788 ], [ -75.09732, -46.034438 ], [ -75.106109, -46.047052 ], [ -75.094472, -46.055922 ], [ -75.087473, -46.068129 ], [ -75.081858, -46.081476 ], [ -75.07433, -46.093845 ], [ -75.062856, -46.101658 ], [ -75.047719, -46.105727 ], [ -74.986155, -46.112074 ], [ -74.952138, -46.111423 ], [ -74.919667, -46.104181 ], [ -74.893219, -46.088067 ], [ -74.867787, -46.056573 ], [ -74.852122, -46.045017 ], [ -74.813588, -46.035821 ], [ -74.796498, -46.025079 ], [ -74.780751, -46.011489 ], [ -74.770334, -45.998712 ], [ -74.766347, -45.988865 ], [ -74.762929, -45.958266 ], [ -74.751536, -45.927179 ], [ -74.745229, -45.899998 ], [ -74.72289, -45.865492 ], [ -74.715077, -45.848403 ], [ -74.713002, -45.821873 ], [ -74.721099, -45.809828 ], [ -74.735666, -45.807224 ], [ -74.752919, -45.80755 ] ] } },
{ "type": "Feature", "properties": { "featurecla": "Coastline", "scalerank": 3, "min_zoom": 3.0 }, "geometry": { "type": "LineString", "coordinates": [ [ -73.741851, -45.793878 ], [ -73.802073, -45.83587 ], [ -73.836537, -45.849542 ], [ -73.875885, -45.854669 ], [ -73.892649, -45.860772 ], [ -73.911448, -45.875258 ], [ -73.928578, -45.893487 ], [ -73.9405, -45.909926 ], [ -73.945709, -45.925063 ], [ -73.944936, -45.939711 ], [ -73.934316, -45.971938 ], [ -73.910959, -45.982599 ], [ -73.883127, -45.98089 ], [ -73.856557, -45.967543 ], [ -73.837392, -45.944024 ], [ -73.84142, -45.938246 ], [ -73.842844, -45.934259 ], [ -73.844879, -45.923598 ], [ -73.824696, -45.930597 ], [ -73.812815, -45.915216 ], [ -73.80309, -45.892022 ], [ -73.789662, -45.875746 ], [ -73.763173, -45.871352 ], [ -73.738637, -45.877537 ], [ -73.715688, -45.886 ], [ -73.694081, -45.888849 ], [ -73.707834, -45.863946 ], [ -73.710072, -45.837009 ], [ -73.716298, -45.812188 ], [ -73.741851, -45.793878 ] ] } },
{ "type": "Feature", "properties": { "featurecla": "Coastline", "scalerank": 5, "min_zoom": 6.0 }, "geometry": { "type": "LineString", "coordinates": [ [ -73.926829, -45.745375 ], [ -73.947743, -45.744236 ], [ -73.988108, -45.747003 ], [ -74.008778, -45.745375 ], [ -74.025461, -45.741143 ], [ -74.044586, -45.738458 ], [ -74.059682, -45.744399 ], [ -74.064036, -45.766534 ], [ -74.094594, -45.76393 ], [ -74.102406, -45.788832 ], [ -74.090972, -45.81463 ], [ -74.064036, -45.815037 ], [ -74.072255, -45.829767 ], [ -74.068715, -45.838637 ], [ -74.059193, -45.845636 ], [ -74.049713, -45.854669 ], [ -74.042958, -45.866632 ], [ -74.029897, -45.90309 ], [ -74.015614, -45.913995 ], [ -73.994781, -45.902765 ], [ -73.975982, -45.880548 ], [ -73.967763, -45.858331 ], [ -73.970082, -45.851251 ], [ -73.980051, -45.839288 ], [ -73.982045, -45.834731 ], [ -73.97936, -45.828302 ], [ -73.974517, -45.823989 ], [ -73.969838, -45.820733 ], [ -73.967763, -45.818048 ], [ -73.965403, -45.806085 ], [ -73.962026, -45.795668 ], [ -73.96345, -45.786879 ], [ -73.97525, -45.780206 ], [ -73.966868, -45.769789 ], [ -73.926829, -45.745375 ] ] } },
{ "type": "Feature", "properties": { "featurecla": "Coastline", "scalerank": 6, "min_zoom": 5.0 }, "geometry": { "type": "LineString", "coordinates": [ [ -74.790842, -45.632501 ], [ -74.798004, -45.614435 ], [ -74.815826, -45.605157 ], [ -74.839101, -45.601821 ], [ -74.862172, -45.601495 ], [ -74.869862, -45.604913 ], [ -74.875844, -45.613458 ], [ -74.879262, -45.624607 ], [ -74.878977, -45.635512 ], [ -74.875152, -45.646742 ], [ -74.870595, -45.650811 ], [ -74.863596, -45.65252 ], [ -74.852284, -45.656671 ], [ -74.797109, -45.697524 ], [ -74.775054, -45.705255 ], [ -74.769439, -45.704522 ], [ -74.752431, -45.69964 ], [ -74.749867, -45.697686 ], [ -74.790842, -45.632501 ] ] } },
{ "type": "Feature", "properties": { "featurecla": "Coastline", "scalerank": 5, "min_zoom": 6.0 }, "geometry": { "type": "LineString", "coordinates": [ [ -74.554351, -45.574802 ], [ -74.572174, -45.573907 ], [ -74.581288, -45.57464 ], [ -74.604075, -45.586196 ], [ -74.643463, -45.594334 ], [ -74.660471, -45.601495 ], [ -74.679677, -45.620701 ], [ -74.693715, -45.646091 ], [ -74.702382, -45.673923 ], [ -74.705637, -45.700942 ], [ -74.70051, -45.727634 ], [ -74.685699, -45.743341 ], [ -74.663442, -45.750909 ], [ -74.636301, -45.752862 ], [ -74.61148, -45.751397 ], [ -74.595693, -45.745782 ], [ -74.583892, -45.735284 ], [ -74.563791, -45.707615 ], [ -74.554067, -45.688897 ], [ -74.550445, -45.671319 ], [ -74.572662, -45.654067 ], [ -74.565297, -45.633233 ], [ -74.543813, -45.601495 ], [ -74.541493, -45.596612 ], [ -74.538889, -45.587498 ], [ -74.541331, -45.578709 ], [ -74.554351, -45.574802 ] ] } },
{ "type": "Feature", "properties": { "featurecla": "Coastline", "scalerank": 3, "min_zoom": 0.5 }, "geometry": { "type": "LineString", "coordinates": [ [ -74.071441, -45.690851 ], [ -74.043568, -45.715509 ], [ -74.000071, -45.721612 ], [ -73.954579, -45.713962 ], [ -73.920644, -45.697686 ], [ -73.905263, -45.66961 ], [ -73.900624, -45.628351 ], [ -73.910227, -45.590997 ], [ -73.937408, -45.574802 ], [ -73.944976, -45.572361 ], [ -73.967763, -45.553643 ], [ -73.978749, -45.549493 ], [ -74.001698, -45.54339 ], [ -74.012522, -45.536554 ], [ -74.030588, -45.533136 ], [ -74.050445, -45.54461 ], [ -74.06843, -45.559747 ], [ -74.080719, -45.567315 ], [ -74.084055, -45.570489 ], [ -74.112416, -45.587823 ], [ -74.114654, -45.599705 ], [ -74.111724, -45.607843 ], [ -74.107289, -45.615492 ], [ -74.100942, -45.642022 ], [ -74.071441, -45.690851 ] ] } },
{ "type": "Feature", "properties": { "featurecla": "Coastline", "scalerank": 3, "min_zoom": 0.5 }, "geometry": { "type": "LineString", "coordinates": [ [ -74.502838, -45.732354 ], [ -74.493276, -45.747817 ], [ -74.470448, -45.774998 ], [ -74.439687, -45.776951 ], [ -74.406158, -45.76686 ], [ -74.341624, -45.733087 ], [ -74.330922, -45.724867 ], [ -74.32429, -45.7138 ], [ -74.326283, -45.703709 ], [ -74.337636, -45.697361 ], [ -74.358795, -45.697686 ], [ -74.335683, -45.687758 ], [ -74.262603, -45.684666 ], [ -74.241811, -45.675958 ], [ -74.230092, -45.663344 ], [ -74.220937, -45.649184 ], [ -74.207997, -45.635512 ], [ -74.227447, -45.630955 ], [ -74.249379, -45.634861 ], [ -74.27123, -45.635919 ], [ -74.289906, -45.622491 ], [ -74.249379, -45.620375 ], [ -74.231313, -45.61419 ], [ -74.221669, -45.601495 ], [ -74.224965, -45.582127 ], [ -74.241282, -45.574395 ], [ -74.261545, -45.571547 ], [ -74.276967, -45.567315 ], [ -74.253163, -45.553481 ], [ -74.248647, -45.535577 ], [ -74.257395, -45.515395 ], [ -74.273549, -45.495294 ], [ -74.293528, -45.479099 ], [ -74.317779, -45.466974 ], [ -74.371897, -45.451267 ], [ -74.403879, -45.447361 ], [ -74.421254, -45.454278 ], [ -74.451283, -45.495294 ], [ -74.463938, -45.518324 ], [ -74.469635, -45.546645 ], [ -74.465443, -45.572442 ], [ -74.44815, -45.587823 ], [ -74.458974, -45.593845 ], [ -74.489125, -45.606622 ], [ -74.492299, -45.6124 ], [ -74.480295, -45.621189 ], [ -74.456858, -45.631524 ], [ -74.44815, -45.642999 ], [ -74.457428, -45.650974 ], [ -74.456044, -45.677423 ], [ -74.465321, -45.694268 ], [ -74.502838, -45.732354 ] ] } },
{ "type": "Feature", "properties": { "featurecla": "Coastline", "scalerank": 3, "min_zoom": 3.0 }, "geometry": { "type": "LineString", "coordinates": [ [ -73.666168, -45.436944 ], [ -73.722239, -45.457778 ], [ -73.770904, -45.511977 ], [ -73.786204, -45.56992 ], [ -73.741851, -45.601495 ], [ -73.741851, -45.608982 ], [ -73.807037, -45.635512 ], [ -73.818267, -45.642511 ], [ -73.805816, -45.657159 ], [ -73.786204, -45.670587 ], [ -73.77599, -45.673761 ], [ -73.768056, -45.680271 ], [ -73.721425, -45.705173 ], [ -73.697825, -45.729262 ], [ -73.680409, -45.752862 ], [ -73.65392, -45.752699 ], [ -73.629872, -45.737563 ], [ -73.613881, -45.714614 ], [ -73.61148, -45.690851 ], [ -73.618886, -45.679457 ], [ -73.630523, -45.672784 ], [ -73.653147, -45.663507 ], [ -73.663157, -45.654718 ], [ -73.669586, -45.645603 ], [ -73.680409, -45.622491 ], [ -73.646718, -45.634861 ], [ -73.629058, -45.635837 ], [ -73.61148, -45.629327 ], [ -73.622792, -45.61891 ], [ -73.617991, -45.605076 ], [ -73.606516, -45.589614 ], [ -73.59789, -45.574802 ], [ -73.596791, -45.567478 ], [ -73.59789, -45.54339 ], [ -73.596059, -45.53338 ], [ -73.591908, -45.526462 ], [ -73.587392, -45.520278 ], [ -73.584218, -45.512628 ], [ -73.586008, -45.480157 ], [ -73.603179, -45.457696 ], [ -73.631418, -45.443943 ], [ -73.666168, -45.436944 ] ] } },
{ "type": "Feature", "properties": { "featurecla": "Coastline", "scalerank": 5, "min_zoom": 6.0 }, "geometry": { "type": "LineString", "coordinates": [ [ -73.885894, -45.471124 ], [ -73.906646, -45.467543 ], [ -73.931711, -45.457615 ], [ -73.95519, -45.445001 ], [ -73.971547, -45.433852 ], [ -73.98941, -45.427504 ], [ -74.047109, -45.421645 ], [ -74.064036, -45.423272 ], [ -74.076894, -45.43377 ], [ -74.092926, -45.451755 ], [ -74.106597, -45.471856 ], [ -74.112416, -45.488458 ], [ -74.114491, -45.500584 ], [ -74.119618, -45.507094 ], [ -74.126291, -45.511977 ], [ -74.132883, -45.519464 ], [ -74.139556, -45.535414 ], [ -74.145009, -45.558038 ], [ -74.142649, -45.574965 ], [ -74.126088, -45.574802 ], [ -74.121897, -45.567966 ], [ -74.114247, -45.545017 ], [ -74.108713, -45.539972 ], [ -74.097808, -45.536798 ], [ -74.072662, -45.522638 ], [ -74.060618, -45.519464 ], [ -74.029652, -45.517348 ], [ -74.016225, -45.519464 ], [ -73.981191, -45.531508 ], [ -73.956166, -45.535333 ], [ -73.930531, -45.546808 ], [ -73.922678, -45.549005 ], [ -73.89859, -45.558852 ], [ -73.885894, -45.56113 ], [ -73.870473, -45.5617 ], [ -73.83259, -45.513279 ], [ -73.821523, -45.492608 ], [ -73.816965, -45.474786 ], [ -73.825022, -45.452081 ], [ -73.844146, -45.452895 ], [ -73.885894, -45.471124 ] ] } },
{ "type": "Feature", "properties": { "featurecla": "Coastline", "scalerank": 5, "min_zoom": 6.0 }, "geometry": { "type": "LineString", "coordinates": [ [ -74.554351, -45.546808 ], [ -74.542795, -45.550388 ], [ -74.533762, -45.559259 ], [ -74.527333, -45.570408 ], [ -74.523305, -45.580987 ], [ -74.501332, -45.588067 ], [ -74.500071, -45.563572 ], [ -74.504384, -45.52809 ], [ -74.499135, -45.502537 ], [ -74.454945, -45.453871 ], [ -74.445668, -45.428155 ], [ -74.468658, -45.417169 ], [ -74.49885, -45.424737 ], [ -74.519765, -45.444106 ], [ -74.550649, -45.499119 ], [ -74.568186, -45.523696 ], [ -74.571034, -45.539727 ], [ -74.554351, -45.546808 ] ] } },
{ "type": "Feature", "properties": { "featurecla": "Coastline", "scalerank": 6, "min_zoom": 5.0 }, "geometry": { "type": "LineString", "coordinates": [ [ -73.824452, -45.395929 ], [ -73.828236, -45.372328 ], [ -73.855824, -45.371352 ], [ -73.890777, -45.376642 ], [ -73.941029, -45.366306 ], [ -73.976674, -45.370701 ], [ -74.008941, -45.380792 ], [ -74.02302, -45.392673 ], [ -74.01122, -45.411228 ], [ -73.983062, -45.420668 ], [ -73.921742, -45.430434 ], [ -73.893707, -45.427423 ], [ -73.863393, -45.420343 ], [ -73.837799, -45.409763 ], [ -73.824452, -45.395929 ] ] } },
{ "type": "Feature", "properties": { "featurecla": "Coastline", "scalerank": 5, "min_zoom": 6.0 }, "geometry": { "type": "LineString", "coordinates": [ [ -74.34142, -45.33766 ], [ -74.367909, -45.303969 ], [ -74.371897, -45.296645 ], [ -74.389272, -45.281671 ], [ -74.429026, -45.279555 ], [ -74.499135, -45.286065 ], [ -74.525787, -45.295017 ], [ -74.526357, -45.315525 ], [ -74.510813, -45.338556 ], [ -74.489166, -45.355076 ], [ -74.378041, -45.400974 ], [ -74.357533, -45.403578 ], [ -74.345326, -45.402032 ], [ -74.333119, -45.399021 ], [ -74.321401, -45.394708 ], [ -74.310414, -45.389255 ], [ -74.323394, -45.379327 ], [ -74.329498, -45.366143 ], [ -74.333852, -45.351658 ], [ -74.34142, -45.33766 ] ] } },
{ "type": "Feature", "properties": { "featurecla": "Coastline", "scalerank": 3, "min_zoom": 0.5 }, "geometry": { "type": "LineString", "coordinates": [ [ -73.824452, -45.26629 ], [ -73.872792, -45.260837 ], [ -73.986073, -45.270766 ], [ -74.029897, -45.252618 ], [ -74.054311, -45.214532 ], [ -74.070383, -45.204278 ], [ -74.115224, -45.224216 ], [ -74.13858, -45.228692 ], [ -74.15807, -45.235528 ], [ -74.167063, -45.252618 ], [ -74.162913, -45.270929 ], [ -74.151967, -45.292657 ], [ -74.13915, -45.31227 ], [ -74.129506, -45.323989 ], [ -74.11852, -45.328302 ], [ -74.071441, -45.333917 ], [ -74.012278, -45.353611 ], [ -73.996327, -45.352797 ], [ -73.980051, -45.349379 ], [ -73.82787, -45.347589 ], [ -73.814768, -45.345392 ], [ -73.786244, -45.333917 ], [ -73.781239, -45.324151 ], [ -73.792144, -45.302341 ], [ -73.809682, -45.279392 ], [ -73.824452, -45.26629 ] ] } },
{ "type": "Feature", "properties": { "featurecla": "Coastline", "scalerank": 5, "min_zoom": 6.0 }, "geometry": { "type": "LineString", "coordinates": [ [ -74.273549, -45.20794 ], [ -74.279693, -45.204278 ], [ -74.296498, -45.200779 ], [ -74.303578, -45.198012 ], [ -74.34317, -45.164809 ], [ -74.358795, -45.156427 ], [ -74.387563, -45.155206 ], [ -74.408315, -45.17197 ], [ -74.419667, -45.199802 ], [ -74.420277, -45.23211 ], [ -74.41511, -45.247003 ], [ -74.405507, -45.258884 ], [ -74.393178, -45.268243 ], [ -74.33849, -45.298598 ], [ -74.325347, -45.302341 ], [ -74.307485, -45.294529 ], [ -74.299143, -45.272393 ], [ -74.289906, -45.225274 ], [ -74.276845, -45.220636 ], [ -74.270863, -45.215916 ], [ -74.273549, -45.20794 ] ] } },
{ "type": "Feature", "properties": { "featurecla": "Coastline", "scalerank": 3, "min_zoom": 0.0 }, "geometry": { "type": "LineString", "coordinates": [ [ -73.731923, -45.214776 ], [ -73.717885, -45.199151 ], [ -73.706899, -45.181329 ], [ -73.700795, -45.160577 ], [ -73.701527, -45.135919 ], [ -73.714589, -45.11419 ], [ -73.737864, -45.097752 ], [ -73.759918, -45.08587 ], [ -73.769846, -45.077569 ], [ -73.766428, -45.070977 ], [ -73.760732, -45.068048 ], [ -73.759592, -45.062107 ], [ -73.769846, -45.046563 ], [ -73.778147, -45.038751 ], [ -73.84557, -45.001235 ], [ -73.866078, -44.994561 ], [ -73.889312, -44.991876 ], [ -73.914703, -44.995294 ], [ -73.953928, -45.012465 ], [ -73.97525, -45.01922 ], [ -73.989166, -45.020685 ], [ -74.032948, -45.01922 ], [ -74.04426, -45.02158 ], [ -74.063303, -45.031345 ], [ -74.074574, -45.033461 ], [ -74.149403, -45.023614 ], [ -74.173899, -45.026056 ], [ -74.206939, -45.042657 ], [ -74.235422, -45.072361 ], [ -74.250111, -45.109633 ], [ -74.242177, -45.149591 ], [ -74.228668, -45.160089 ], [ -74.205474, -45.169366 ], [ -74.183583, -45.169529 ], [ -74.173899, -45.153009 ], [ -74.168935, -45.141697 ], [ -74.157216, -45.146661 ], [ -74.143625, -45.157403 ], [ -74.132883, -45.163263 ], [ -74.121693, -45.159112 ], [ -74.115793, -45.150323 ], [ -74.111399, -45.141209 ], [ -74.10497, -45.135919 ], [ -74.084096, -45.140069 ], [ -74.058013, -45.175063 ], [ -74.039784, -45.183689 ], [ -74.026967, -45.192071 ], [ -74.007395, -45.23211 ], [ -73.989573, -45.245782 ], [ -73.962514, -45.249119 ], [ -73.869618, -45.238214 ], [ -73.842844, -45.239679 ], [ -73.830149, -45.243097 ], [ -73.809682, -45.256443 ], [ -73.789866, -45.273533 ], [ -73.767974, -45.284601 ], [ -73.741851, -45.279962 ], [ -73.731842, -45.267267 ], [ -73.742177, -45.23561 ], [ -73.731923, -45.214776 ] ] } },
{ "type": "Feature", "properties": { "featurecla": "Coastline", "scalerank": 3, "min_zoom": 0.5 }, "geometry": { "type": "LineString", "coordinates": [ [ -74.27009, -44.944106 ], [ -74.331288, -44.964532 ], [ -74.348256, -44.974867 ], [ -74.363596, -44.997247 ], [ -74.356923, -45.011489 ], [ -74.336293, -45.018813 ], [ -74.30956, -45.019627 ], [ -74.280141, -45.027439 ], [ -74.248402, -45.017673 ], [ -74.216705, -45.002048 ], [ -74.187489, -44.991876 ], [ -74.065785, -44.998793 ], [ -74.036041, -44.991876 ], [ -74.053944, -44.979181 ], [ -74.06017, -44.972345 ], [ -74.064036, -44.964044 ], [ -74.056142, -44.96559 ], [ -74.043202, -44.970147 ], [ -74.023997, -44.974054 ], [ -73.997629, -44.983087 ], [ -73.985748, -44.985121 ], [ -73.975657, -44.983005 ], [ -73.954945, -44.973728 ], [ -73.943918, -44.971449 ], [ -73.9381, -44.969171 ], [ -73.917836, -44.956476 ], [ -73.913197, -44.950372 ], [ -73.916656, -44.944431 ], [ -73.9405, -44.929864 ], [ -73.969594, -44.903985 ], [ -73.986643, -44.897719 ], [ -74.041982, -44.893813 ], [ -74.138336, -44.868259 ], [ -74.163726, -44.864679 ], [ -74.188303, -44.869073 ], [ -74.211415, -44.885837 ], [ -74.253326, -44.932306 ], [ -74.27009, -44.944106 ] ] } },
{ "type": "Feature", "properties": { "featurecla": "Coastline", "scalerank": 3, "min_zoom": 3.0 }, "geometry": { "type": "LineString", "coordinates": [ [ -73.961578, -44.810154 ], [ -73.961252, -44.790704 ], [ -73.96349, -44.780532 ], [ -73.973297, -44.775649 ], [ -73.995717, -44.772149 ], [ -74.009918, -44.773207 ], [ -74.038645, -44.78338 ], [ -74.166331, -44.800714 ], [ -74.187489, -44.806329 ], [ -74.176259, -44.818455 ], [ -74.097279, -44.841567 ], [ -74.071441, -44.854181 ], [ -74.039296, -44.853123 ], [ -74.003285, -44.847752 ], [ -73.973744, -44.834568 ], [ -73.961578, -44.810154 ] ] } },
{ "type": "Feature", "properties": { "featurecla": "Coastline", "scalerank": 3, "min_zoom": 3.0 }, "geometry": { "type": "LineString", "coordinates": [ [ -73.930531, -44.789239 ], [ -73.940582, -44.802911 ], [ -73.939117, -44.812921 ], [ -73.930898, -44.820571 ], [ -73.920644, -44.827407 ], [ -73.907582, -44.833917 ], [ -73.896474, -44.837579 ], [ -73.888743, -44.843845 ], [ -73.883656, -44.867283 ], [ -73.877675, -44.878025 ], [ -73.868764, -44.888279 ], [ -73.8579, -44.895685 ], [ -73.875356, -44.891046 ], [ -73.889882, -44.882745 ], [ -73.9169, -44.857843 ], [ -73.926747, -44.854425 ], [ -73.930287, -44.865167 ], [ -73.928863, -44.881036 ], [ -73.923695, -44.892673 ], [ -73.883209, -44.928155 ], [ -73.83967, -44.958591 ], [ -73.81371, -44.96087 ], [ -73.794586, -44.956801 ], [ -73.778676, -44.946384 ], [ -73.762318, -44.929864 ], [ -73.816965, -44.834242 ], [ -73.836781, -44.784112 ], [ -73.854482, -44.768731 ], [ -73.885894, -44.765395 ], [ -73.897776, -44.76865 ], [ -73.910512, -44.774998 ], [ -73.930531, -44.789239 ] ] } },
{ "type": "Feature", "properties": { "featurecla": "Coastline", "scalerank": 5, "min_zoom": 4.0 }, "geometry": { "type": "LineString", "coordinates": [ [ -75.091473, -44.796056 ], [ -75.099983, -44.776591 ], [ -75.113179, -44.766518 ], [ -75.147182, -44.763767 ], [ -75.174609, -44.783158 ], [ -75.198322, -44.807232 ], [ -75.200213, -44.816615 ], [ -75.185129, -44.838763 ], [ -75.154856, -44.864929 ], [ -75.146351, -44.878323 ], [ -75.148335, -44.890377 ], [ -75.158914, -44.905124 ], [ -75.164667, -44.913835 ], [ -75.152358, -44.921214 ], [ -75.130612, -44.925937 ], [ -75.109817, -44.925978 ], [ -75.085194, -44.923435 ], [ -75.069163, -44.920099 ], [ -75.051145, -44.905965 ], [ -75.031272, -44.903969 ], [ -75.035035, -44.889894 ], [ -75.042505, -44.870438 ], [ -75.026471, -44.853046 ], [ -75.021734, -44.843665 ], [ -75.063283, -44.830903 ], [ -75.091473, -44.796056 ] ] } },
{ "type": "Feature", "properties": { "featurecla": "Coastline", "scalerank": 5, "min_zoom": 3.0 }, "geometry": { "type": "LineString", "coordinates": [ [ -73.604726, -44.744887 ], [ -73.616282, -44.734308 ], [ -73.633046, -44.731541 ], [ -73.650258, -44.73447 ], [ -73.663075, -44.741876 ], [ -73.689605, -44.753188 ], [ -73.717763, -44.751723 ], [ -73.741689, -44.754653 ], [ -73.755523, -44.779555 ], [ -73.749257, -44.80283 ], [ -73.728261, -44.821059 ], [ -73.701283, -44.833754 ], [ -73.677317, -44.840265 ], [ -73.652415, -44.839125 ], [ -73.627309, -44.829767 ], [ -73.613393, -44.812677 ], [ -73.62206, -44.789239 ], [ -73.622304, -44.780206 ], [ -73.604888, -44.758071 ], [ -73.604726, -44.744887 ] ] } },
{ "type": "Feature", "properties": { "featurecla": "Coastline", "scalerank": 5, "min_zoom": 6.0 }, "geometry": { "type": "LineString", "coordinates": [ [ -74.34142, -44.806329 ], [ -74.357167, -44.803888 ], [ -74.379221, -44.797296 ], [ -74.398793, -44.787693 ], [ -74.407216, -44.775974 ], [ -74.408681, -44.763279 ], [ -74.412668, -44.745864 ], [ -74.418935, -44.729099 ], [ -74.427113, -44.718194 ], [ -74.441721, -44.715427 ], [ -74.465566, -44.716241 ], [ -74.490834, -44.719659 ], [ -74.509633, -44.72503 ], [ -74.522857, -44.733575 ], [ -74.52774, -44.743259 ], [ -74.525054, -44.754002 ], [ -74.488433, -44.794529 ], [ -74.474843, -44.819594 ], [ -74.46939, -44.826837 ], [ -74.455881, -44.835056 ], [ -74.423695, -44.843032 ], [ -74.410308, -44.851007 ], [ -74.393544, -44.857029 ], [ -74.327789, -44.847914 ], [ -74.312367, -44.841404 ], [ -74.31786, -44.827081 ], [ -74.331695, -44.812921 ], [ -74.34142, -44.806329 ] ] } },
{ "type": "Feature", "properties": { "featurecla": "Coastline", "scalerank": 5, "min_zoom": 6.0 }, "geometry": { "type": "LineString", "coordinates": [ [ -74.48233, -44.636326 ], [ -74.498199, -44.634454 ], [ -74.550649, -44.622003 ], [ -74.570139, -44.62005 ], [ -74.62267, -44.622003 ], [ -74.628, -44.628188 ], [ -74.660959, -44.653741 ], [ -74.667348, -44.656183 ], [ -74.669504, -44.67018 ], [ -74.663482, -44.679946 ], [ -74.652252, -44.686212 ], [ -74.638743, -44.689386 ], [ -74.624745, -44.688084 ], [ -74.608713, -44.684015 ], [ -74.593251, -44.682224 ], [ -74.567128, -44.693048 ], [ -74.484364, -44.698419 ], [ -74.468984, -44.697198 ], [ -74.458363, -44.690037 ], [ -74.454416, -44.673517 ], [ -74.455922, -44.658787 ], [ -74.460683, -44.647068 ], [ -74.469309, -44.639093 ], [ -74.48233, -44.636326 ] ] } },
{ "type": "Feature", "properties": { "featurecla": "Coastline", "scalerank": 3, "min_zoom": 0.0 }, "geometry": { "type": "LineString", "coordinates": [ [ -73.926829, -44.628839 ], [ -73.971344, -44.611017 ], [ -74.025624, -44.603123 ], [ -74.267161, -44.603123 ], [ -74.292144, -44.608005 ], [ -74.306793, -44.616388 ], [ -74.297353, -44.628839 ], [ -74.369456, -44.62127 ], [ -74.400543, -44.626072 ], [ -74.413442, -44.652765 ], [ -74.413808, -44.685968 ], [ -74.406972, -44.694268 ], [ -74.33552, -44.704848 ], [ -74.31786, -44.704522 ], [ -74.31786, -44.710138 ], [ -74.340077, -44.70908 ], [ -74.360829, -44.713311 ], [ -74.372874, -44.725274 ], [ -74.368764, -44.747491 ], [ -74.356028, -44.765069 ], [ -74.339589, -44.779229 ], [ -74.320465, -44.789809 ], [ -74.279693, -44.803806 ], [ -74.269358, -44.805352 ], [ -74.258697, -44.804457 ], [ -74.247304, -44.801202 ], [ -74.195668, -44.778416 ], [ -74.09317, -44.753351 ], [ -74.01183, -44.716485 ], [ -73.967763, -44.704522 ], [ -73.875885, -44.694024 ], [ -73.877553, -44.680597 ], [ -73.893137, -44.660333 ], [ -73.926829, -44.628839 ] ] } },
{ "type": "Feature", "properties": { "featurecla": "Coastline", "scalerank": 6, "min_zoom": 5.0 }, "geometry": { "type": "LineString", "coordinates": [ [ -74.777211, -44.58115 ], [ -74.78303, -44.555108 ], [ -74.798248, -44.548761 ], [ -74.814849, -44.558526 ], [ -74.824941, -44.58115 ], [ -74.827056, -44.604425 ], [ -74.825836, -44.630955 ], [ -74.818918, -44.655694 ], [ -74.803863, -44.673761 ], [ -74.786733, -44.676853 ], [ -74.764027, -44.673272 ], [ -74.747792, -44.665623 ], [ -74.749867, -44.656183 ], [ -74.739084, -44.626642 ], [ -74.732533, -44.593194 ], [ -74.741526, -44.572361 ], [ -74.777211, -44.58115 ] ] } },
{ "type": "Feature", "properties": { "featurecla": "Coastline", "scalerank": 3, "min_zoom": 3.0 }, "geometry": { "type": "LineString", "coordinates": [ [ -73.659983, -44.676528 ], [ -73.649526, -44.664646 ], [ -73.63679, -44.653741 ], [ -73.626861, -44.640558 ], [ -73.625152, -44.622003 ], [ -73.633372, -44.608087 ], [ -73.663238, -44.586602 ], [ -73.673573, -44.573663 ], [ -73.653147, -44.573663 ], [ -73.663157, -44.559666 ], [ -73.679921, -44.544854 ], [ -73.699534, -44.536798 ], [ -73.718007, -44.543552 ], [ -73.734527, -44.55169 ], [ -73.755198, -44.55283 ], [ -73.776763, -44.55169 ], [ -73.796498, -44.553155 ], [ -73.809397, -44.562188 ], [ -73.821401, -44.578709 ], [ -73.827056, -44.594415 ], [ -73.820709, -44.601495 ], [ -73.816965, -44.613702 ], [ -73.816477, -44.637384 ], [ -73.820709, -44.653416 ], [ -73.831207, -44.642511 ], [ -73.844309, -44.65252 ], [ -73.83788, -44.664321 ], [ -73.787099, -44.70379 ], [ -73.769846, -44.72503 ], [ -73.752512, -44.741388 ], [ -73.713246, -44.737074 ], [ -73.645985, -44.718194 ], [ -73.624664, -44.718194 ], [ -73.602935, -44.715753 ], [ -73.591542, -44.70672 ], [ -73.601308, -44.687188 ], [ -73.614654, -44.676853 ], [ -73.626617, -44.675226 ], [ -73.640533, -44.677016 ], [ -73.659983, -44.676528 ] ] } },
{ "type": "Feature", "properties": { "featurecla": "Coastline", "scalerank": 5, "min_zoom": 6.0 }, "geometry": { "type": "LineString", "coordinates": [ [ -74.193715, -44.492283 ], [ -74.212026, -44.493422 ], [ -74.254384, -44.505955 ], [ -74.294342, -44.499444 ], [ -74.32844, -44.514744 ], [ -74.368398, -44.525567 ], [ -74.368886, -44.541111 ], [ -74.358225, -44.559177 ], [ -74.344553, -44.573663 ], [ -74.326324, -44.579685 ], [ -74.300893, -44.577813 ], [ -74.248931, -44.566664 ], [ -74.154205, -44.559747 ], [ -74.132883, -44.54697 ], [ -74.154368, -44.538995 ], [ -74.176869, -44.503839 ], [ -74.193715, -44.492283 ] ] } },
{ "type": "Feature", "properties": { "featurecla": "Coastline", "scalerank": 6, "min_zoom": 5.0 }, "geometry": { "type": "LineString", "coordinates": [ [ -74.036041, -44.498468 ], [ -74.118153, -44.511651 ], [ -74.132883, -44.518976 ], [ -74.126454, -44.534275 ], [ -74.101633, -44.545505 ], [ -74.070668, -44.552016 ], [ -74.045888, -44.553155 ], [ -73.988393, -44.554132 ], [ -73.959625, -44.551446 ], [ -73.947336, -44.543552 ], [ -73.950307, -44.498956 ], [ -73.957428, -44.479262 ], [ -73.971547, -44.471287 ], [ -73.982167, -44.469171 ], [ -74.00475, -44.460056 ], [ -74.016225, -44.456801 ], [ -74.113881, -44.453383 ], [ -74.126088, -44.450616 ], [ -74.136586, -44.445001 ], [ -74.144887, -44.438246 ], [ -74.154042, -44.43255 ], [ -74.167063, -44.430271 ], [ -74.143666, -44.458103 ], [ -74.058949, -44.476007 ], [ -74.036041, -44.498468 ] ] } },
{ "type": "Feature", "properties": { "featurecla": "Coastline", "scalerank": 5, "min_zoom": 6.0 }, "geometry": { "type": "LineString", "coordinates": [ [ -74.392974, -44.54697 ], [ -74.396596, -44.535252 ], [ -74.402659, -44.524509 ], [ -74.410715, -44.514337 ], [ -74.420277, -44.505304 ], [ -74.356801, -44.499119 ], [ -74.303578, -44.484796 ], [ -74.240142, -44.478123 ], [ -74.223053, -44.46738 ], [ -74.239003, -44.440118 ], [ -74.259511, -44.412856 ], [ -74.268137, -44.406427 ], [ -74.285512, -44.40309 ], [ -74.306386, -44.393731 ], [ -74.321116, -44.39544 ], [ -74.348256, -44.402276 ], [ -74.36559, -44.411391 ], [ -74.420277, -44.471287 ], [ -74.42516, -44.456313 ], [ -74.430043, -44.445571 ], [ -74.438791, -44.439142 ], [ -74.503041, -44.434503 ], [ -74.517079, -44.437107 ], [ -74.541127, -44.45379 ], [ -74.547719, -44.476658 ], [ -74.540598, -44.502048 ], [ -74.523305, -44.526462 ], [ -74.494008, -44.535903 ], [ -74.42101, -44.546645 ], [ -74.392974, -44.54697 ] ] } },
{ "type": "Feature", "properties": { "featurecla": "Coastline", "scalerank": 5, "min_zoom": 6.0 }, "geometry": { "type": "LineString", "coordinates": [ [ -73.789662, -44.422784 ], [ -73.79894, -44.417576 ], [ -73.824941, -44.416599 ], [ -73.838043, -44.412856 ], [ -73.846995, -44.404474 ], [ -73.853627, -44.385349 ], [ -73.865387, -44.374933 ], [ -73.887685, -44.369236 ], [ -73.902821, -44.378351 ], [ -73.910959, -44.396742 ], [ -73.911936, -44.419366 ], [ -73.904124, -44.44492 ], [ -73.888539, -44.460138 ], [ -73.867014, -44.466078 ], [ -73.820465, -44.460545 ], [ -73.79719, -44.454522 ], [ -73.782948, -44.443048 ], [ -73.789662, -44.422784 ] ] } },
{ "type": "Feature", "properties": { "featurecla": "Coastline", "scalerank": 3, "min_zoom": 0.0 }, "geometry": { "type": "LineString", "coordinates": [ [ -73.382476, -44.587823 ], [ -73.391265, -44.588962 ], [ -73.407216, -44.59352 ], [ -73.416615, -44.594659 ], [ -73.427154, -44.601007 ], [ -73.468129, -44.642511 ], [ -73.455678, -44.661716 ], [ -73.442616, -44.706801 ], [ -73.43342, -44.72503 ], [ -73.409413, -44.746515 ], [ -73.406077, -44.755141 ], [ -73.404775, -44.766534 ], [ -73.400746, -44.778904 ], [ -73.393422, -44.78867 ], [ -73.382476, -44.792657 ], [ -73.369374, -44.791681 ], [ -73.358754, -44.788995 ], [ -73.337758, -44.779555 ], [ -73.306549, -44.761326 ], [ -73.299631, -44.758559 ], [ -73.218251, -44.79046 ], [ -73.207428, -44.792657 ], [ -73.207428, -44.800063 ], [ -73.219635, -44.804132 ], [ -73.243886, -44.809015 ], [ -73.255238, -44.813735 ], [ -73.288442, -44.789809 ], [ -73.307485, -44.785903 ], [ -73.32726, -44.796482 ], [ -73.344594, -44.810235 ], [ -73.359975, -44.815037 ], [ -73.402984, -44.813735 ], [ -73.407582, -44.822442 ], [ -73.393137, -44.841404 ], [ -73.365102, -44.868422 ], [ -73.303049, -44.916192 ], [ -73.291412, -44.932387 ], [ -73.275787, -44.939386 ], [ -73.256988, -44.940037 ], [ -73.190053, -44.927423 ], [ -73.14745, -44.911879 ], [ -73.05484, -44.858087 ], [ -73.046986, -44.851007 ], [ -73.039215, -44.835056 ], [ -73.029652, -44.830499 ], [ -73.020009, -44.827813 ], [ -73.015614, -44.823663 ], [ -73.007558, -44.813246 ], [ -72.96817, -44.787693 ], [ -72.87678, -44.741388 ], [ -72.837636, -44.710138 ], [ -72.831288, -44.676528 ], [ -72.847401, -44.667576 ], [ -72.902333, -44.661554 ], [ -72.922922, -44.652765 ], [ -72.942372, -44.640395 ], [ -72.962554, -44.632908 ], [ -72.977447, -44.622328 ], [ -72.980946, -44.601495 ], [ -72.941274, -44.620375 ], [ -72.900787, -44.630955 ], [ -72.813344, -44.636326 ], [ -72.801137, -44.628839 ], [ -72.745188, -44.569513 ], [ -72.729848, -44.548435 ], [ -72.721181, -44.528009 ], [ -72.731068, -44.518976 ], [ -72.746571, -44.50921 ], [ -72.76891, -44.466567 ], [ -72.786285, -44.456801 ], [ -72.809722, -44.453871 ], [ -72.851674, -44.440362 ], [ -72.872304, -44.437107 ], [ -72.905832, -44.452732 ], [ -72.955556, -44.513604 ], [ -72.980946, -44.51214 ], [ -72.933909, -44.450942 ], [ -72.926259, -44.437107 ], [ -72.933217, -44.416925 ], [ -72.953521, -44.394464 ], [ -72.979237, -44.374444 ], [ -73.002024, -44.361261 ], [ -73.020497, -44.374119 ], [ -73.083811, -44.384535 ], [ -73.09081, -44.402276 ], [ -73.08019, -44.413018 ], [ -73.066518, -44.415216 ], [ -73.054799, -44.418634 ], [ -73.049794, -44.433689 ], [ -73.048207, -44.445489 ], [ -73.036204, -44.484796 ], [ -73.050404, -44.471449 ], [ -73.072092, -44.440688 ], [ -73.084584, -44.430271 ], [ -73.099965, -44.427667 ], [ -73.111155, -44.43255 ], [ -73.12267, -44.43434 ], [ -73.134511, -44.433852 ], [ -73.13683, -44.43613 ], [ -73.138417, -44.438735 ], [ -73.13915, -44.443292 ], [ -73.146555, -44.435642 ], [ -73.161, -44.414972 ], [ -73.167104, -44.409112 ], [ -73.210317, -44.408868 ], [ -73.246246, -44.437188 ], [ -73.26122, -44.477227 ], [ -73.241567, -44.51214 ], [ -73.223866, -44.519952 ], [ -73.17276, -44.530938 ], [ -73.149078, -44.532647 ], [ -73.136952, -44.53631 ], [ -73.131581, -44.54518 ], [ -73.132436, -44.556329 ], [ -73.13915, -44.566664 ], [ -73.148997, -44.57171 ], [ -73.159169, -44.570408 ], [ -73.236724, -44.535577 ], [ -73.258656, -44.532647 ], [ -73.280507, -44.541762 ], [ -73.279652, -44.562921 ], [ -73.267445, -44.586033 ], [ -73.255238, -44.601495 ], [ -73.233388, -44.612563 ], [ -73.226186, -44.620538 ], [ -73.231679, -44.632582 ], [ -73.2412, -44.639337 ], [ -73.246449, -44.637302 ], [ -73.251047, -44.631931 ], [ -73.270619, -44.624688 ], [ -73.297434, -44.606134 ], [ -73.310455, -44.601495 ], [ -73.318959, -44.60296 ], [ -73.35143, -44.615167 ], [ -73.359446, -44.608819 ], [ -73.3756, -44.591485 ], [ -73.382476, -44.587823 ] ] } },
{ "type": "Feature", "properties": { "featurecla": "Coastline", "scalerank": 5, "min_zoom": 6.0 }, "geometry": { "type": "LineString", "coordinates": [ [ -73.726471, -44.425063 ], [ -73.708648, -44.433526 ], [ -73.691518, -44.437921 ], [ -73.6787, -44.434503 ], [ -73.673573, -44.41961 ], [ -73.680531, -44.407485 ], [ -73.696685, -44.398207 ], [ -73.728831, -44.388604 ], [ -73.669423, -44.388442 ], [ -73.659983, -44.385512 ], [ -73.656321, -44.370375 ], [ -73.651357, -44.358819 ], [ -73.654124, -44.350844 ], [ -73.673573, -44.346938 ], [ -73.682118, -44.348891 ], [ -73.690175, -44.358982 ], [ -73.697825, -44.361261 ], [ -73.731923, -44.361261 ], [ -73.745961, -44.363702 ], [ -73.789662, -44.38242 ], [ -73.726471, -44.425063 ] ] } },
{ "type": "Feature", "properties": { "featurecla": "Coastline", "scalerank": 3, "min_zoom": 3.0 }, "geometry": { "type": "LineString", "coordinates": [ [ -74.029897, -44.354587 ], [ -74.050038, -44.343845 ], [ -74.070546, -44.329197 ], [ -74.09142, -44.320245 ], [ -74.112416, -44.327244 ], [ -74.105865, -44.338962 ], [ -74.096181, -44.364923 ], [ -74.090688, -44.374933 ], [ -74.081532, -44.383966 ], [ -74.063222, -44.392185 ], [ -74.042958, -44.405694 ], [ -74.031117, -44.409356 ], [ -74.006337, -44.413018 ], [ -73.988026, -44.419041 ], [ -73.9405, -44.450616 ], [ -73.928863, -44.431248 ], [ -73.934641, -44.379164 ], [ -73.926829, -44.354587 ], [ -73.950551, -44.348565 ], [ -74.002187, -44.356215 ], [ -74.029897, -44.354587 ] ] } },
{ "type": "Feature", "properties": { "featurecla": "Coastline", "scalerank": 5, "min_zoom": 6.0 }, "geometry": { "type": "LineString", "coordinates": [ [ -73.262807, -44.388442 ], [ -73.176747, -44.374933 ], [ -73.177154, -44.367771 ], [ -73.210561, -44.323826 ], [ -73.214508, -44.323989 ], [ -73.244008, -44.310317 ], [ -73.249013, -44.306736 ], [ -73.258046, -44.309177 ], [ -73.282704, -44.321954 ], [ -73.290028, -44.327244 ], [ -73.302724, -44.349705 ], [ -73.298492, -44.368097 ], [ -73.283193, -44.381524 ], [ -73.262807, -44.388442 ] ] } },
{ "type": "Feature", "properties": { "featurecla": "Coastline", "scalerank": 5, "min_zoom": 6.0 }, "geometry": { "type": "LineString", "coordinates": [ [ -73.865387, -44.33408 ], [ -73.83849, -44.332289 ], [ -73.807485, -44.325128 ], [ -73.789052, -44.309503 ], [ -73.803456, -44.275567 ], [ -73.803822, -44.270115 ], [ -73.805653, -44.266371 ], [ -73.813832, -44.265069 ], [ -73.820424, -44.266046 ], [ -73.828196, -44.268324 ], [ -73.834706, -44.271742 ], [ -73.837392, -44.275649 ], [ -73.841217, -44.289809 ], [ -73.851064, -44.296319 ], [ -73.879709, -44.299249 ], [ -73.96288, -44.283787 ], [ -73.97525, -44.289646 ], [ -73.962636, -44.313897 ], [ -73.932485, -44.328546 ], [ -73.896148, -44.334731 ], [ -73.865387, -44.33408 ] ] } },
{ "type": "Feature", "properties": { "featurecla": "Coastline", "scalerank": 6, "min_zoom": 6.0 }, "geometry": { "type": "LineString", "coordinates": [ [ -74.386627, -44.249933 ], [ -74.403472, -44.25449 ], [ -74.411529, -44.258559 ], [ -74.41686, -44.264907 ], [ -74.409901, -44.284438 ], [ -74.377065, -44.292576 ], [ -74.33845, -44.296319 ], [ -74.314117, -44.302992 ], [ -74.298166, -44.309503 ], [ -74.290028, -44.297296 ], [ -74.291331, -44.276788 ], [ -74.303578, -44.258233 ], [ -74.322011, -44.249444 ], [ -74.343902, -44.246189 ], [ -74.366526, -44.246759 ], [ -74.386627, -44.249933 ] ] } },
{ "type": "Feature", "properties": { "featurecla": "Coastline", "scalerank": 5, "min_zoom": 6.0 }, "geometry": { "type": "LineString", "coordinates": [ [ -73.741851, -44.265069 ], [ -73.753163, -44.252862 ], [ -73.759674, -44.262872 ], [ -73.757395, -44.282403 ], [ -73.741851, -44.299249 ], [ -73.722035, -44.30283 ], [ -73.696889, -44.293145 ], [ -73.675364, -44.277927 ], [ -73.666168, -44.265069 ], [ -73.675689, -44.241306 ], [ -73.698354, -44.241876 ], [ -73.741851, -44.265069 ] ] } },
{ "type": "Feature", "properties": { "featurecla": "Coastline", "scalerank": 3, "min_zoom": 3.0 }, "geometry": { "type": "LineString", "coordinates": [ [ -74.108713, -44.227472 ], [ -74.102162, -44.240004 ], [ -74.100657, -44.269708 ], [ -74.09439, -44.282403 ], [ -74.043528, -44.320408 ], [ -74.031402, -44.32586 ], [ -74.017934, -44.327732 ], [ -73.989573, -44.327244 ], [ -74.013824, -44.285252 ], [ -74.016225, -44.272556 ], [ -74.009348, -44.257257 ], [ -73.998158, -44.254002 ], [ -73.984853, -44.254002 ], [ -73.971547, -44.248142 ], [ -73.946278, -44.241388 ], [ -73.914174, -44.242364 ], [ -73.893625, -44.239353 ], [ -73.902943, -44.220798 ], [ -73.915151, -44.215265 ], [ -73.984202, -44.20794 ], [ -73.996083, -44.20143 ], [ -74.036366, -44.162286 ], [ -74.04898, -44.152927 ], [ -74.06432, -44.149021 ], [ -74.072865, -44.155043 ], [ -74.068186, -44.168552 ], [ -74.057932, -44.18255 ], [ -74.049713, -44.190037 ], [ -74.049713, -44.196873 ], [ -74.079091, -44.18963 ], [ -74.110504, -44.189142 ], [ -74.126291, -44.200291 ], [ -74.108713, -44.227472 ] ] } },
{ "type": "Feature", "properties": { "featurecla": "Coastline", "scalerank": 6, "min_zoom": 6.0 }, "geometry": { "type": "LineString", "coordinates": [ [ -74.276967, -44.149021 ], [ -74.286122, -44.145196 ], [ -74.296213, -44.143324 ], [ -74.357818, -44.145603 ], [ -74.377268, -44.150567 ], [ -74.385569, -44.159601 ], [ -74.337392, -44.189874 ], [ -74.266347, -44.176935 ], [ -74.258168, -44.17311 ], [ -74.26122, -44.164483 ], [ -74.269521, -44.155043 ], [ -74.276967, -44.149021 ] ] } },
{ "type": "Feature", "properties": { "featurecla": "Coastline", "scalerank": 5, "min_zoom": 6.0 }, "geometry": { "type": "LineString", "coordinates": [ [ -73.882802, -44.118341 ], [ -73.917633, -44.098403 ], [ -73.952707, -44.10475 ], [ -74.016225, -44.142836 ], [ -73.988759, -44.17018 ], [ -73.952382, -44.186293 ], [ -73.911448, -44.194106 ], [ -73.870351, -44.196547 ], [ -73.859202, -44.194757 ], [ -73.846262, -44.190199 ], [ -73.835683, -44.183038 ], [ -73.831207, -44.172947 ], [ -73.832265, -44.160821 ], [ -73.835683, -44.158136 ], [ -73.841908, -44.158624 ], [ -73.851715, -44.155857 ], [ -73.859364, -44.155043 ], [ -73.865549, -44.158624 ], [ -73.871734, -44.160821 ], [ -73.879709, -44.155857 ], [ -73.880971, -44.152276 ], [ -73.880442, -44.148045 ], [ -73.87857, -44.144301 ], [ -73.875885, -44.142836 ], [ -73.864613, -44.139255 ], [ -73.867909, -44.13128 ], [ -73.882802, -44.118341 ] ] } },
{ "type": "Feature", "properties": { "featurecla": "Coastline", "scalerank": 6, "min_zoom": 6.0 }, "geometry": { "type": "LineString", "coordinates": [ [ -74.297353, -44.011895 ], [ -74.311838, -44.01393 ], [ -74.316803, -44.016534 ], [ -74.314524, -44.021173 ], [ -74.306996, -44.029229 ], [ -74.298329, -44.031915 ], [ -74.207997, -44.019301 ], [ -74.277415, -44.011895 ], [ -74.297353, -44.011895 ] ] } },
{ "type": "Feature", "properties": { "featurecla": "Coastline", "scalerank": 6, "min_zoom": 5.0 }, "geometry": { "type": "LineString", "coordinates": [ [ -73.744985, -43.953546 ], [ -73.754954, -43.97088 ], [ -73.754994, -43.985284 ], [ -73.748402, -43.997654 ], [ -73.738433, -44.008477 ], [ -73.733551, -44.017511 ], [ -73.731801, -44.038181 ], [ -73.728831, -44.046563 ], [ -73.723988, -44.05047 ], [ -73.709055, -44.056248 ], [ -73.683461, -44.070408 ], [ -73.671946, -44.080743 ], [ -73.668121, -44.094415 ], [ -73.673573, -44.114923 ], [ -73.665435, -44.129815 ], [ -73.650543, -44.131931 ], [ -73.633412, -44.123793 ], [ -73.619008, -44.108087 ], [ -73.610219, -44.085138 ], [ -73.616444, -44.072524 ], [ -73.646311, -44.053399 ], [ -73.655507, -44.037367 ], [ -73.648997, -44.02809 ], [ -73.639272, -44.019464 ], [ -73.638824, -44.00506 ], [ -73.650014, -43.991388 ], [ -73.669016, -43.978123 ], [ -73.690012, -43.968032 ], [ -73.707672, -43.964044 ], [ -73.701894, -43.944431 ], [ -73.711334, -43.937188 ], [ -73.728342, -43.940688 ], [ -73.744985, -43.953546 ] ] } },
{ "type": "Feature", "properties": { "featurecla": "Coastline", "scalerank": 5, "min_zoom": 6.0 }, "geometry": { "type": "LineString", "coordinates": [ [ -73.227935, -44.011895 ], [ -73.218251, -44.018243 ], [ -73.203277, -44.023614 ], [ -73.187001, -44.026544 ], [ -73.173329, -44.025567 ], [ -73.151601, -44.015802 ], [ -73.151763, -44.007908 ], [ -73.161204, -43.997735 ], [ -73.167104, -43.981541 ], [ -73.163726, -43.971287 ], [ -73.148793, -43.945245 ], [ -73.145375, -43.933282 ], [ -73.140777, -43.903578 ], [ -73.144276, -43.892511 ], [ -73.159657, -43.881524 ], [ -73.184722, -43.87949 ], [ -73.217519, -43.888116 ], [ -73.249664, -43.903009 ], [ -73.272613, -43.919366 ], [ -73.284169, -43.935724 ], [ -73.286488, -43.950128 ], [ -73.282582, -43.981541 ], [ -73.275136, -43.994073 ], [ -73.239817, -44.001397 ], [ -73.227935, -44.011895 ] ] } },
{ "type": "Feature", "properties": { "featurecla": "Coastline", "scalerank": 5, "min_zoom": 3.0 }, "geometry": { "type": "LineString", "coordinates": [ [ -74.143938, -43.827551 ], [ -74.149112, -43.844044 ], [ -74.166168, -43.853774 ], [ -74.167063, -43.861017 ], [ -74.166371, -43.872979 ], [ -74.165395, -43.875095 ], [ -74.160878, -43.876397 ], [ -74.149648, -43.885186 ], [ -74.137929, -43.890802 ], [ -74.083852, -43.902032 ], [ -74.051747, -43.894789 ], [ -74.03189, -43.892999 ], [ -74.02302, -43.898614 ], [ -74.021108, -43.908868 ], [ -74.015696, -43.919692 ], [ -74.006988, -43.929783 ], [ -73.995717, -43.9367 ], [ -73.970286, -43.93434 ], [ -73.931711, -43.912856 ], [ -73.906361, -43.909438 ], [ -73.919301, -43.895603 ], [ -73.956288, -43.88128 ], [ -73.97525, -43.867852 ], [ -73.959381, -43.849786 ], [ -73.928456, -43.840753 ], [ -73.893544, -43.840265 ], [ -73.865387, -43.847345 ], [ -73.875356, -43.858331 ], [ -73.904164, -43.859959 ], [ -73.913197, -43.867852 ], [ -73.90746, -43.873712 ], [ -73.872182, -43.88893 ], [ -73.846506, -43.89186 ], [ -73.762318, -43.88893 ], [ -73.775136, -43.855727 ], [ -73.793324, -43.829034 ], [ -73.858225, -43.766778 ], [ -73.865102, -43.762628 ], [ -73.866038, -43.770196 ], [ -73.865387, -43.789321 ], [ -73.877919, -43.792169 ], [ -73.902821, -43.793715 ], [ -73.920969, -43.799249 ], [ -73.913197, -43.813246 ], [ -73.96735, -43.828834 ], [ -73.995796, -43.813903 ], [ -74.045245, -43.796094 ], [ -74.11652, -43.8096 ], [ -74.143938, -43.827551 ] ] } },
{ "type": "Feature", "properties": { "featurecla": "Coastline", "scalerank": 5, "min_zoom": 3.0 }, "geometry": { "type": "LineString", "coordinates": [ [ -74.818186, -43.635024 ], [ -74.789888, -43.658271 ], [ -74.775427, -43.674631 ], [ -74.758455, -43.676949 ], [ -74.738209, -43.671651 ], [ -74.722673, -43.652906 ], [ -74.672733, -43.639392 ], [ -74.57843, -43.635653 ], [ -74.557486, -43.62741 ], [ -74.582668, -43.597685 ], [ -74.618199, -43.577958 ], [ -74.648247, -43.554006 ], [ -74.68111, -43.553022 ], [ -74.695802, -43.540705 ], [ -74.715251, -43.533099 ], [ -74.7379, -43.530177 ], [ -74.745141, -43.536034 ], [ -74.740938, -43.551283 ], [ -74.744901, -43.565906 ], [ -74.76268, -43.570589 ], [ -74.784416, -43.575297 ], [ -74.810366, -43.566526 ], [ -74.825026, -43.562412 ], [ -74.827332, -43.571793 ], [ -74.824534, -43.594642 ], [ -74.814702, -43.618001 ], [ -74.818186, -43.635024 ] ] } },
{ "type": "Feature", "properties": { "featurecla": "Coastline", "scalerank": 5, "min_zoom": 6.0 }, "geometry": { "type": "LineString", "coordinates": [ [ -73.61148, -42.936212 ], [ -73.596832, -42.939386 ], [ -73.558827, -42.941827 ], [ -73.546702, -42.946873 ], [ -73.534006, -42.95436 ], [ -73.502594, -42.961033 ], [ -73.49177, -42.967218 ], [ -73.472279, -42.984552 ], [ -73.450063, -42.993748 ], [ -73.423818, -42.997491 ], [ -73.392201, -42.998224 ], [ -73.386342, -42.995864 ], [ -73.38036, -42.992771 ], [ -73.373525, -42.990411 ], [ -73.365102, -42.990818 ], [ -73.384511, -42.970636 ], [ -73.420644, -42.955662 ], [ -73.460561, -42.946384 ], [ -73.49177, -42.943048 ], [ -73.552805, -42.918634 ], [ -73.58845, -42.913507 ], [ -73.61148, -42.936212 ] ] } },
{ "type": "Feature", "properties": { "featurecla": "Coastline", "scalerank": 6, "min_zoom": 5.0 }, "geometry": { "type": "LineString", "coordinates": [ [ -73.604726, -42.579278 ], [ -73.620961, -42.568048 ], [ -73.633941, -42.571954 ], [ -73.646881, -42.581476 ], [ -73.663075, -42.586684 ], [ -73.738433, -42.59295 ], [ -73.755035, -42.59881 ], [ -73.748931, -42.612237 ], [ -73.733388, -42.626397 ], [ -73.721425, -42.634535 ], [ -73.705556, -42.628106 ], [ -73.689117, -42.624119 ], [ -73.672353, -42.622654 ], [ -73.655263, -42.623793 ], [ -73.61677, -42.638767 ], [ -73.607167, -42.637384 ], [ -73.608469, -42.622247 ], [ -73.599273, -42.593927 ], [ -73.604726, -42.579278 ] ] } },
{ "type": "Feature", "properties": { "featurecla": "Coastline", "scalerank": 5, "min_zoom": 6.0 }, "geometry": { "type": "LineString", "coordinates": [ [ -73.412343, -42.525649 ], [ -73.417388, -42.517673 ], [ -73.519032, -42.425714 ], [ -73.529124, -42.409356 ], [ -73.533844, -42.392348 ], [ -73.543202, -42.379164 ], [ -73.607086, -42.368748 ], [ -73.631012, -42.367934 ], [ -73.646311, -42.373793 ], [ -73.651601, -42.386489 ], [ -73.646108, -42.393243 ], [ -73.637278, -42.398045 ], [ -73.632639, -42.404962 ], [ -73.631337, -42.424737 ], [ -73.629018, -42.435154 ], [ -73.625152, -42.443455 ], [ -73.61266, -42.451837 ], [ -73.569163, -42.46738 ], [ -73.553212, -42.469985 ], [ -73.545155, -42.473077 ], [ -73.509104, -42.491143 ], [ -73.499094, -42.492852 ], [ -73.489084, -42.493422 ], [ -73.479604, -42.495294 ], [ -73.471262, -42.500746 ], [ -73.432037, -42.55462 ], [ -73.421213, -42.563572 ], [ -73.419423, -42.564223 ], [ -73.420806, -42.553399 ], [ -73.420969, -42.547947 ], [ -73.420237, -42.542413 ], [ -73.418324, -42.538344 ], [ -73.413075, -42.529474 ], [ -73.412343, -42.525649 ] ] } },
{ "type": "Feature", "properties": { "featurecla": "Coastline", "scalerank": 6, "min_zoom": 6.0 }, "geometry": { "type": "LineString", "coordinates": [ [ -73.087636, -42.247491 ], [ -73.106068, -42.240981 ], [ -73.123199, -42.252862 ], [ -73.145375, -42.278253 ], [ -73.160471, -42.273126 ], [ -73.176666, -42.250095 ], [ -73.187001, -42.244236 ], [ -73.193918, -42.249119 ], [ -73.192494, -42.260837 ], [ -73.187489, -42.272719 ], [ -73.183502, -42.278253 ], [ -73.181996, -42.282973 ], [ -73.171051, -42.292901 ], [ -73.158762, -42.301528 ], [ -73.152821, -42.302423 ], [ -73.141591, -42.313735 ], [ -73.1162, -42.310317 ], [ -73.089223, -42.299574 ], [ -73.073232, -42.288995 ], [ -73.069203, -42.277927 ], [ -73.072255, -42.26686 ], [ -73.079457, -42.256606 ], [ -73.087636, -42.247491 ] ] } },
{ "type": "Feature", "properties": { "featurecla": "Coastline", "scalerank": 6, "min_zoom": 5.0 }, "geometry": { "type": "LineString", "coordinates": [ [ -72.542714, -42.141046 ], [ -72.518178, -42.150649 ], [ -72.508046, -42.13893 ], [ -72.506581, -42.116388 ], [ -72.509267, -42.073337 ], [ -72.51476, -42.060479 ], [ -72.529856, -42.053643 ], [ -72.559722, -42.05169 ], [ -72.574941, -42.057387 ], [ -72.594228, -42.071466 ], [ -72.610748, -42.088474 ], [ -72.617787, -42.103611 ], [ -72.607981, -42.111912 ], [ -72.542714, -42.141046 ] ] } },
{ "type": "Feature", "properties": { "featurecla": "Coastline", "scalerank": 3, "min_zoom": 0.0 }, "geometry": { "type": "LineString", "coordinates": [ [ -74.334625, -43.281671 ], [ -74.315053, -43.296645 ], [ -74.293381, -43.319965 ], [ -74.248514, -43.326702 ], [ -74.215225, -43.330125 ], [ -74.200956, -43.345503 ], [ -74.165573, -43.341974 ], [ -74.129954, -43.356866 ], [ -74.115861, -43.370053 ], [ -74.097998, -43.394824 ], [ -74.084948, -43.401628 ], [ -74.079234, -43.376753 ], [ -74.053379, -43.362936 ], [ -74.026238, -43.364523 ], [ -74.003733, -43.374695 ], [ -73.99182, -43.388334 ], [ -73.973112, -43.369407 ], [ -73.955468, -43.365881 ], [ -73.92953, -43.364899 ], [ -73.917616, -43.375971 ], [ -73.906829, -43.392172 ], [ -73.889047, -43.400626 ], [ -73.877004, -43.421959 ], [ -73.847491, -43.423483 ], [ -73.833455, -43.413969 ], [ -73.827713, -43.401943 ], [ -73.81347, -43.408684 ], [ -73.800482, -43.409444 ], [ -73.798366, -43.391439 ], [ -73.800922, -43.376904 ], [ -73.799976, -43.359776 ], [ -73.77599, -43.368259 ], [ -73.761057, -43.372817 ], [ -73.748985, -43.385144 ], [ -73.731109, -43.39264 ], [ -73.70758, -43.388169 ], [ -73.681732, -43.381102 ], [ -73.669014, -43.363847 ], [ -73.671625, -43.351052 ], [ -73.695444, -43.339318 ], [ -73.710317, -43.327325 ], [ -73.731543, -43.316731 ], [ -73.704779, -43.316576 ], [ -73.680213, -43.31724 ], [ -73.665808, -43.309844 ], [ -73.666047, -43.294407 ], [ -73.675203, -43.279842 ], [ -73.697621, -43.258233 ], [ -73.710683, -43.247491 ], [ -73.728261, -43.239028 ], [ -73.744985, -43.226983 ], [ -73.754557, -43.209344 ], [ -73.750076, -43.193306 ], [ -73.745685, -43.170396 ], [ -73.757123, -43.136251 ], [ -73.775746, -43.118097 ], [ -73.763824, -43.109633 ], [ -73.738515, -43.106866 ], [ -73.73351, -43.122654 ], [ -73.728098, -43.134373 ], [ -73.721425, -43.141697 ], [ -73.650868, -43.128839 ], [ -73.612416, -43.110772 ], [ -73.587961, -43.106866 ], [ -73.568674, -43.1124 ], [ -73.546946, -43.123142 ], [ -73.524281, -43.131036 ], [ -73.502309, -43.128025 ], [ -73.490061, -43.10003 ], [ -73.528686, -43.07347 ], [ -73.568244, -43.053746 ], [ -73.611741, -43.049549 ], [ -73.608793, -43.035606 ], [ -73.587554, -43.034275 ], [ -73.546702, -43.051202 ], [ -73.522776, -43.052911 ], [ -73.570546, -42.990818 ], [ -73.57372, -42.980401 ], [ -73.573801, -42.971775 ], [ -73.577382, -42.965753 ], [ -73.591054, -42.963556 ], [ -73.613352, -42.964614 ], [ -73.621816, -42.962009 ], [ -73.628774, -42.944106 ], [ -73.637074, -42.942315 ], [ -73.646392, -42.941664 ], [ -73.653147, -42.936212 ], [ -73.653961, -42.928643 ], [ -73.64802, -42.914646 ], [ -73.646311, -42.90545 ], [ -73.65392, -42.897638 ], [ -73.707672, -42.874688 ], [ -73.707672, -42.867364 ], [ -73.682281, -42.872328 ], [ -73.649729, -42.883233 ], [ -73.62206, -42.886326 ], [ -73.61148, -42.867364 ], [ -73.585601, -42.877211 ], [ -73.571889, -42.879978 ], [ -73.531117, -42.880955 ], [ -73.509511, -42.877699 ], [ -73.494293, -42.866795 ], [ -73.488637, -42.843683 ], [ -73.491933, -42.818617 ], [ -73.501454, -42.801528 ], [ -73.516672, -42.789239 ], [ -73.576039, -42.757013 ], [ -73.597768, -42.748142 ], [ -73.62206, -42.744399 ], [ -73.632436, -42.740655 ], [ -73.641469, -42.73211 ], [ -73.673573, -42.689142 ], [ -73.677846, -42.686293 ], [ -73.689198, -42.676853 ], [ -73.698842, -42.666599 ], [ -73.697825, -42.661798 ], [ -73.7235, -42.661228 ], [ -73.735341, -42.658298 ], [ -73.764719, -42.637302 ], [ -73.788889, -42.6242 ], [ -73.809153, -42.608657 ], [ -73.816965, -42.586684 ], [ -73.813547, -42.576349 ], [ -73.79955, -42.555108 ], [ -73.796498, -42.541762 ], [ -73.800893, -42.53574 ], [ -73.820058, -42.523533 ], [ -73.824452, -42.514418 ], [ -73.818186, -42.493097 ], [ -73.802602, -42.47796 ], [ -73.762318, -42.457127 ], [ -73.755523, -42.463149 ], [ -73.769399, -42.486993 ], [ -73.777455, -42.497003 ], [ -73.789662, -42.504164 ], [ -73.77481, -42.522068 ], [ -73.753733, -42.533624 ], [ -73.730092, -42.539239 ], [ -73.707672, -42.538344 ], [ -73.623118, -42.516209 ], [ -73.61148, -42.511651 ], [ -73.628041, -42.498468 ], [ -73.665639, -42.482843 ], [ -73.680409, -42.469985 ], [ -73.688547, -42.452732 ], [ -73.685414, -42.441339 ], [ -73.678131, -42.428888 ], [ -73.673573, -42.407973 ], [ -73.67691, -42.393976 ], [ -73.682362, -42.38242 ], [ -73.681549, -42.37005 ], [ -73.666168, -42.354099 ], [ -73.650543, -42.345473 ], [ -73.591664, -42.326104 ], [ -73.572418, -42.323012 ], [ -73.509104, -42.326104 ], [ -73.486887, -42.321222 ], [ -73.453359, -42.303155 ], [ -73.43342, -42.299412 ], [ -73.424387, -42.30169 ], [ -73.402903, -42.309666 ], [ -73.396108, -42.309015 ], [ -73.389638, -42.301446 ], [ -73.384755, -42.293064 ], [ -73.378774, -42.278253 ], [ -73.374013, -42.25742 ], [ -73.3756, -42.240004 ], [ -73.384104, -42.226251 ], [ -73.39981, -42.216241 ], [ -73.395253, -42.209731 ], [ -73.389882, -42.199884 ], [ -73.38622, -42.195733 ], [ -73.457428, -42.166111 ], [ -73.489084, -42.145603 ], [ -73.502309, -42.116632 ], [ -73.494374, -42.103285 ], [ -73.457916, -42.089125 ], [ -73.447011, -42.079685 ], [ -73.447499, -42.06227 ], [ -73.456451, -42.044366 ], [ -73.470204, -42.030206 ], [ -73.485219, -42.024509 ], [ -73.496938, -42.017185 ], [ -73.533315, -41.966078 ], [ -73.549062, -41.958429 ], [ -73.567698, -41.953383 ], [ -73.57844, -41.945489 ], [ -73.570546, -41.928806 ], [ -73.56078, -41.925714 ], [ -73.549794, -41.928399 ], [ -73.540761, -41.928806 ], [ -73.535634, -41.914239 ], [ -73.530263, -41.906915 ], [ -73.529612, -41.901544 ], [ -73.532094, -41.897231 ], [ -73.541249, -41.889744 ], [ -73.545481, -41.876642 ], [ -73.548695, -41.873712 ], [ -73.547678, -41.87005 ], [ -73.537017, -41.860528 ], [ -73.529693, -41.856378 ], [ -73.502309, -41.846856 ], [ -73.502309, -41.84002 ], [ -73.510813, -41.835056 ], [ -73.519521, -41.833103 ], [ -73.52831, -41.834649 ], [ -73.537017, -41.84002 ], [ -73.554555, -41.815525 ], [ -73.564931, -41.804946 ], [ -73.577992, -41.798517 ], [ -73.590443, -41.797784 ], [ -73.606068, -41.800388 ], [ -73.619496, -41.806329 ], [ -73.634674, -41.83294 ], [ -73.655995, -41.827325 ], [ -73.678334, -41.814142 ], [ -73.690989, -41.809015 ], [ -73.707631, -41.820896 ], [ -73.745961, -41.837009 ], [ -73.777415, -41.858087 ], [ -73.77599, -41.870375 ], [ -73.763661, -41.886 ], [ -73.760325, -41.896254 ], [ -73.769846, -41.901544 ], [ -73.777211, -41.89129 ], [ -73.800771, -41.87127 ], [ -73.825836, -41.856866 ], [ -73.837392, -41.863702 ], [ -73.846059, -41.887384 ], [ -73.866038, -41.892267 ], [ -73.888987, -41.88714 ], [ -73.906361, -41.881036 ], [ -73.983551, -41.866469 ], [ -73.995717, -41.85711 ], [ -73.999379, -41.85117 ], [ -74.006174, -41.845147 ], [ -74.009389, -41.837579 ], [ -74.002553, -41.82643 ], [ -73.993276, -41.821222 ], [ -73.983062, -41.820896 ], [ -73.961578, -41.82643 ], [ -73.919342, -41.842543 ], [ -73.896108, -41.842706 ], [ -73.885894, -41.822686 ], [ -73.890248, -41.805108 ], [ -73.901479, -41.790623 ], [ -73.917063, -41.782647 ], [ -73.934316, -41.784845 ], [ -73.934926, -41.787856 ], [ -73.940785, -41.803888 ], [ -73.943918, -41.809015 ], [ -73.949859, -41.812188 ], [ -73.954579, -41.810724 ], [ -73.959055, -41.807712 ], [ -73.96996, -41.803806 ], [ -73.98884, -41.794529 ], [ -73.999135, -41.79225 ], [ -74.009185, -41.787693 ], [ -74.015289, -41.778416 ], [ -74.022572, -41.770685 ], [ -74.036041, -41.771173 ], [ -74.039784, -41.776625 ], [ -74.045522, -41.78753 ], [ -74.053456, -41.798923 ], [ -74.064036, -41.805922 ], [ -74.062245, -41.820001 ], [ -74.062082, -41.833266 ], [ -74.056793, -41.843032 ], [ -74.039784, -41.846856 ], [ -74.030588, -41.853123 ], [ -74.020416, -41.866876 ], [ -74.008778, -41.887872 ], [ -74.009145, -41.900811 ], [ -74.012359, -41.90781 ], [ -74.026438, -41.918878 ], [ -74.032094, -41.920994 ], [ -74.044586, -41.926935 ], [ -74.05309, -41.933282 ], [ -74.04662, -41.936293 ], [ -74.055287, -41.945001 ], [ -74.058746, -41.965265 ], [ -74.058827, -41.987888 ], [ -74.049916, -42.040623 ], [ -74.04662, -42.048598 ], [ -74.045277, -42.057794 ], [ -74.051747, -42.069268 ], [ -74.059967, -42.080743 ], [ -74.064036, -42.089532 ], [ -74.056337, -42.112295 ], [ -74.053336, -42.130345 ], [ -74.069529, -42.152875 ], [ -74.123395, -42.194807 ], [ -74.1471, -42.216524 ], [ -74.159503, -42.241298 ], [ -74.168774, -42.265327 ], [ -74.159542, -42.290117 ], [ -74.143216, -42.318648 ], [ -74.153846, -42.361516 ], [ -74.189618, -42.431906 ], [ -74.189658, -42.452604 ], [ -74.184713, -42.463876 ], [ -74.182965, -42.483402 ], [ -74.190446, -42.496904 ], [ -74.193728, -42.514189 ], [ -74.185587, -42.520982 ], [ -74.174176, -42.524009 ], [ -74.167063, -42.52809 ], [ -74.165273, -42.539239 ], [ -74.161204, -42.546482 ], [ -74.156646, -42.552341 ], [ -74.153391, -42.558852 ], [ -74.144285, -42.57818 ], [ -74.136851, -42.603775 ], [ -74.128382, -42.641136 ], [ -74.127507, -42.671133 ], [ -74.131391, -42.692982 ], [ -74.138888, -42.703899 ], [ -74.153876, -42.710225 ], [ -74.161389, -42.718405 ], [ -74.148958, -42.732125 ], [ -74.146542, -42.747628 ], [ -74.150357, -42.758553 ], [ -74.170437, -42.766696 ], [ -74.170534, -42.783109 ], [ -74.161818, -42.79225 ], [ -74.156876, -42.804114 ], [ -74.166975, -42.816857 ], [ -74.172061, -42.828703 ], [ -74.1621, -42.840574 ], [ -74.162212, -42.859721 ], [ -74.167363, -42.882514 ], [ -74.182534, -42.903478 ], [ -74.211537, -42.912042 ], [ -74.223053, -42.913263 ], [ -74.232249, -42.916681 ], [ -74.232673, -42.928905 ], [ -74.225253, -42.938055 ], [ -74.215309, -42.946291 ], [ -74.211652, -42.963627 ], [ -74.219248, -42.977298 ], [ -74.246843, -42.98091 ], [ -74.25565, -42.990917 ], [ -74.249452, -43.002784 ], [ -74.228207, -43.010119 ], [ -74.22952, -43.022877 ], [ -74.2396, -43.032893 ], [ -74.257299, -43.046586 ], [ -74.28009, -43.068489 ], [ -74.299018, -43.07579 ], [ -74.31785, -43.072119 ], [ -74.330637, -43.08766 ], [ -74.338368, -43.10003 ], [ -74.334055, -43.110284 ], [ -74.324208, -43.118341 ], [ -74.307874, -43.124767 ], [ -74.311714, -43.137516 ], [ -74.329701, -43.142836 ], [ -74.353831, -43.15309 ], [ -74.358795, -43.15838 ], [ -74.358391, -43.177415 ], [ -74.375539, -43.217011 ], [ -74.403066, -43.230727 ], [ -74.407216, -43.237888 ], [ -74.40099, -43.260431 ], [ -74.379506, -43.269301 ], [ -74.36332, -43.291731 ], [ -74.334625, -43.281671 ] ] } },
{ "type": "Feature", "properties": { "featurecla": "Coastline", "scalerank": 6, "min_zoom": 5.0 }, "geometry": { "type": "LineString", "coordinates": [ [ -73.087636, -41.843438 ], [ -73.07665, -41.851332 ], [ -73.063547, -41.855645 ], [ -73.036204, -41.860528 ], [ -73.009633, -41.85768 ], [ -73.003, -41.844334 ], [ -73.010243, -41.826104 ], [ -73.025543, -41.809015 ], [ -73.053375, -41.747166 ], [ -73.066884, -41.736993 ], [ -73.085805, -41.747817 ], [ -73.084706, -41.772068 ], [ -73.070221, -41.812107 ], [ -73.07433, -41.818536 ], [ -73.081939, -41.827081 ], [ -73.088124, -41.836033 ], [ -73.087636, -41.843438 ] ] } },
{ "type": "Feature", "properties": { "featurecla": "Coastline", "scalerank": 6, "min_zoom": 6.0 }, "geometry": { "type": "LineString", "coordinates": [ [ -73.037179, -54.456461 ], [ -72.972841, -54.445012 ], [ -72.957579, -54.44659 ], [ -72.953784, -54.456858 ], [ -72.965348, -54.466827 ], [ -72.975338, -54.487027 ], [ -72.989115, -54.495697 ], [ -73.012883, -54.490107 ], [ -73.038981, -54.485754 ], [ -73.057012, -54.493037 ], [ -73.085707, -54.494997 ], [ -73.098314, -54.485808 ], [ -73.077603, -54.470935 ], [ -73.054718, -54.456104 ], [ -73.037179, -54.456461 ] ] } },
{ "type": "Feature", "properties": { "featurecla": "Coastline", "scalerank": 6, "min_zoom": 6.0 }, "geometry": { "type": "LineString", "coordinates": [ [ -70.402603, -54.078633 ], [ -70.36018, -54.070918 ], [ -70.340022, -54.057906 ], [ -70.313253, -54.05275 ], [ -70.293302, -54.068475 ], [ -70.291237, -54.093304 ], [ -70.298143, -54.125953 ], [ -70.322876, -54.150725 ], [ -70.349656, -54.155874 ], [ -70.405134, -54.150442 ], [ -70.467115, -54.124096 ], [ -70.513691, -54.091286 ], [ -70.504835, -54.073039 ], [ -70.480451, -54.069214 ], [ -70.436079, -54.085057 ], [ -70.402603, -54.078633 ] ] } },
{ "type": "Feature", "properties": { "featurecla": "Coastline", "scalerank": 6, "min_zoom": 6.0 }, "geometry": { "type": "LineString", "coordinates": [ [ -70.686814, -52.84739 ], [ -70.631737, -52.832657 ], [ -70.619252, -52.843384 ], [ -70.634985, -52.853595 ], [ -70.649235, -52.876957 ], [ -70.676266, -52.89483 ], [ -70.725155, -52.913608 ], [ -70.764442, -52.915476 ], [ -70.78974, -52.900541 ], [ -70.769452, -52.887803 ], [ -70.731438, -52.868847 ], [ -70.686814, -52.84739 ] ] } },
{ "type": "Feature", "properties": { "featurecla": "Coastline", "scalerank": 6, "min_zoom": 6.0 }, "geometry": { "type": "LineString", "coordinates": [ [ -74.427757, -52.503662 ], [ -74.45071, -52.529277 ], [ -74.466545, -52.53559 ], [ -74.491572, -52.551811 ], [ -74.48196, -52.570765 ], [ -74.459788, -52.590085 ], [ -74.419408, -52.609082 ], [ -74.369305, -52.629196 ], [ -74.349257, -52.622981 ], [ -74.35444, -52.599924 ], [ -74.361998, -52.571706 ], [ -74.382065, -52.543138 ], [ -74.394198, -52.519903 ], [ -74.415313, -52.504874 ], [ -74.427757, -52.503662 ] ] } },
{ "type": "Feature", "properties": { "featurecla": "Coastline", "scalerank": 6, "min_zoom": 5.0 }, "geometry": { "type": "LineString", "coordinates": [ [ -74.476368, -52.309667 ], [ -74.484012, -52.328167 ], [ -74.469064, -52.353011 ], [ -74.487852, -52.376812 ], [ -74.488887, -52.389907 ], [ -74.452322, -52.394783 ], [ -74.461495, -52.413241 ], [ -74.461883, -52.437593 ], [ -74.482233, -52.441658 ], [ -74.508701, -52.42585 ], [ -74.53777, -52.404327 ], [ -74.536449, -52.368736 ], [ -74.528721, -52.329578 ], [ -74.508206, -52.303968 ], [ -74.476368, -52.309667 ] ] } },
{ "type": "Feature", "properties": { "featurecla": "Coastline", "scalerank": 6, "min_zoom": 5.0 }, "geometry": { "type": "LineString", "coordinates": [ [ -73.815143, -51.864059 ], [ -73.790431, -51.853516 ], [ -73.779013, -51.834674 ], [ -73.769535, -51.827595 ], [ -73.739161, -51.832346 ], [ -73.71833, -51.84886 ], [ -73.708987, -51.88302 ], [ -73.697673, -51.907757 ], [ -73.699774, -51.94307 ], [ -73.720753, -51.938316 ], [ -73.711314, -51.95717 ], [ -73.703778, -51.976018 ], [ -73.713451, -51.996007 ], [ -73.738407, -52.011253 ], [ -73.767059, -52.005297 ], [ -73.805119, -51.980471 ], [ -73.837107, -51.943886 ], [ -73.83865, -51.916839 ], [ -73.876828, -51.90139 ], [ -73.913131, -51.900067 ], [ -73.943619, -51.892875 ], [ -73.950977, -51.868127 ], [ -73.979358, -51.838544 ], [ -73.96586, -51.818568 ], [ -73.937112, -51.808113 ], [ -73.900749, -51.803603 ], [ -73.877831, -51.814352 ], [ -73.86067, -51.830949 ], [ -73.828244, -51.85113 ], [ -73.815143, -51.864059 ] ] } },
{ "type": "Feature", "properties": { "featurecla": "Coastline", "scalerank": 6, "min_zoom": 5.0 }, "geometry": { "type": "LineString", "coordinates": [ [ -74.359036, -51.337941 ], [ -74.345053, -51.342353 ], [ -74.328683, -51.357755 ], [ -74.310947, -51.376156 ], [ -74.29651, -51.395389 ], [ -74.306249, -51.417784 ], [ -74.335576, -51.426787 ], [ -74.369845, -51.417845 ], [ -74.396488, -51.413082 ], [ -74.401242, -51.392138 ], [ -74.393477, -51.373551 ], [ -74.412026, -51.367044 ], [ -74.396348, -51.348694 ], [ -74.384279, -51.33619 ], [ -74.359036, -51.337941 ] ] } },
{ "type": "Feature", "properties": { "featurecla": "Coastline", "scalerank": 6, "min_zoom": 5.0 }, "geometry": { "type": "LineString", "coordinates": [ [ -74.970277, -50.287516 ], [ -74.926597, -50.275426 ], [ -74.889258, -50.294923 ], [ -74.928528, -50.336754 ], [ -74.962507, -50.358302 ], [ -74.954447, -50.388154 ], [ -74.976266, -50.432888 ], [ -75.044522, -50.475994 ], [ -75.11166, -50.468965 ], [ -75.171581, -50.46215 ], [ -75.168505, -50.430384 ], [ -75.121178, -50.382086 ], [ -75.071702, -50.347515 ], [ -74.970277, -50.287516 ] ] } },
{ "type": "Feature", "properties": { "featurecla": "Coastline", "scalerank": 6, "min_zoom": 5.0 }, "geometry": { "type": "LineString", "coordinates": [ [ -74.426015, -49.614923 ], [ -74.415395, -49.623793 ], [ -74.397003, -49.618422 ], [ -74.379547, -49.606134 ], [ -74.371816, -49.593683 ], [ -74.29308, -49.55462 ], [ -74.287994, -49.548435 ], [ -74.293609, -49.538751 ], [ -74.29898, -49.532322 ], [ -74.306915, -49.51865 ], [ -74.353139, -49.465265 ], [ -74.371816, -49.453383 ], [ -74.383331, -49.451918 ], [ -74.397003, -49.451837 ], [ -74.408559, -49.448012 ], [ -74.41336, -49.435724 ], [ -74.417714, -49.430759 ], [ -74.427032, -49.426528 ], [ -74.436431, -49.427016 ], [ -74.440704, -49.435724 ], [ -74.442616, -49.455499 ], [ -74.444936, -49.465102 ], [ -74.44811, -49.473891 ], [ -74.453521, -49.481052 ], [ -74.460805, -49.487074 ], [ -74.466786, -49.493422 ], [ -74.468617, -49.501153 ], [ -74.463735, -49.508884 ], [ -74.437611, -49.52516 ], [ -74.434071, -49.534275 ], [ -74.440175, -49.551039 ], [ -74.433095, -49.572524 ], [ -74.435292, -49.602797 ], [ -74.426015, -49.614923 ] ] } },
{ "type": "Feature", "properties": { "featurecla": "Coastline", "scalerank": 6, "min_zoom": 5.0 }, "geometry": { "type": "LineString", "coordinates": [ [ -74.649865, -47.797742 ], [ -74.628703, -47.800784 ], [ -74.595483, -47.804829 ], [ -74.55779, -47.806839 ], [ -74.526181, -47.812868 ], [ -74.520179, -47.838069 ], [ -74.524671, -47.868351 ], [ -74.54574, -47.872414 ], [ -74.593972, -47.864389 ], [ -74.621195, -47.878565 ], [ -74.624286, -47.904864 ], [ -74.621317, -47.921057 ], [ -74.644016, -47.92311 ], [ -74.659094, -47.901872 ], [ -74.67423, -47.89076 ], [ -74.687796, -47.862438 ], [ -74.68923, -47.834117 ], [ -74.68917, -47.813894 ], [ -74.649865, -47.797742 ] ] } },
{ "type": "Feature", "properties": { "featurecla": "Coastline", "scalerank": 6, "min_zoom": 5.0 }, "geometry": { "type": "LineString", "coordinates": [ [ -75.323147, -46.685089 ], [ -75.281583, -46.683906 ], [ -75.2521, -46.681531 ], [ -75.219107, -46.674402 ], [ -75.173992, -46.677964 ], [ -75.146199, -46.697015 ], [ -75.135713, -46.726811 ], [ -75.121802, -46.747034 ], [ -75.132214, -46.777995 ], [ -75.161776, -46.781579 ], [ -75.206967, -46.751811 ], [ -75.250445, -46.743457 ], [ -75.266062, -46.724392 ], [ -75.307658, -46.713657 ], [ -75.342252, -46.701737 ], [ -75.323147, -46.685089 ] ] } },
{ "type": "Feature", "properties": { "featurecla": "Coastline", "scalerank": 6, "min_zoom": 6.0 }, "geometry": { "type": "LineString", "coordinates": [ [ -74.253361, -43.350392 ], [ -74.274053, -43.361231 ], [ -74.27326, -43.370391 ], [ -74.2761, -43.389804 ], [ -74.281133, -43.407601 ], [ -74.284026, -43.417838 ], [ -74.266192, -43.424782 ], [ -74.257307, -43.427452 ], [ -74.252163, -43.417744 ], [ -74.24701, -43.413421 ], [ -74.230726, -43.41337 ], [ -74.230773, -43.405828 ], [ -74.246364, -43.399955 ], [ -74.251644, -43.388652 ], [ -74.246571, -43.370312 ], [ -74.247419, -43.35253 ], [ -74.253361, -43.350392 ] ] } },
{ "type": "Feature", "properties": { "featurecla": "Coastline", "scalerank": 6, "min_zoom": 6.0 }, "geometry": { "type": "LineString", "coordinates": [ [ -73.691092, -43.188156 ], [ -73.714604, -43.180219 ], [ -73.72669, -43.191686 ], [ -73.718524, -43.215981 ], [ -73.688214, -43.231187 ], [ -73.661238, -43.244796 ], [ -73.646979, -43.229241 ], [ -73.656422, -43.196 ], [ -73.672115, -43.190441 ], [ -73.691092, -43.188156 ] ] } },
{ "type": "Feature", "properties": { "featurecla": "Coastline", "scalerank": 6, "min_zoom": 5.0 }, "geometry": { "type": "LineString", "coordinates": [ [ -73.009192, -42.695259 ], [ -72.995801, -42.69994 ], [ -72.99039, -42.71692 ], [ -72.981657, -42.733851 ], [ -72.958322, -42.737163 ], [ -72.95535, -42.723715 ], [ -72.943922, -42.716233 ], [ -72.930444, -42.72334 ], [ -72.928001, -42.756224 ], [ -72.918815, -42.786532 ], [ -72.936983, -42.792902 ], [ -72.956525, -42.807804 ], [ -72.97029, -42.790957 ], [ -72.984304, -42.761922 ], [ -73.01654, -42.733137 ], [ -73.033616, -42.713886 ], [ -73.030722, -42.696787 ], [ -73.009192, -42.695259 ] ] } },
{ "type": "Feature", "properties": { "featurecla": "Coastline", "scalerank": 6, "min_zoom": 6.0 }, "geometry": { "type": "LineString", "coordinates": [ [ -73.307341, -42.627343 ], [ -73.277532, -42.628187 ], [ -73.274222, -42.628145 ], [ -73.241038, -42.631371 ], [ -73.238951, -42.650826 ], [ -73.260319, -42.658403 ], [ -73.295181, -42.653951 ], [ -73.325198, -42.643341 ], [ -73.356927, -42.629037 ], [ -73.343867, -42.620387 ], [ -73.307341, -42.627343 ] ] } },
{ "type": "Feature", "properties": { "featurecla": "Coastline", "scalerank": 6, "min_zoom": 3.0 }, "geometry": { "type": "LineString", "coordinates": [ [ -73.882436, -38.360772 ], [ -73.930776, -38.323826 ], [ -73.95344, -38.313572 ], [ -73.954823, -38.322442 ], [ -73.949574, -38.339044 ], [ -73.950022, -38.358005 ], [ -73.947011, -38.372817 ], [ -73.927968, -38.396091 ], [ -73.912099, -38.409926 ], [ -73.899241, -38.414239 ], [ -73.892242, -38.413995 ], [ -73.884999, -38.409601 ], [ -73.878163, -38.401462 ], [ -73.871571, -38.386651 ], [ -73.875315, -38.368422 ], [ -73.882436, -38.360772 ] ] } },
{ "type": "Feature", "properties": { "featurecla": "Coastline", "scalerank": 6, "min_zoom": 6.0 }, "geometry": { "type": "LineString", "coordinates": [ [ -73.54083, -36.989441 ], [ -73.532655, -36.973085 ], [ -73.523096, -36.975265 ], [ -73.520348, -36.989441 ], [ -73.520298, -37.005813 ], [ -73.506657, -37.017785 ], [ -73.484793, -37.025409 ], [ -73.469759, -37.036297 ], [ -73.458812, -37.048278 ], [ -73.446494, -37.05917 ], [ -73.462891, -37.054825 ], [ -73.476567, -37.049381 ], [ -73.492961, -37.041765 ], [ -73.51071, -37.050492 ], [ -73.516159, -37.071201 ], [ -73.518884, -37.079922 ], [ -73.52846, -37.069028 ], [ -73.536685, -37.041774 ], [ -73.551685, -37.027621 ], [ -73.543488, -37.018904 ], [ -73.54082, -37.000346 ], [ -73.54083, -36.989441 ] ] } }
]
}
